lipid,logFC,logCPM,LR,PValue,FDR,Transition,type,APIblock3x,APIblock3xcopy,Control3x,Control3xcopy,Blank
TAG(50:2)_FA 18:2,0.6905810529923597,10.019987455287675,2138.5795070573186,0,0,850.8 -> 553.8,TAG2,256660.53613282,256660.53613282,131056.429260267,131056.429260267,102328.20690917
TAG(50:3)_FA 16:0,-0.6088318135566341,13.262288922644375,1749.986813868583,0,0,848.8 -> 575.8,TAG1,1815300.15918045,1815300.15918045,2281445.48193413,2281445.48193413,228067.27600101
TAG(50:3)_FA 18:2,0.7374545802587269,13.740259092192533,2560.4471694860854,0,0,848.8 -> 551.8,TAG2,3497150.5585953,3497150.5585953,1728635.26110841,1728635.26110841,1226713.22949236
TAG(50:4)_FA 16:0,-0.705869882245414,12.19100820242218,2334.595068903936,0,0,846.8 -> 573.8,TAG1,851404.52429249,851404.52429249,1144482.0603642,1144482.0603642,39437.782653818
TAG(52:0)_FA 18:2,-0.7737137144957628,7.989936312684251,2335.685870608338,0,0,880.8 -> 583.8,TAG2,39039.482849128,39039.482849128,55004.823394795,55004.823394795,20486.561508174
TAG(52:1)_FA 18:2,1.0863212730630607,9.643913747562587,5110.1972626552715,0,0,878.8 -> 581.8,TAG2,211030.59594731,211030.59594731,81905.825958255,81905.825958255,90149.22619628
TAG(52:2)_FA 18:0,-0.5683555898388678,12.674378795011856,1522.4189977787655,0,0,876.8 -> 575.8,TAG1,1184956.79052767,1184956.79052767,1448036.84179652,1448036.84179652,275099.878357062
TAG(52:2)_FA 18:2,1.34838407607215,13.191752141490554,8330.62941498094,0,0,876.8 -> 579.8,TAG2,2588449.8085958,2588449.8085958,837761.99804692,837761.99804692,1091937.5898439
TAG(52:3)_FA 18:0,-0.7193878229879546,11.642043074043688,2412.7212842342583,0,0,874.8 -> 573.8,TAG1,574138.34008788,574138.34008788,779038.472473302,779038.472473302,39769.322937007
TAG(52:4)_FA 18:1,-0.6291222240651329,11.774700071298408,1852.053114663621,0,0,872.8 -> 573.8,TAG1,653111.94934075,653111.94934075,832448.40197745,832448.40197745,46705.363189679
TAG(52:4)_FA 20:4,0.6834706694708361,12.4274660977865,2189.0200905871957,0,0,872.8 -> 551.8,TAG2,1371752.7421873,1371752.7421873,703907.568908373,703907.568908373,523350.19726559
TAG(54:0)_FA 20:0,1.34110137766308,9.956773001983356,7768.866439576048,0,0,908.9 -> 579.9,TAG2,265284.37719724,265284.37719724,86294.78686522,86294.78686522,130511.56958007
TAG(54:1)_FA 18:2,1.0385443620928483,8.911419675651741,4440.168622136805,0,0,906.8 -> 609.8,TAG2,118798.967834474,118798.967834474,47661.103271454,47661.103271454,66456.705444316
TAG(54:1)_FA 20:0,0.5957512661839329,10.802812892403042,1630.9641809751156,0,0,906.8 -> 577.8,TAG2,422599.78930639,422599.78930639,230449.1955567,230449.1955567,191977.234008772
TAG(54:1)_FA 20:4,-0.9465070185298488,7.359588288085684,3117.4337632344586,0,0,906.8 -> 585.8,TAG2,22021.861785893,22021.861785893,34975.782501236,34975.782501236,18394.621200559
TAG(54:2)_FA 18:2,1.5651750202876538,12.266244045236855,11017.685024904467,0,0,904.8 -> 607.8,TAG2,1398734.94189452,1398734.94189452,389543.268249489,389543.268249489,605129.36230462
TAG(54:3)_FA 18:2,1.0207635278829958,13.526890909964951,4854.038908779979,0,0,902.8 -> 605.8,TAG2,3173266.8789058,3173266.8789058,1288875.9995117,1288875.9995117,1159490.5710449
TAG(54:3)_FA 20:4,0.8533297781011522,8.87804026199243,3039.6402179196166,0,0,902.8 -> 581.8,TAG2,117933.62915038,117933.62915038,53795.303649888,53795.303649888,52068.043579096
TAG(54:4)_FA 20:4,1.542560678754016,12.289807706719495,10719.35809763056,0,0,900.8 -> 579.8,TAG2,1426085.11621096,1426085.11621096,403434.77050784,403434.77050784,599624.78466816
TAG(54:7)_FA 16:0,1.113642267815273,10.193663378303503,5505.066817419045,0,0,894.8 -> 621.8,TAG1,329090.72143555,329090.72143555,125331.62841797,125331.62841797,100671.34680173
TAG(54:8)_FA 16:1,1.2239749566559477,10.615340651406626,6705.205429835939,0,0,892.7 -> 621.7,TAG1,470036.22998053,470036.22998053,165829.95190435,165829.95190435,103938.42736817
TAG(56:0)_FA 16:0,0.9001508235695478,10.52546859432766,3653.7068376896095,0,0,936.9 -> 663.9,TAG1,359277.08618142,359277.08618142,158650.6900635,158650.6900635,190521.27319329
TAG(56:0)_FA 20:0,1.5338939055157945,10.758909146392341,10333.208910928637,0,0,936.9 -> 607.9,TAG2,485085.05224597,485085.05224597,138055.770568871,138055.770568871,219011.41601566
TAG(56:1)_FA 16:1,0.8043191257593705,10.418817063207813,2914.0601506141093,0,0,934.9 -> 663.9,TAG1,314237.29931623,314237.29931623,148292.23034669,148292.23034669,198525.15490726
TAG(56:1)_FA 18:1,0.5923912774933937,9.204556149942585,1517.582722441631,0,0,934.9 -> 635.9,TAG2,141265.98974607,141265.98974607,77213.784820574,77213.784820574,59345.22393799
TAG(56:1)_FA 20:0,1.5778848238331324,11.119551977307589,11003.602713185062,0,0,934.9 -> 605.896,TAG2,636860.22827146,636860.22827146,175807.850952199,175807.850952199,267081.57958977
TAG(56:1)_FA 20:4,-0.8000081727066226,6.95506525557197,2085.1605337881465,0,0,934.9 -> 613.9,TAG2,18148.081359863,18148.081359863,26040.161956779,26040.161956779,12511.040817261
TAG(56:3)_FA 20:4,0.7957163739862141,8.398126752383757,2515.893140319142,0,0,930.8 -> 609.8,TAG2,78912.48544311,78912.48544311,37462.402465835,37462.402465835,45935.72354124
TAG(56:4)_FA 20:0,-0.9061472237692413,10.240646619068029,3713.254068757508,0,0,928.8 -> 599.8,TAG2,196178.353210434,196178.353210434,302979.839599756,302979.839599756,27200.601989751
TAG(56:4)_FA 20:4,1.4972476427380847,11.649672679483881,10046.582120142448,0,0,928.8 -> 607.8,TAG2,894562.3232423,894562.3232423,261143.379150476,261143.379150476,405044.20703118
TAG(56:5)_FA 20:4,1.076056424474032,12.634346119435657,5356.761888026131,0,0,926.8 -> 605.8,TAG2,1673499.183594,1673499.183594,654161.831329348,654161.831329348,721574.87622103
TAG(56:7)_FA 18:0,1.2682072299792966,9.978199068591659,7027.44375846697,0,0,922.8 -> 621.8,TAG1,294480.4023436,294480.4023436,100756.40710449,100756.40710449,83608.225830094
TAG(56:7)_FA 20:0,0.8760481184186486,8.608191182640574,3110.8019070777796,0,0,922.8 -> 593.8,TAG2,94671.926025402,94671.926025402,42509.78253175,42509.78253175,50116.763305657
TAG(56:8)_FA 18:1,1.580704910459829,10.222306525171705,10820.882857208084,0,0,920.8 -> 621.8,TAG2,381100.08959952,381100.08959952,104998.748291021,104998.748291021,81489.66564942
TAG(56:8)_FA 20:0,0.5969307489643694,9.051692675365148,1520.737942016511,0,0,920.8 -> 591.8,TAG2,123190.64880371,123190.64880371,67122.544799815,67122.544799815,61440.784118648
TAG(56:8)_FA 20:4,-0.7839766670043957,10.898888196064085,2829.3441334571107,0,0,920.8 -> 599.8,TAG2,319653.00244142,319653.00244142,453590.93237302,453590.93237302,66905.824890145
TAG(58:0)_FA 18:0,1.053536963329569,10.394271074155021,4947.867372720348,0,0,964.9 -> 663.9,TAG1,334016.76196288,334016.76196288,132619.32897948,132619.32897948,184295.39428718
TAG(58:0)_FA 20:0,0.7914906116475234,7.999980369723459,2393.0562223259108,0,0,964.9 -> 635.9,TAG2,62712.404357909,62712.404357909,29859.001892099,29859.001892099,29043.202270526
TAG(58:1)_FA 18:1,1.2215030596563299,10.466245948410135,6641.238985361656,0,0,962.9 -> 663.9,TAG2,405284.21215833,405284.21215833,143230.46874996,143230.46874996,124406.048156765
TAG(58:10)_FA 18:1,0.6957795294335355,8.589190391246566,1975.2276848412482,0,0,944.8 -> 645.8,TAG2,89230.086486824,89230.086486824,45398.902893062,45398.902893062,49613.923553463
TAG(58:10)_FA 18:2,2.2252713001708457,10.783219127049325,20591.463546707924,0,0,944.8 -> 647.8,TAG2,502244.97607424,502244.97607424,88517.006835939,88517.006835939,285715.72009273
TAG(58:2)_FA 18:2,1.2103064500902128,10.428631747835453,6519.568799127843,0,0,960.9 -> 663.9,TAG2,397930.00732442,397930.00732442,141727.10998533,141727.10998533,114431.007568363
TAG(58:8)_FA 18:1,0.5843619678748158,9.356349831776145,1488.186743492899,0,0,948.8 -> 649.8,TAG2,153899.15039063,153899.15039063,84588.345825202,84588.345825202,71419.105102537
TAG(58:9)_FA 18:1,2.291643403186645,10.718360758089135,21658.981766105106,0,0,946.8 -> 647.8,TAG2,481461.69604498,481461.69604498,81038.765502921,81038.765502921,276720.0997314
TAG(58:9)_FA 18:2,0.7409959774771717,9.316583975302304,2370.6472868383785,0,0,946.8 -> 649.8,TAG2,153282.470581082,153282.470581082,75581.445465074,75581.445465074,74852.344787611
TAG(60:0)_FA 20:0,-0.6683026399140556,10.473381641114315,2008.567022365864,0,0,992.9 -> 663.9,TAG2,160406.75028237,160406.75028237,210081.073944182,210081.073944182,322173.184623801
TAG(60:10)_FA 18:2,3.0033156735461946,10.734086178099172,34733.674412726774,0,0,972.9 -> 675.9,TAG2,519225.43530258,519225.43530258,53364.443542447,53364.443542447,282049.25903316
TAG(60:10)_FA 20:4,-1.3376992827159355,7.910109940718244,6666.832281911376,0,0,972.9 -> 651.9,TAG2,27725.901824952,27725.901824952,57751.024169938,57751.024169938,22670.961791985
TAG(60:12)_FA 20:4,1.3439679543292076,8.525438529046827,6977.514897805846,0,0,968.9 -> 647.9,TAG2,93028.766387937,93028.766387937,30201.362121574,30201.362121574,57486.584350624
TAG(60:3)_FA 16:0,-0.6576830490661787,7.169737853201631,1496.9280713443607,0,0,986.9 -> 713.9,TAG1,23270.201507572,23270.201507572,30253.002258306,30253.002258306,11393.300865172
TAG(60:5)_FA 20:0,-1.073720204392222,7.077618496526865,3797.1139151611405,0,0,982.9 -> 653.9,TAG2,17507.4213562,17507.4213562,30369.04246521,30369.04246521,13508.701049803
TAG(60:6)_FA 20:0,-1.4134596764407326,7.960715872754244,7461.264025593583,0,0,980.9 -> 651.9,TAG2,27844.062042228,27844.062042228,61124.144531237,61124.144531237,22604.861572269
TAG(60:8)_FA 18:1,1.130595279166267,9.077804428465658,5318.408080638107,0,0,976.9 -> 677.9,TAG2,139642.090393095,139642.090393095,52560.283737198,52560.283737198,68206.24548341
TAG(60:8)_FA 20:0,1.2232750868269546,8.326106669132082,5708.7162595637965,0,0,976.9 -> 647.9,TAG2,79884.765289292,79884.765289292,28197.161682112,28197.161682112,48711.083435052
TAG(60:9)_FA 18:1,2.995290929220555,10.707708970653497,34522.531830706066,0,0,974.9 -> 675.896,TAG2,505653.19457978,505653.19457978,52259.404006952,52259.404006952,282027.86035146
TAG(60:9)_FA 18:2,1.1011905570703087,9.061578177672953,5044.229584181229,0,0,974.9 -> 677.9,TAG2,136253.130310051,136253.130310051,52340.703887947,52340.703887947,69137.885101312
TAG(60:9)_FA 20:4,-1.2324482606755713,7.070458227667237,4915.113079457187,0,0,974.9 -> 653.9,TAG2,15893.181015018,15893.181015018,30775.282379165,30775.282379165,14674.521011354
TAG(58:7)_FA 20:0,-0.5726882079909902,9.436668467865461,1452.5220344255235,8.117607e-318,5.36042e-317,950.8 -> 621.8,TAG2,123009.208374022,123009.208374022,150771.453857467,150771.453857467,34886.402587902
TAG(58:8)_FA 20:0,0.5926136172529519,8.447387637309257,1413.4411818162869,2.5213991001819e-309,1.6367726362197756e-308,948.8 -> 619.796,TAG2,76715.845458965,76715.845458965,41925.203033457,41925.203033457,49043.503509492
TAG(60:1)_FA 20:0,0.5947991530670114,8.190177641406088,1399.8029587758347,2.3187105175771632e-306,1.4801102137200892e-305,990.9 -> 661.9,TAG2,68968.944885267,68968.944885267,37634.462615958,37634.462615958,31140.302490234
TAG(58:9)_FA 20:4,-0.6488841257592561,7.047231802635028,1387.5201326962506,1.0822794105480032e-303,6.795295315407955e-303,946.8 -> 625.8,TAG2,19673.661369322,19673.661369322,25421.721694946,25421.721694946,16575.9212493891
TAG(48:2)_FA 16:0,0.5358946334334199,12.413649674431047,1352.5574538323667,4.284719264826493e-296,2.6468507716589467e-295,820.8 -> 547.8,TAG1,1517203.94482466,1517203.94482466,862399.67480457,862399.67480457,103343.92736815
TAG(50:4)_FA 16:1,-0.5287209403224729,13.33711024172555,1322.4762011796438,1.475231041082331e-289,8.968468075151314e-289,846.8 -> 575.8,TAG1,1979362.07812597,1979362.07812597,2353266.52441442,2353266.52441442,231924.37585458
TAG(56:1)_FA 18:2,0.5737249135158583,7.98188193818582,1277.4570439391312,8.956845397344713e-280,5.3601121674734765e-279,934.9 -> 637.896,TAG2,61064.044738742,61064.044738742,33811.282501207,33811.282501207,23248.381790156
TAG(58:4)_FA 20:4,0.5636601829848285,8.249779631777825,1265.1337327326298,4.2680523942845183e-277,2.514867795401493e-276,956.9 -> 635.9,TAG2,70587.06497191,70587.06497191,39357.822753904,39357.822753904,33912.902618413
TAG(52:1)_FA 20:4,-0.6450678210697789,6.632675145164099,1259.2117133061256,8.264130256818833e-276,4.795699830850929e-275,878.8 -> 557.8,TAG2,15249.6010742205,15249.6010742205,19653.041213988,19653.041213988,10898.6408615127
TAG(54:7)_FA 18:2,0.5108084959513003,12.854373973297353,1232.632074215691,4.9376202520612865e-270,2.8225500843872727e-269,894.8 -> 597.8,TAG2,2104132.46923884,2104132.46923884,1216996.65594477,1216996.65594477,24637.821563715
TAG(60:7)_FA 20:4,-0.6317698939709361,6.753716040625262,1232.0474563055006,6.615591786208661e-270,3.7261347854675254e-269,978.9 -> 657.9,TAG2,16191.501190185,16191.501190185,20675.461456303,20675.461456303,13517.1808776822
TAG(54:8)_FA 18:2,0.5101562889643637,11.222209278832677,1212.8518323529197,9.823127173034741e-266,5.452547401843921e-265,892.7 -> 595.7,TAG2,662243.038818511,662243.038818511,383203.982910112,383203.982910112,37879.903076173
TAG(56:2)_FA 18:1,0.521271198855375,9.454200260551048,1195.6116156899548,5.483008483468527e-262,2.9999889273834944e-261,932.9 -> 633.9,TAG2,167029.99169921,167029.99169921,95909.366943361,95909.366943361,65879.20468138
TAG(58:2)_FA 20:4,-0.585337583997718,7.168228181105845,1166.9580589522357,9.253760697299692e-256,4.991817390233496e-255,960.9 -> 639.9,TAG2,22432.96151733,22432.96151733,27738.10171509,27738.10171509,16412.941116336
TAG(60:5)_FA 20:4,0.5367909257779182,8.080143711263847,1122.0504487279545,5.325845015042403e-246,2.833053667723945e-245,982.9 -> 661.9,TAG2,61090.784240729,61090.784240729,34703.242507919,34703.242507919,32683.522262594
TAG(48:3)_FA 16:1,0.48780751879515816,12.405593971193854,1121.7768046871784,6.10748547163253e-246,3.2043382679935057e-245,818.8 -> 547.8,TAG1,1485761.76489261,1485761.76489261,873151.21826162,873151.21826162,107561.92736815
TAG(60:4)_FA 20:4,0.5139724514627636,9.105303010546876,1120.9197534585146,9.378522487255636e-246,4.8540190711066334e-245,984.9 -> 663.9,TAG2,110988.96691895,110988.96691895,64053.584075959,64053.584075959,92551.126037624
TAG(48:1)_FA 16:0,0.48170999574634754,14.43840862116356,1101.411002756335,1.6300898285449766e-241,8.324325391103013e-241,822.8 -> 549.8,TAG1,6121955.2802734,6121955.2802734,3612983.59667929,3612983.59667929,346247.02294909
TAG(56:2)_FA 20:4,-0.567824146944412,7.0520090503278166,1045.2270668759327,2.653056410608371e-229,1.3370007963986923e-228,932.9 -> 611.9,TAG2,19128.0815200793,19128.0815200793,23366.28163148,23366.28163148,20872.54147339
TAG(60:2)_FA 18:1,0.495474899887346,8.541300110375316,1010.3664038375808,1.002293443246697e-221,4.985433620304999e-221,988.9 -> 689.896,TAG2,85262.42553712,85262.42553712,49841.323532114,49841.323532114,40536.622985819
TAG(48:2)_FA 18:1,0.46281477314392383,12.006317205428788,1007.1923267327235,4.908161805139675e-221,2.4100332966262764e-220,820.8 -> 521.8,TAG1,1095441.64428759,1095441.64428759,655017.78906238,655017.78906238,126715.588806164
TAG(54:6)_FA 18:2,0.4560984657802632,14.636536568601983,988.1935044425404,6.615880789275578e-217,3.2074460029019574e-216,896.8 -> 599.8,TAG2,7128477.64917035,7128477.64917035,4282353.04833971,4282353.04833971,84518.786224336
TAG(60:3)_FA 20:0,-0.5665825462829163,6.683866896429179,978.0508354749298,1.0599271140253246e-214,5.074401058396241e-214,986.9 -> 657.9,TAG2,15926.861129761,15926.861129761,19439.041397095,19439.041397095,12601.5809173586
TAG(60:12)_FA 18:2,-0.5338636266986295,7.157487940674957,972.9193188067914,1.3826449091849517e-213,6.53769136071403e-213,968.9 -> 671.9,TAG2,22965.021560659,22965.021560659,27400.701873776,27400.701873776,15541.980941772
TAG(54:5)_FA 20:4,0.4510287590609121,13.321004734830161,962.8428514461923,2.1431067570116116e-211,1.00098766821396e-210,898.8 -> 577.8,TAG2,2343315.1445312,2343315.1445312,1412675.7917479,1412675.7917479,1062895.28124999
TAG(52:3)_FA 20:4,0.46800974221661773,8.94352902295686,933.0184652056471,6.518463437006089e-205,3.0079174655100385e-204,874.8 -> 553.8,TAG2,112215.62792971,112215.62792971,66857.964904795,66857.964904795,52828.26361082
TAG(58:0)_FA 18:1,0.4933994708245426,7.898781331925173,931.115800305372,1.689452526233588e-204,7.703099018422194e-204,964.9 -> 665.9,TAG2,54371.48370362,54371.48370362,31829.342010521,31829.342010521,26295.301971424
TAG(58:1)_FA 18:2,0.49188278505310157,7.897499238754106,926.8409815210905,1.4355165086631557e-203,6.468268503741043e-203,962.9 -> 665.9,TAG2,54768.60363767,54768.60363767,32095.542297356,32095.542297356,25245.341827382
TAG(54:7)_FA 20:0,0.4723611459925358,8.549513331975069,914.5314036228178,6.806065100865395e-201,3.0310731786412165e-200,894.8 -> 565.8,TAG2,81751.625610368,81751.625610368,48560.843078603,48560.843078603,48090.583496072
TAG(52:3)_FA 20:0,-0.5458324967806136,6.681077158133043,901.9639088311044,3.6719018962384375e-198,1.6164809497233583e-197,874.8 -> 545.8,TAG2,15752.301101684,15752.301101684,18951.441238402,18951.441238402,13514.1008987399
TAG(60:12)_FA 18:1,-0.5334092663112326,6.793091046528468,898.378232768696,2.2099059531800962e-197,9.618113409863374e-197,968.9 -> 669.9,TAG2,17837.121398925,17837.121398925,21275.66140747,21275.66140747,12136.440773012
TAG(60:3)_FA 18:2,0.46403828890028426,8.515733589938113,884.5412965719584,2.2510717800273726e-194,9.687196536522288e-194,986.9 -> 689.9,TAG2,82727.125732419,82727.125732419,49424.603698735,49424.603698735,40438.003135689
TAG(58:2)_FA 18:1,0.45151279153405555,9.172795309860417,884.2141758907128,2.6515684111441524e-194,1.1283896682980114e-193,960.9 -> 661.9,TAG2,134062.32885745,134062.32885745,80792.805419923,80792.805419923,55421.244201665
TAG(60:10)_FA 18:1,0.47803550186414573,7.717285574050196,844.6522286826406,1.0572736697057523e-185,4.4498441263439905e-185,972.9 -> 673.9,TAG2,45826.263092009,45826.263092009,27114.142059334,27114.142059334,27393.181732164
TAG(56:0)_FA 18:1,0.4638819675265652,8.039792400965698,843.6704227490978,1.72836644280117e-185,7.195264647748348e-185,936.9 -> 637.896,TAG2,61277.924133277,61277.924133277,36613.922607421,36613.922607421,25036.12173462
TAG(58:10)_FA 20:0,-0.47046188912514636,7.698323255234991,833.9175227346533,2.280184727507823e-183,9.390438178876304e-183,944.8 -> 615.8,TAG2,35074.782623283,35074.782623283,40050.103027327,40050.103027327,20026.021347046
TAG(58:1)_FA 20:0,0.4581953122384518,8.093835371786737,821.9780240159362,8.989243914022047e-181,3.662638743691962e-180,962.9 -> 633.9,TAG2,60636.204040517,60636.204040517,36373.582336408,36373.582336408,32309.641906731
TAG(60:5)_FA 18:2,0.49080069878719684,7.355390427633024,808.0868951533748,9.415329323515739e-178,3.7958643483226608e-177,982.9 -> 685.9,TAG2,31602.222229003,31602.222229003,18533.4412384038,18533.4412384038,30813.561981188
TAG(48:1)_FA18:0,0.41455564688534435,11.869996222439367,807.8067020863615,1.0833125817992903e-177,4.321965821136752e-177,822.8 -> 521.8,TAG1,976508.3889158,976508.3889158,603764.07910168,603764.07910168,127466.488647475
TAG(60:1)_FA 20:4,-0.5266395342572219,6.413849097579083,792.3373139308188,2.5007886208822453e-174,9.874247853586597e-174,990.9 -> 669.9,TAG2,13613.660972592,13613.660972592,16162.02114868,16162.02114868,9843.7006454452
TAG(56:7)_FA 16:1,-0.4476945818392917,8.487179266140057,788.0573366012593,2.1312551263321592e-173,8.329292993726704e-173,922.8 -> 651.8,TAG1,44142.463287351,44142.463287351,49614.823425251,49614.823425251,84323.36584473
TAG(54:5)_FA 18:2,0.40698457176065506,14.799604531121956,787.6378837067697,2.6292615962542474e-173,1.0171789811771482e-172,898.8 -> 601.8,TAG2,7783272.42382772,7783272.42382772,4837630.16967833,4837630.16967833,263485.03820812
TAG(56:2)_FA 18:2,0.4229572919734686,9.276092520856984,781.5686306783344,5.48821139660438e-172,2.1019849648994776e-171,932.9 -> 635.9,TAG2,143567.87023928,143567.87023928,88250.926330551,88250.926330551,58013.54455566
TAG(60:1)_FA 18:1,0.4386421557063782,8.319606062551317,778.5283098548324,2.5146196720731854e-171,9.535636974297326e-171,990.9 -> 691.9,TAG2,73504.424865717,73504.424865717,44694.4632377801,44694.4632377801,31298.342132557
TAG(58:5)_FA 20:0,-0.4878699376054881,6.925291358572756,770.7589455623627,1.2295343306542123e-169,4.6167808690251304e-169,954.8 -> 625.8,TAG2,19546.921478267,19546.921478267,22590.601577751,22590.601577751,14446.560981749
TAG(48:2)_FA 16:1,0.400032220021314,14.456030858086535,760.6875738048778,1.9035310411513497e-167,7.078178531659873e-167,820.8 -> 549.8,TAG1,6048586.4765626,6048586.4765626,3777610.63476619,3777610.63476619,353761.38647432
TAG(58:8)_FA 20:4,-0.4748096550554079,7.10439200473218,754.6482920303083,3.914710611657593e-166,1.4416674656392867e-165,948.8 -> 627.8,TAG2,21857.441375731,21857.441375731,25033.241806036,25033.241806036,17551.3412628181
TAG(60:11)_FA 18:1,-0.47179862855151306,7.104318759178072,747.347889479967,1.5137956073216086e-164,5.521749691468344e-164,970.9 -> 671.9,TAG2,22101.46166992,22101.46166992,25259.941818243,25259.941818243,16851.4612083479
TAG(60:4)_FA 18:1,0.46419685957270335,7.381636556333654,736.3703984293695,3.689808058195862e-162,1.3332042323481274e-161,984.9 -> 685.896,TAG2,33320.342041013,33320.342041013,19904.741378778,19904.741378778,28219.301879878
TAG(48:0)_FA 18:0,0.39171518851210024,12.310402736365564,723.8382516276905,1.9590347074579814e-159,7.01224572856455e-159,824.8 -> 523.8,TAG1,1286033.37304663,1286033.37304663,807828.55566426,807828.55566426,235313.97558597
TAG(60:11)_FA 20:0,-0.488152077637827,6.659818742411427,722.7111169922724,3.444560162779365e-159,1.2215430947634228e-158,970.9 -> 641.9,TAG2,16128.2011528076,16128.2011528076,18643.201446533,18643.201446533,12503.24098205
TAG(56:0)_FA 16:1,0.4330062538309615,7.899720271718398,706.7121195292927,1.037813987554141e-155,3.646630800304918e-155,936.9 -> 665.9,TAG1,49173.183776857,49173.183776857,30016.841979973,30016.841979973,35898.262481677
TAG(56:0)_FA 20:4,-0.4361020029945321,7.5534290664540595,703.2210755378665,5.960221390661703e-155,2.0752407205667567e-154,936.9 -> 615.9,TAG2,32479.462341308,32479.462341308,36213.802673358,36213.802673358,17120.1012344377
TAG(58:4)_FA 20:0,-0.495095671215022,6.404173959935037,698.0824936404057,7.810508778663142e-154,2.6949773533585433e-153,956.9 -> 627.9,TAG2,13648.720962525,13648.720962525,15853.201141355,15853.201141355,9925.580780027
TAG(58:1)_FA 20:4,-0.47060407828196005,6.755441257283402,687.9107191151645,1.272419453896934e-151,4.351220096808266e-151,962.9 -> 641.9,TAG2,17347.921150213,17347.921150213,19810.681396479,19810.681396479,13352.380851745
TAG(50:1)_FA 18:2,-0.4498994117851988,7.049547996178854,678.2747151198465,1.5853176771315092e-149,5.373244870277593e-149,852.8 -> 555.8,TAG2,22110.981643678,22110.981643678,24890.121688835,24890.121688835,14176.0610122697
TAG(60:7)_FA 18:2,-0.4766096953759388,6.624741147205625,675.3870859212916,6.731017748976473e-149,2.2613857875947275e-148,978.9 -> 681.9,TAG2,15341.021110536,15341.021110536,17591.961257934,17591.961257934,13768.58089447
TAG(60:11)_FA 18:2,0.4296040645598795,7.656321523399693,672.7597475986867,2.5086720278058255e-148,8.35496857956201e-148,970.9 -> 673.9,TAG2,42190.803039544,42190.803039544,25815.381805413,25815.381805413,28831.861938475
TAG(56:8)_FA 18:2,0.4010319772839039,8.249537406197675,647.4140178252125,8.156672866959565e-143,2.6931083690047532e-142,920.8 -> 623.8,TAG2,69787.845031757,69787.845031757,43555.383056653,43555.383056653,28614.102203366
TAG(52:3)_FA 18:1,-0.3684348753910663,13.14824059133162,643.470574936131,5.876833839403158e-142,1.9237840687960765e-141,874.8 -> 575.8,TAG1,1772970.3818356,1772970.3818356,1886237.7695314,1886237.7695314,410433.94946276
TAG(52:0)_FA 20:0,0.37680880989421023,9.642176439493197,630.7852723884864,3.373121357898128e-139,1.0948351526059176e-138,880.8 -> 551.8,TAG2,174723.89282229,174723.89282229,110893.587127673,110893.587127673,91486.76623534
TAG(56:7)_FA 18:1,0.39513670261158496,8.251613555911254,628.7071132741067,9.550207591733608e-139,3.073722275322666e-138,922.8 -> 623.8,TAG2,69726.784728987,69726.784728987,43695.463256839,43695.463256839,28745.882080067
TAG(58:10)_FA 20:4,-0.41414592244433146,7.53956345986038,624.5935985404275,7.493282328136607e-138,2.3916059430636003e-137,944.8 -> 623.8,TAG2,30595.302123995,30595.302123995,33597.782531731,33597.782531731,22561.081558229
TAG(60:7)_FA 20:0,0.41025892203578224,7.616828711125976,614.7622986017972,1.030257709935313e-135,3.261063660373759e-135,978.9 -> 649.9,TAG2,42191.783111563,42191.783111563,26164.481719972,26164.481719972,24939.541809071
TAG(48:1)_FA 18:1,0.360352510949925,12.32031563117859,612.9181821859463,2.5944237838707656e-135,8.144789419856584e-135,822.8 -> 523.8,TAG1,1283741.86572312,1283741.86572312,824111.12109336,824111.12109336,234853.51965326
TAG(52:4)_FA 16:1,-0.35677713204689404,14.860935116393087,605.8299780194536,9.031139375238268e-134,2.8121352688750054e-133,872.8 -> 601.8,TAG1,6306496.05029344,6306496.05029344,6655393.64843687,6655393.64843687,119366.34832762
TAG(60:2)_FA 20:4,-0.4470314248096202,6.58158325058323,595.4618446789011,1.625137548411082e-131,5.019578072914875e-131,988.9 -> 667.9,TAG2,15581.941192624001,15581.941192624001,17505.621215824,17505.621215824,11669.760879518
TAG(60:2)_FA 18:2,0.383322302667351,8.324705756849276,594.0746631230983,3.2554987833824793e-131,9.974848272283918e-131,988.9 -> 691.9,TAG2,71198.504882786,71198.504882786,44984.623199456,44984.623199456,34464.042419441
TAG(54:0)_FA 20:4,-0.37013128427641334,8.873268325644846,592.3537762212318,7.707813689360825e-131,2.342930669067616e-130,908.9 -> 587.9,TAG2,93613.006835947,93613.006835947,99710.746643056,99710.746643056,13855.080978391
TAG(52:3)_FA 16:0,-0.35100449242131987,14.912156610225425,586.4633271045083,1.4729528011698948e-129,4.442054510614722e-129,874.8 -> 601.8,TAG1,6552758.53637631,6552758.53637631,6887665.49194336,6887665.49194336,114232.4680176
TAG(54:4)_FA 18:2,0.3490744644945567,14.606825925006687,579.7031637582269,4.35159713181284e-128,1.3020794542846232e-127,900.8 -> 603.8,TAG2,6087382.6523442,6087382.6523442,3938525.97460883,3938525.97460883,1472134.55224597
TAG(58:3)_FA 18:2,0.3637796384642354,9.19743870904283,576.4616405542287,2.206733835198074e-127,6.551775650239244e-127,958.9 -> 661.9,TAG2,134094.48999023,134094.48999023,85879.046020522,85879.046020522,53795.744079571
TAG(54:4)_FA 20:0,-0.41873686885660705,6.9497664597587105,572.4312272816604,1.6613508773139954e-126,4.894595277009695e-126,900.8 -> 571.8,TAG2,20505.321319579,20505.321319579,22589.401557921,22589.401557921,14435.26095581
TAG(58:5)_FA 20:4,0.3637755934418789,8.817271016837077,559.7449954884734,9.551929337194386e-124,2.7926633100346947e-123,954.8 -> 633.8,TAG2,99539.42712403,99539.42712403,63748.883880579,63748.883880579,48748.803527832
TAG(54:3)_FA 16:0,-0.3693110175805487,8.056201402873905,539.4355146828868,2.5016999267186786e-119,7.25872024191859e-119,902.8 -> 629.8,TAG1,46710.283203122,46710.283203122,49724.623596185,49724.623596185,25817.961853031
TAG(58:6)_FA 18:1,-0.38716924296879757,7.444350265921281,538.695278219858,3.624704513702242e-119,1.0438058862766606e-118,952.8 -> 653.8,TAG2,29203.402435308,29203.402435308,31475.20199586,31475.20199586,20353.581329347
TAG(60:10)_FA 20:0,-0.40626474189680073,6.913178177052739,531.4287214173354,1.3807769251006146e-117,3.94654897248907e-117,972.9 -> 643.9,TAG2,19716.021514894,19716.021514894,21532.921447754,21532.921447754,15252.240997314
TAG(56:3)_FA 18:2,0.34413566511175825,9.74702903533616,530.7562568371783,1.933843268502031e-117,5.486384976565021e-117,930.8 -> 633.8,TAG2,196506.29467774,196506.29467774,127575.188842788,127575.188842788,76145.585235576
TAG(60:4)_FA 20:0,-0.4041011191550101,6.834144663915062,513.0477959925656,1.377543617526127e-113,3.8794059228860785e-113,984.9 -> 655.9,TAG2,18327.841354369,18327.841354369,19986.821365353,19986.821365353,15574.660980222
TAG(54:7)_FA 20:4,-0.3368988533651127,9.593376674359881,508.84028301641257,1.1337999442738966e-112,3.169674296765711e-112,894.8 -> 573.8,TAG2,152462.46972657,152462.46972657,158695.531372066,158695.531372066,34081.3223877
TAG(58:5)_FA 18:0,-0.3926207337044988,6.943576044984425,495.87983064698074,7.48933637792503e-110,2.0785621976415119e-109,954.8 -> 653.8,TAG1,19749.061294552,19749.061294552,21365.981597902,21365.981597902,17109.441177369
TAG(54:3)_FA 20:0,-0.34809234409979306,8.201774196344736,492.3749786547326,4.335571368958934e-109,1.1946214635332892e-108,902.8 -> 573.8,TAG2,55730.603881835,55730.603881835,58460.864349376,58460.864349376,18202.42123413
TAG(52:6)_FA 16:0,-0.3204553585980725,11.423953367630274,481.65903865873094,9.305545759772366e-107,2.545731447137726e-106,868.7 -> 595.7,TAG1,580888.848510843,580888.848510843,597784.617858648,597784.617858648,33480.022460937
TAG(52:3)_FA 18:2,0.3174026565955751,14.425564461536448,479.30471218033404,3.0271711276461164e-106,8.222741431833068e-106,874.8 -> 577.8,TAG2,5094660.304687,5094660.304687,3369399.50415229,3369399.50415229,1758950.09814466
TAG(58:7)_FA 20:4,-0.3493197520291556,7.822435919725491,466.15471876173,2.2005805732967814e-103,5.935368729384981e-103,950.8 -> 629.8,TAG2,38924.762695336,38924.762695336,40866.463012693,40866.463012693,25154.241790776
TAG(56:6)_FA 16:0,-0.342940554523865,8.469025160761946,463.6609810070083,7.677244246210581e-103,2.056212969439617e-102,924.8 -> 651.8,TAG1,46205.603210481,46205.603210481,48296.463561996,48296.463561996,81056.4458008
TAG(56:2)_FA 20:0,0.3141430869371316,11.162808683993012,459.5902770173065,5.9027467209877495e-102,1.5699666625960472e-101,932.9 -> 603.9,TAG2,514132.33740237,514132.33740237,340795.1434326,340795.1434326,216023.715332138
TAG(52:2)_FA 16:0,-0.31050148510069064,14.082411810421243,458.58369978127115,9.774705366012533e-102,2.581870451850207e-101,876.8 -> 603.8,TAG1,3553152.7773432,3553152.7773432,3631358.6572256,3631358.6572256,557451.97900371
TAG(48:3)_FA 18:2,0.3049222301235462,14.880433796589374,442.81921752962234,2.6356044477654766e-98,6.91394865406971e-98,818.8 -> 521.8,TAG2,8043680.25830008,8043680.25830008,5365980.10778781,5365980.10778781,146961.79016115
TAG(48:0)_FA 18:1,0.3208421954518494,8.856819899572049,440.7467335675358,7.44609417387159e-98,1.9400367813556592e-97,824.8 -> 525.8,TAG1,109120.12744139,109120.12744139,71995.705566407,71995.705566407,32212.622497544002
TAG(60:12)_FA 20:0,-0.372164827745562,6.836921152331687,440.3630859817136,9.024534061307033e-98,2.3354030712706712e-97,968.9 -> 639.9,TAG2,19188.001251221,19188.001251221,20466.721282957,20466.721282957,13729.441070559
TAG(52:6)_FA 16:1,-0.3015800943739499,13.223013740222385,431.80453142285637,6.578605230891121e-96,1.6910106063297312e-95,868.7 -> 597.7,TAG1,2073852.40075656,2073852.40075656,2106432.28823795,2106432.28823795,26351.681823726
TAG(54:4)_FA 18:0,-0.29928571672283855,14.42078542248933,426.4032302654567,9.856715704112236e-95,2.516748076449991e-94,900.8 -> 599.8,TAG1,4756825.85498046,4756825.85498046,4823877.07189871,4823877.07189871,76013.00598142
TAG(56:3)_FA 20:0,-0.30297317302618315,10.424290536415684,422.59261432505133,6.654833316649374e-94,1.6879477882627218e-93,930.8 -> 601.8,TAG2,271624.76074232,271624.76074232,276158.49908455,276158.49908455,70084.445068336
TAG(54:3)_FA 18:0,-0.29637221501449823,14.45155304661855,418.16376063975525,6.125302455536133e-93,1.543415026625223e-92,902.8 -> 601.8,TAG1,4804425.60839784,4804425.60839784,4862318.47753921,4862318.47753921,232494.875793416
TAG(60:8)_FA 20:4,-0.3613743018829493,6.844408589580121,416.5127724722523,1.4011674179117552e-92,3.5074975232692955e-92,976.9 -> 655.9,TAG2,19441.341491698,19441.341491698,20582.421371457,20582.421371457,13568.140827182
TAG(54:5)_FA 18:1,-0.29536798363440103,14.45220959953922,415.34942841811204,2.5102180542815087e-92,6.242944901232583e-92,898.8 -> 599.8,TAG1,4862228.01757748,4862228.01757748,4917393.30834911,4917393.30834911,94749.587219234
TAG(54:4)_FA 18:1,-0.29427068607037365,14.544588857503426,412.3140360204567,1.1492742489175548e-91,2.83981959571241e-91,900.8 -> 601.8,TAG1,5107253.8906241,5107253.8906241,5161272.06689505,5161272.06689505,302806.87841801
TAG(60:7)_FA 18:1,0.35035809000391194,7.145512037932164,410.0619071370109,3.5534554855453117e-91,8.724188788229837e-91,978.9 -> 679.896,TAG2,29355.502151476,29355.502151476,18976.041290284,18976.041290284,19313.0014267013
TAG(60:8)_FA 18:2,0.3497010590933598,7.151249324572205,408.97781133940776,6.118308302950287e-91,1.4925554649872358e-90,976.9 -> 679.9,TAG2,29456.622009284,29456.622009284,19050.081329346,19050.081329346,19413.521362301
TAG(52:4)_FA 16:0,-0.29007508636871876,14.862641969586932,400.8251264906781,3.6417945854750437e-89,8.827894469854062e-89,872.8 -> 599.8,TAG1,6507291.34936472,6507291.34936472,6557020.69860837,6557020.69860837,45338.363220197
TAG(52:4)_FA 20:0,-0.37197852395291214,6.319389939313021,384.5824887693495,1.2511141624002348e-85,3.01369008930371e-85,872.8 -> 543.8,TAG2,13403.5609130856,13403.5609130856,14294.960998536,14294.960998536,9665.1807708724
TAG(56:6)_FA 16:1,-0.32791265589676155,7.591177934974165,375.5329859785875,1.1681950169427258e-83,2.79636682180665e-83,924.8 -> 653.8,TAG1,26632.541839592,26632.541839592,27549.241943362,27549.241943362,41322.782897975
TAG(52:5)_FA 16:0,-0.27880110037018363,13.117570032437058,369.00467425691335,3.082535939860878e-82,7.332989223395754e-82,870.8 -> 597.8,TAG1,1945891.46313478,1945891.46313478,1945499.44702154,1945499.44702154,20699.681396484
TAG(60:4)_FA 16:1,-0.34269040496889663,6.740383239973278,367.8312987591357,5.551256436935018e-82,1.3124266761395752e-81,984.9 -> 713.9,TAG1,18540.501251221,18540.501251221,19376.141372675,19376.141372675,11631.9008560163
TAG(58:7)_FA 18:2,-0.320318451405245,7.4039861134705856,366.45435768662355,1.10713418961259e-81,2.6014257338749815e-81,950.8 -> 653.8,TAG2,29104.442108148,29104.442108148,29948.162414566,29948.162414566,19873.521270752
TAG(58:6)_FA 18:2,0.3099616615992617,7.726184869587631,357.07498773228656,1.2204053195344324e-79,2.8500929108639486e-79,952.8 -> 655.8,TAG2,43616.403320284,43616.403320284,28995.242034908,28995.242034908,28216.02200317
TAG(56:7)_FA 20:4,-0.2758082803077007,11.529087520164314,356.8260597103129,1.3826387400165262e-79,3.209397802583815e-79,922.8 -> 601.8,TAG2,575308.2221677,575308.2221677,574000.36010724,574000.36010724,190882.833312994
TAG(58:9)_FA 20:0,-0.29681270669087484,8.221694421307722,353.76574957509126,6.413670289411174e-79,1.47978055472559e-78,946.8 -> 617.8,TAG2,52353.343627907,52353.343627907,53000.403869633,53000.403869633,33157.742462141
TAG(52:5)_FA 16:1,-0.2699927421631666,14.854332040927611,347.3216783673648,1.6232611735365966e-77,3.7228085596677636e-77,870.8 -> 599.8,TAG1,6519263.90380857,6519263.90380857,6478276.44689911,6478276.44689911,45620.763244645
TAG(48:0)_FA 18:2,-0.31920833051829367,7.033945247895268,336.15634436632155,4.3849457631772286e-75,9.996632305338563e-75,824.8 -> 527.796,TAG2,21915.541549684,21915.541549684,22533.521636954,22533.521636954,17285.6612777734
TAG(54:2)_FA 20:0,-0.2736320404653377,9.49921568732997,333.56252122443203,1.610192863515447e-74,3.649135306073468e-74,904.8 -> 575.8,TAG2,139578.36889648,139578.36889648,139051.170654325,139051.170654325,49622.963806123
TAG(54:7)_FA 18:1,-0.26555416573469137,10.81057492062789,328.00028785691296,2.620180954988135e-73,5.903113563296799e-73,894.8 -> 595.8,TAG1,382973.571227981,382973.571227981,379396.745605418,379396.745605418,33174.942352293
TAG(60:4)_FA 18:2,-0.3019300061971838,7.377099420652952,325.21606763141494,1.0586611484124222e-72,2.3711533324091096e-72,984.9 -> 687.9,TAG2,29148.00216675,29148.00216675,29613.122085558,29613.122085558,18387.561195379
TAG(54:6)_FA 18:0,-0.26457489845313215,10.700037675352212,324.95496580370565,1.2067793442979775e-72,2.687188888756543e-72,896.8 -> 595.8,TAG1,355715.623596076,355715.623596076,352154.263244489,352154.263244489,28329.902130133
TAG(52:3)_FA 16:1,-0.2607060072219729,14.125822197685208,323.49788285834785,2.5061054915560253e-72,5.548198862809004e-72,874.8 -> 603.8,TAG1,3719948.7207026,3719948.7207026,3672842.3154302,3672842.3154302,604447.77929689
TAG(52:2)_FA 20:0,-0.2828126274880989,8.08516002379206,319.69638855198224,1.6866869454667045e-71,3.712650000653724e-71,876.8 -> 547.8,TAG2,51081.723571776,51081.723571776,51213.66421507,51213.66421507,21220.901458745
TAG(56:6)_FA 18:0,-0.27930206905393157,8.18564598869752,313.5240404509706,3.728635706842077e-70,8.160385575545804e-70,924.8 -> 623.8,TAG1,52920.023803727,52920.023803727,52927.763671881,52927.763671881,28117.241912837
TAG(56:6)_FA 18:1,-0.2880248176515332,7.621784500446275,310.26617753806704,1.9109080329530136e-69,4.158396458073888e-69,924.8 -> 625.8,TAG2,35831.402770991,35831.402770991,36053.982543956,36053.982543956,18554.901290896
TAG(54:0)_FA 16:0,-0.27035590402598747,8.713833006839712,305.5997844994398,1.985197962427686e-68,4.295654348077988e-68,908.9 -> 635.9,TAG1,70327.584594712,70327.584594712,69903.04492189,69903.04492189,57513.824035636
TAG(54:5)_FA 18:0,-0.2513220133349749,12.625996804264648,299.31637144953595,4.6420686932190636e-67,9.988271401701692e-67,898.8 -> 597.8,TAG1,1394900.93286097,1394900.93286097,1368307.9042974,1368307.9042974,22818.321502687
TAG(52:1)_FA20:0,-0.25908647307670674,9.230499357533507,295.2504661605911,3.5691266983972543e-66,7.636734779252226e-66,878.8 -> 549.8,TAG2,117370.82873535,117370.82873535,115754.547088627,115754.547088627,38707.923034678
TAG(56:7)_FA 18:2,-0.2686133815077943,7.684212722930329,273.8678803215875,1.6290835366383658e-61,3.4663277474027446e-61,922.8 -> 625.8,TAG2,38678.142547589,38678.142547589,38398.26275635,38398.26275635,16566.5212554912
TAG(60:2)_FA 20:0,-0.2790297205657525,7.083676961487896,263.9024545813302,2.4204610420159297e-59,5.121749055757464e-59,988.9 -> 659.896,TAG2,24316.801818847,24316.801818847,24315.781646714,24315.781646714,14049.040977474
TAG(52:2)_FA 20:4,-0.27837115100414633,6.895680520897515,251.12977360477262,1.4727906689939991e-56,3.0993342100258337e-56,876.8 -> 555.8,TAG2,20997.461502078,20997.461502078,20987.00163269,20987.00163269,13397.440948484
TAG(58:0)_FA 20:4,-0.27524568431628843,6.9270929450275585,247.872648696654,7.554908834368022e-56,1.581163980089045e-55,964.9 -> 643.9,TAG2,21659.48139953,21659.48139953,21601.841522214,21601.841522214,13165.160842893
TAG(60:9)_FA 20:0,0.2703798152371731,7.104977646726408,241.8862559967396,1.5255417279825372e-54,3.175448270746259e-54,974.9 -> 645.9,TAG2,27522.082077024,27522.082077024,18805.001342776,18805.001342776,19628.781448365
TAG(54:5)_FA 20:0,-0.2562158628521317,7.600908922796007,238.12630167367337,1.0075391599456888e-53,2.0858783689686424e-53,898.8 -> 569.8,TAG2,31665.702423103,31665.702423103,31167.582351684,31167.582351684,29862.362243653
TAG(54:8)_FA 20:4,-0.23579439010402067,8.159051759911017,224.4206477217884,9.821325572028424e-51,2.0223482226273583e-50,892.7 -> 571.7,TAG2,55146.604125962,55146.604125962,53516.183380119,53516.183380119,21182.301589976
TAG(52:4)_FA 18:0,-0.22266008625751402,9.411145472973653,221.2391353467968,4.854001962414055e-50,9.941618992537877e-50,872.8 -> 571.8,TAG1,144886.110901036,144886.110901036,139328.250030498,139328.250030498,17919.601318356
TAG(54:4)_FA 16:1,-0.23179992758555046,8.173620260237865,216.04653083587874,6.588262307710048e-49,1.3421832254536958e-48,900.8 -> 629.8,TAG1,53869.383972184,53869.383972184,52132.183654794,52132.183654794,26643.941802963
TAG(60:11)_FA 20:4,0.23683721547416892,7.846671414737797,214.01056121774408,1.8319491687688677e-48,3.71236260126178e-48,970.9 -> 649.9,TAG2,47898.423065161,47898.423065161,33497.382263174,33497.382263174,27015.021972662
TAG(54:6)_FA 18:1,-0.2109216556479092,12.612258526896587,210.8831573210103,8.81429926937492e-48,1.776777168510839e-47,896.8 -> 597.8,TAG1,1402044.18707325,1402044.18707325,1337335.74114987,1337335.74114987,24243.701782225
TAG(56:6)_FA 20:4,0.20731213527320633,13.325574893108957,204.09926512676716,2.662714691426581e-46,5.339370297467961e-46,924.8 -> 603.8,TAG2,2188900.8300781,2188900.8300781,1562442.01660107,1562442.01660107,1049822.17651351
TAG(50:4)_FA 18:2,0.20455973571541286,14.576144221005318,199.41673137218658,2.7997230584555748e-45,5.5848642259816935e-45,846.8 -> 549.8,TAG2,6167019.3613282,6167019.3613282,4410437.71264704,4410437.71264704,427319.77294929
TAG(54:0)_FA 16:1,0.2228078936589674,7.816002846641166,188.87127936802153,5.606736425703537e-43,1.1126321508002356e-42,908.9 -> 637.9,TAG1,46953.543518081,46953.543518081,33157.462310798,33157.462310798,25807.841674801
TAG(54:6)_FA 20:4,-0.1978166710770757,11.567315586475445,183.73095611837147,7.427561812935568e-42,1.4663691620383108e-41,896.8 -> 575.8,TAG2,600293.76562523,600293.76562523,567410.799499484,567410.799499484,215899.05493164
TAG(58:6)_FA 20:0,-0.22220102879646336,7.608064113712531,183.58781970544757,7.981699858086056e-42,1.5676877157163894e-41,952.8 -> 623.8,TAG2,35660.542724614,35660.542724614,34281.702331529,34281.702331529,20359.50138856
TAG(56:5)_FA 18:0,-0.22626874232124258,7.341581076527194,181.98105205486513,1.7901485207779885e-41,3.4980963441733143e-41,926.8 -> 625.8,TAG1,29471.582214357,29471.582214357,28412.041885397,28412.041885397,17297.901062011
TAG(60:5)_FA 16:1,0.2417303481597806,6.508669052364558,171.24584471073786,3.9542784608060473e-39,7.687759647150843e-39,982.9 -> 711.9,TAG1,19141.961410521,19141.961410521,13341.4409179641,13341.4409179641,10224.4006042472
TAG(48:3)_FA 16:0,0.20222157801789578,8.520453321417431,170.91263775220784,4.675632274345539e-39,9.044278591284553e-39,818.8 -> 545.8,TAG1,83372.326751725,83372.326751725,59721.68386841,59721.68386841,25080.901840201
TAG(58:3)_FA 20:4,-0.22060902624121678,7.275789499462854,170.3490068419624,6.207837771867101e-39,1.1947748073492963e-38,958.9 -> 637.9,TAG2,27839.841888432,27839.841888432,26733.881896976,26733.881896976,17605.881286619
TAG(58:4)_FA 18:2,-0.2054091669621745,7.956556411447305,165.65283341682337,6.587211629429639e-38,1.261451027035776e-37,956.9 -> 659.9,TAG2,47127.343414291,47127.343414291,44780.863098147,44780.863098147,21978.60153198
TAG(54:2)_FA 18:0,-0.18610486436388143,14.210828094393724,164.9486417424153,9.387049105746284e-38,1.7886765211446902e-37,904.8 -> 603.8,TAG1,3745542.6718746,3745542.6718746,3511744.3867172,3511744.3867172,1408184.19921906
TAG(58:5)_FA 18:2,-0.20896778189893842,7.5791832917487465,161.60622284975602,5.043344136168688e-37,9.562380218577264e-37,954.8 -> 657.8,TAG2,35070.042297359,35070.042297359,33406.202270486,33406.202270486,20103.781593312
TAG(52:6)_FA 20:0,0.2053453688747484,7.924006296873548,160.31067920769132,9.677631279668157e-37,1.8258782168043863e-36,868.7 -> 539.7,TAG2,46449.523590104,46449.523590104,33200.982513442,33200.982513442,37056.002838112
TAG(58:2)_FA 16:0,0.21137361389599946,7.285278189738332,155.87302633913146,9.024311893592071e-36,1.6942703211989036e-35,960.9 -> 687.9,TAG1,32314.562622086,32314.562622086,23001.341674806,23001.341674806,18013.4413414032
TAG(54:2)_FA 16:0,-0.19236224146280353,8.656814210991852,155.64047868335334,1.0144516389183768e-35,1.8952925741743333e-35,904.8 -> 631.8,TAG1,75643.76550293,75643.76550293,71230.345275875,71230.345275875,39348.403076166
TAG(48:2)_FA 18:2,0.18083688465036415,13.599180178740513,155.572121886951,1.0499510222905679e-35,1.952093405520813e-35,820.8 -> 523.8,TAG2,3042147.7812497,3042147.7812497,2211708.95837395,2211708.95837395,360951.68237299
TAG(60:3)_FA 16:1,0.2286156130503123,6.629868775266819,154.55786558192156,1.7490997416018566e-35,3.236257009823725e-35,986.9 -> 715.9,TAG1,19498.441421508,19498.441421508,13714.000915528,13714.000915528,14326.861053466
TAG(54:3)_FA 16:1,-0.18418747152673032,8.742665221503724,143.67166217019764,4.191577610094788e-33,7.718145310895692e-33,902.8 -> 631.8,TAG1,80431.385437012,80431.385437012,75310.68505857,75310.68505857,42010.542663546
TAG(52:0)_FA 20:4,-0.20630560922584537,7.0072193016743665,140.26140114919255,2.3337359781287237e-32,4.276654926427278e-32,880.8 -> 559.8,TAG2,22698.761718752,22698.761718752,21582.001525878,21582.001525878,16182.9012146
TAG(60:11)_FA 16:0,-0.22545227343317178,6.397743336401037,137.719509521182,8.393297807673955e-32,1.5307776477805356e-31,970.9 -> 697.9,TAG1,13283.1609649641,13283.1609649641,12798.380905151,12798.380905151,15258.240951536
TAG(56:3)_FA 18:1,0.17557965360741817,9.396705285761488,136.20626428928233,1.7984361849285935e-31,3.2644599944438453e-31,930.8 -> 631.796,TAG2,145312.13012698,145312.13012698,106030.807434113,106030.807434113,61593.224609378
TAG(56:4)_FA 18:2,0.17547450246730215,9.386640127551107,136.0037800162499,1.9915095945831474e-31,3.59786874870446e-31,928.8 -> 631.8,TAG2,144744.94921875,144744.94921875,105624.64715573,105624.64715573,60145.564392116
TAG(60:0)_FA 18:2,-0.22418956445676358,6.268326704368915,135.45883731458247,2.6204424596376228e-31,4.711875408644176e-31,992.9 -> 695.9,TAG2,13127.380996702,13127.380996702,12637.2209091205,12637.2209091205,10985.3207397472
TAG(48:0)_FA 16:0,0.16841422241287815,13.561823619460156,134.86669265107204,3.530977443531546e-31,6.3194596302457106e-31,824.8 -> 551.8,TAG1,2637263.7539072,2637263.7539072,1933930.3515625,1933930.3515625,1038101.35058598
TAG(52:6)_FA 18:2,0.17142584713412565,10.123606017537583,134.54970228438634,4.142210741063257e-31,7.378914948033616e-31,868.7 -> 571.7,TAG2,272376.018615714,272376.018615714,199319.374084566,199319.374084566,30585.602142329
TAG(60:5)_FA 18:0,-0.218129894868682,6.42600467858191,133.03912203812,8.864757468976513e-31,1.5718528289898168e-30,982.9 -> 681.9,TAG1,14343.840972899,14343.840972899,13750.380966188,13750.380966188,13223.7209701543
TAG(60:6)_FA 20:4,-0.19631023991699184,7.178153253194549,132.58745742576608,1.1129414643977683e-30,1.9643160408495172e-30,980.9 -> 659.9,TAG2,26361.1219635,26361.1219635,24891.121826177,24891.121826177,16139.201126097
TAG(58:9)_FA 16:1,0.16616423877469488,11.908093107948128,129.76061298682708,4.6230095425484056e-30,8.12207639814697e-30,946.8 -> 675.8,TAG1,720078.53002921,720078.53002921,528864.51733394,528864.51733394,586767.71972651
TAG(52:5)_FA 18:1,-0.1692922830483238,9.574121726961792,128.84597614975087,7.32906850212768e-30,1.2817503362168498e-29,870.8 -> 571.8,TAG1,165520.393249334,165520.393249334,153390.550750717,153390.550750717,20081.181518553
TAG(56:0)_FA 18:2,-0.18116589320181375,7.222800742553307,114.7319875990457,9.008595582962542e-27,1.5683145946702972e-26,936.9 -> 639.896,TAG2,28086.641967753,28086.641967753,26243.481903074,26243.481903074,14522.221069337
TAG(56:1)_FA 16:0,-0.16364199534237872,8.780197165076737,113.60136788766053,1.5932443898624165e-26,2.761142992385998e-26,934.9 -> 661.9,TAG1,82196.36547852,82196.36547852,75875.02490234,75875.02490234,45650.143035902
TAG(56:2)_FA 16:1,-0.15778280460380292,8.827148580704687,105.97896742501682,7.45219759797856e-25,1.2856719279395443e-24,932.9 -> 661.9,TAG1,84981.026000995,84981.026000995,78127.58581544,78127.58581544,47459.562988279
TAG(60:11)_FA 18:0,0.18840481547869406,6.471823971634261,102.66049770361842,3.977979474768587e-24,6.832135151732597e-24,970.9 -> 669.9,TAG1,18123.121322632,18123.121322632,13106.960823059,13106.960823059,10579.4207305929
TAG(54:1)_FA 18:1,0.14755213294722552,12.208180398907867,102.63334559882409,4.032876419492588e-24,6.895498520828845e-24,906.8 -> 607.8,TAG1,875776.52197288,875776.52197288,651569.38720719,651569.38720719,734094.1298827
TAG(58:2)_FA 20:0,0.16378941369520453,7.716945480781766,100.96362081832055,9.36884504479144e-24,1.5947856231800542e-23,960.9 -> 631.9,TAG2,43492.92288206,43492.92288206,31996.162200913,31996.162200913,22950.84152222
TAG(60:4)_FA 16:0,0.18217241892468045,6.567966678760186,99.61085685394826,1.854848481262342e-23,3.1433936651481284e-23,984.9 -> 711.9,TAG1,19922.221405015,19922.221405015,14470.480911254,14470.480911254,9760.620712282
TAG(52:5)_FA 20:0,-0.1741210113669706,6.841289784520486,98.2301993536764,3.7246617312374234e-23,6.284341158871952e-23,870.8 -> 541.8,TAG2,21755.741622936,21755.741622936,20229.021438607,20229.021438607,10709.740848541
TAG(54:2)_FA 20:4,-0.16430925922771253,7.431221704635755,98.1333815334553,3.911294658522175e-23,6.570288834271898e-23,904.8 -> 583.8,TAG2,32958.742080689,32958.742080689,30438.121932984,30438.121932984,15939.46113586
TAG(56:3)_FA 16:1,0.15696830073034496,8.037344574500732,97.6022346443144,5.1146177303229096e-23,8.554142317526963e-23,930.8 -> 659.8,TAG1,56737.48406982,56737.48406982,41937.523010245,41937.523010245,22572.421646124
TAG(52:5)_FA 18:2,-0.14287814076989394,12.040310846663207,96.45866831407848,9.112645582055145e-23,1.5174535904030957e-22,870.8 -> 573.8,TAG2,951155.06213382,951155.06213382,865459.870056711,865459.870056711,53969.083923335
TAG(60:12)_FA 16:1,-0.18650003990964445,6.396964812891553,93.33542517303677,4.414201981382383e-22,7.318785103330964e-22,968.9 -> 697.9,TAG1,13172.620925902,13172.620925902,12353.7807998666,12353.7807998666,16125.1412277163
TAG(54:7)_FA 16:1,-0.15066518583586588,8.303445279121572,92.35476567117159,7.2451330698044e-22,1.1960715369547782e-21,894.8 -> 623.8,TAG1,59746.044128424,59746.044128424,54657.404083263,54657.404083263,31719.182220434
TAG(60:4)_FA 18:0,-0.17362720606298684,6.6313145609740545,90.73541952293651,1.642269653401536e-21,2.6995247950763444e-21,984.9 -> 683.9,TAG1,17582.321365355,17582.321365355,16342.881225583,16342.881225583,12869.3609008776
TAG(54:3)_FA 18:1,-0.13497726873797888,14.401274996723952,86.82121546343531,1.1878839915871697e-20,1.944271661443957e-20,902.8 -> 603.8,TAG1,4283996.0585927,4283996.0585927,3876736.3789063,3876736.3789063,1778007.96679718
TAG(60:6)_FA 16:1,0.18857923886049896,6.152587373393071,86.19502299907808,1.630374708767973e-20,2.6571638870558882e-20,980.9 -> 709.9,TAG1,12158.260833741,12158.260833741,8792.0006103464,8792.0006103464,14912.32121277
TAG(60:0)_FA 20:4,-0.1724201313516858,6.52027889571015,85.1116896117769,2.819785642144148e-20,4.576177546361054e-20,992.9 -> 671.9,TAG2,15448.4010429368,15448.4010429368,14347.3811035181,14347.3811035181,14429.4208526611
TAG(50:4)_FA 18:1,0.13488473195139078,10.894523691085421,84.69277866915515,3.485210358560903e-20,5.632217583665931e-20,846.8 -> 547.8,TAG1,441760.11499024,441760.11499024,331563.82177726,331563.82177726,93089.90637205
TAG(48:3)_FA 18:0,-0.16175512769375275,6.9548116079474465,84.37724000282229,4.08827168159501e-20,6.5790254371886094e-20,818.8 -> 517.8,TAG1,21537.201599123,21537.201599123,19854.901382449,19854.901382449,17634.96122742
TAG(58:4)_FA 18:1,-0.15590504174976746,7.217210322454445,84.32635779114996,4.1948528475365244e-20,6.722295567391166e-20,956.9 -> 657.9,TAG2,27555.962097167,27555.962097167,25300.721771242,25300.721771242,16365.481170653
TAG(58:3)_FA 18:0,-0.16138913544836872,6.882342743740327,83.40031117305888,6.701144577778594e-20,1.0693909888705007e-19,958.9 -> 657.9,TAG1,21076.981506352,21076.981506352,19425.701324458,19425.701324458,15085.181060791
TAG(48:1)_FA 18:2,0.13559842348519974,9.736994259600912,82.95363816945869,8.400060732260402e-20,1.334947410977483e-19,822.8 -> 525.8,TAG2,196885.61584474,196885.61584474,147699.750778347,147699.750778347,43362.703033434
TAG(60:9)_FA 18:0,-0.14723541406638962,7.761789565214072,81.01551031271792,2.239530339189745e-19,3.54438066078377e-19,974.9 -> 673.9,TAG1,37440.762664772,37440.762664772,34170.562530512,34170.562530512,31638.04228209
TAG(58:10)_FA 16:0,-0.1531661149700983,7.089801194011437,77.73144762202148,1.1804685247340166e-18,1.8605738476260426e-18,944.8 -> 671.8,TAG1,23537.881622317,23537.881622317,21570.501556396,21570.501556396,19840.021392822
TAG(52:4)_FA 18:2,-0.12590337951536304,13.536617950964027,75.42383224968638,3.79778229780748e-18,5.961273033033872e-18,872.8 -> 575.8,TAG2,2598659.6777336,2598659.6777336,2336872.95617681,2336872.95617681,401849.28955078
TAG(48:0)_FA 16:1,0.1281676352384875,9.81526470270924,73.9553380505105,7.990458666712641e-18,1.2491206813677313e-17,824.8 -> 553.8,TAG1,189037.73413085,189037.73413085,142544.73071286,142544.73071286,87574.925842268
TAG(58:8)_FA 16:0,0.12226136240417704,11.906459560079114,70.26356042899144,5.188736732912116e-17,8.078399059777807e-17,948.8 -> 675.8,TAG1,705543.55249009,705543.55249009,534200.73486353,534200.73486353,593694.08081056
TAG(54:1)_FA 16:1,-0.1257649241231099,9.013567535393467,67.85942171178534,1.7557759894194056e-16,2.7225190443223983e-16,906.8 -> 635.8,TAG1,92474.40759278,92474.40759278,83150.64636231,83150.64636231,67597.744812014
TAG(56:4)_FA 16:1,-0.1405915174972834,7.1460215920282515,67.07557373011969,2.612959210081567e-16,4.0353361994404847e-16,928.8 -> 657.8,TAG1,25616.021881096,25616.021881096,23271.221588133,23271.221588133,17703.841217045
TAG(52:5)_FA 20:4,-0.11740569287909286,12.144928208471914,65.13645852034938,6.988704427454147e-16,1.0749693958694532e-15,870.8 -> 549.796,TAG2,956048.6015626,956048.6015626,854688.00732428,854688.00732428,241914.93933097
TAG(54:8)_FA 18:1,0.11877016096863627,10.421069088826355,64.57051919810164,9.31385313003232e-16,1.4211975094830192e-15,892.7 -> 593.7,TAG1,263429.11889647,263429.11889647,199938.01513672,199938.01513672,186310.45385744
TAG(58:2)_FA 16:1,-0.12602135565277417,8.319013016101202,64.57478016189573,9.293733454540397e-16,1.4211975094830192e-15,960.9 -> 689.9,TAG1,60008.104064938,60008.104064938,53967.363586389,53967.363586389,34469.822372424
TAG(50:2)_FA 16:0,-0.11523428679908206,13.554961783102696,63.16480004383277,1.901156410417856e-15,2.8894559729763443e-15,850.8 -> 577.8,TAG1,2409841.3710918,2409841.3710918,2151109.0820313,2151109.0820313,964553.3124998
TAG(48:2)_F A18:0,0.12313772220641468,8.426374548823024,62.591694089057,2.5432378188153402e-15,3.850039860103855e-15,820.8 -> 519.8,TAG1,73287.845886262,73287.845886262,55456.024108894,55456.024108894,30234.322021473
TAG(56:4)_FA 18:0,-0.131853117245152,7.369208506241921,61.93157489372635,3.5560159016253624e-15,5.362023977647692e-15,928.8 -> 627.8,TAG1,30719.881988537,30719.881988537,27739.361999522,27739.361999522,18621.721221925
TAG(60:9)_FA 16:1,0.11731621909985121,9.786134990269456,61.44403559885298,4.555080966196967e-15,6.841552980601719e-15,974.9 -> 703.9,TAG1,164072.132873562,164072.132873562,124653.388549827,124653.388549827,132730.00903322
TAG(60:10)_FA 16:1,-0.1303205626134124,7.367967077847745,59.006440547333554,1.57156727614262e-14,2.3512119795414976e-14,972.9 -> 701.9,TAG1,27955.161712659,27955.161712659,25216.081817637,25216.081817637,26202.101882926
TAG(60:6)_FA 18:0,-0.13241878780502186,7.095349106620411,58.423105487223125,2.1139370685962575e-14,3.150342012732944e-14,980.9 -> 679.9,TAG1,24149.181671139,24149.181671139,21814.721771239,21814.721771239,18940.461380005
TAG(50:3)_FA 18:1,0.11053850107555453,12.920975844302912,58.006827479743635,2.612096219430208e-14,3.8776467133401925e-14,848.8 -> 549.8,TAG1,1798275.1679702,1798275.1679702,1372668.7255863,1372668.7255863,356682.86120619
TAG(58:4)_FA 16:0,0.13843418160494525,6.7013346841917105,57.789164352619224,2.917725527000376e-14,4.314628868112525e-14,956.9 -> 683.9,TAG1,19835.96143341,19835.96143341,14851.321060183,14851.321060183,15259.2409744266
TAG(60:3)_FA 18:1,-0.12570999714026218,7.370990424157916,56.56862858206177,5.427080268065158e-14,7.994506702572906e-14,986.9 -> 687.9,TAG2,31383.322265601,31383.322265601,28218.021911628,28218.021911628,17107.201263423
TAG(54:8)_FA 20:0,-0.11684780499087952,8.381597219604293,55.86084097919288,7.778661254195527e-14,1.1414663832785007e-13,892.7 -> 563.7,TAG2,62803.26458737,62803.26458737,56123.144042969,56123.144042969,36181.202453616
TAG(58:6)_FA 16:0,-0.1265445882447635,7.383298354504506,55.79085449584969,8.0605649293303e-14,1.1783192244021012e-13,952.8 -> 679.8,TAG1,28279.342041013,28279.342041013,25441.821868907,25441.821868907,26507.141723638
TAG(54:6)_FA 16:0,-0.11532952223668137,8.363080005094185,54.71180285123653,1.3956558370225708e-13,2.0324569793902834e-13,896.8 -> 623.8,TAG1,65270.865203836,65270.865203836,58266.923767087,58266.923767087,27326.901855453
TAG(52:1)_FA 16:0,-0.1064149758188638,12.569214196220441,53.63357685949239,2.4159486533647564e-13,3.5049558115102337e-13,878.8 -> 605.8,TAG1,1205454.9843753,1205454.9843753,1069473.6767578,1069473.6767578,523306.11779797
TAG(58:3)_FA 16:0,0.11941239364421136,7.8776225475296435,52.52942450508985,4.2385013047111457e-13,6.125833961148561e-13,958.9 -> 685.9,TAG1,38774.542877196,38774.542877196,29416.082183846,29416.082183846,48137.803680402
TAG(50:4)_FA 18:0,-0.11828954697647366,7.634782292694143,52.16982190834172,5.090242564057809e-13,7.329183842233612e-13,846.8 -> 545.8,TAG1,37421.422607428,37421.422607428,33474.502380371,33474.502380371,21520.061538708
TAG(60:0)_FA 16:0,0.12118988720935817,7.129488946284135,49.74375280288183,1.7519513761302403e-12,2.513098790478959e-12,992.9 -> 719.9,TAG1,28050.681961059,28050.681961059,21254.281646735,21254.281646735,16519.781005855
TAG(54:0)_FA 18:0,0.10293141720183391,11.572172317752651,49.60109853068415,1.884081808466947e-12,2.692549748667316e-12,908.9 -> 607.896,TAG1,556987.68237324,556987.68237324,427410.45117189,427410.45117189,469021.93164058
TAG(54:6)_FA 20:0,-0.12200652220797097,7.013522513662135,49.26723942215506,2.233617404635023e-12,3.180206193216408e-12,896.8 -> 567.8,TAG2,23715.741729732,23715.741729732,21269.121582027,21269.121582027,15624.8611145
TAG(54:4)_FA 16:0,-0.11127763544104288,7.759832933841149,46.66023081225158,8.442506303791238e-12,1.19758515346372e-11,900.8 -> 627.8,TAG1,39406.482986452,39406.482986452,35079.282531742,35079.282531742,27490.662017828
TAG(60:5)_FA 16:0,-0.13525127927091476,6.134908072954097,46.201023654766914,1.0672120728537555e-11,1.5082738889409163e-11,982.9 -> 709.9,TAG1,11743.82080841,11743.82080841,10629.4207153317,10629.4207153317,11877.5208625792
TAG(48:1)_FA 16:1,0.09799410000436162,13.570759226353141,45.68049934199506,1.3920168949267597e-11,1.9600826130770186e-11,822.8 -> 551.8,TAG1,2595804.4511729,2595804.4511729,1998746.9160153,1998746.9160153,1037444.11474611
TAG(60:8)_FA 16:0,0.09819003547250325,9.821218959120285,43.17249235613147,5.012039458581247e-11,7.031542537130466e-11,976.9 -> 703.9,TAG1,170504.732910161,170504.732910161,131269.32901001,131269.32901001,128027.648986791
TAG(56:3)_FA 18:0,-0.10324083730740648,8.24214734262868,42.973708339108896,5.548046997406837e-11,7.755116788346052e-11,930.8 -> 629.8,TAG1,57220.704284648,57220.704284648,50654.363708516,50654.363708516,33034.162338244
TAG(56:2)_FA 16:0,0.1035625182493549,7.822362218414107,41.40127119072956,1.239767409486251e-10,1.7266578830299425e-10,932.9 -> 659.9,TAG1,48141.203338621,48141.203338621,36925.502746579,36925.502746579,19119.681457516
TAG(52:5)_FA 18:0,-0.1065348779794265,7.74529125271805,39.379773351966804,3.4889229684167055e-10,4.841512669940573e-10,870.8 -> 569.8,TAG1,28055.842117305,28055.842117305,24893.08172605,24893.08172605,56652.923858638
TAG(60:9)_FA 16:0,-0.10341754422962693,7.357080487753901,37.24988164450947,1.0392129927602273e-9,1.4368901668850797e-9,974.9 -> 701.9,TAG1,28480.88214111,28480.88214111,25215.662017826,25215.662017826,24721.361724852
TAG(58:5)_FA 16:1,-0.10591125206007018,6.99076284212629,36.773366462155884,1.3269065521728222e-9,1.8280762931014061e-9,954.8 -> 683.8,TAG1,23132.1815033,23132.1815033,20515.601318358,20515.601318358,16348.881378174
TAG(54:2)_FA 18:1,0.08790251347848115,13.491996534962224,36.733467349333765,1.3543430691407357e-9,1.8591877974225869e-9,904.8 -> 605.8,TAG1,2245936.5664063,2245936.5664063,1741490.8222656,1741490.8222656,1437880.91259753
TAG(60:6)_FA 16:0,-0.10725118708772062,7.0074355405618665,36.4901957668591,1.534360859426743e-9,2.0987864612872948e-9,980.9 -> 707.9,TAG1,20896.7615509,20896.7615509,18550.261276252,18550.261276252,23527.041641237
TAG(56:8)_FA 16:0,0.0866828279701643,11.755993742824876,35.252026990218255,2.8968043796035826e-9,3.948313442662534e-9,920.8 -> 647.8,TAG1,616670.26196288,616670.26196288,478568.23291,478568.23291,560915.87817384
TAG(52:1)_FA 18:1,0.08536517556449368,13.181200445422396,34.59296204550733,4.063728848986215e-9,5.51917783390681e-9,878.8 -> 579.8,TAG1,1737917.1464843,1737917.1464843,1349946.5908204,1349946.5908204,1318826.41308606
TAG(56:5)_FA 16:1,-0.09686568395288801,7.584468827058515,33.98288327279717,5.55990396441492e-9,7.524534340533266e-9,926.8 -> 655.8,TAG1,33251.44238278,33251.44238278,29305.901794424,29305.901794424,29277.802185054
TAG(60:11)_FA 16:1,-0.11433523536158142,6.095747538965469,32.781247262829694,1.0313500989398842e-8,1.390870027795689e-8,970.9 -> 699.9,TAG1,11655.660797116,11655.660797116,10397.7807312,10397.7807312,11140.840789796
TAG(56:0)_FA 18:0,-0.08610396097065115,8.858805538061329,31.44040171411168,2.056567293183969e-8,2.7637378010156497e-8,936.9 -> 635.9,TAG1,84086.966430672,84086.966430672,73558.62512206,73558.62512206,61182.524169932
TAG(60:5)_FA 18:1,0.10006678813764353,6.700254710613755,30.87882861509836,2.746517043472648e-8,3.6780280687063786e-8,982.9 -> 683.9,TAG2,20795.321380616,20795.321380616,15989.22113037,15989.22113037,11993.0808944681
TAG(60:1)_FA 18:0,-0.08492444905441375,8.472757902851942,29.58612138448895,5.34865409847156e-8,7.137750939772151e-8,990.9 -> 689.9,TAG1,64704.164306648,64704.164306648,56556.443939224,56556.443939224,46091.503143307
TAG(52:0)_FA 16:1,-0.08589996124961093,8.20590503041599,29.207561205596292,6.502495531298407e-8,8.647415932247535e-8,880.8 -> 609.8,TAG1,51456.223571777,51456.223571777,45007.143066376,45007.143066376,44338.643493641
TAG(56:5)_FA 20:0,-0.08190415541697775,8.409129603394458,27.984332804241795,1.2230164532641083e-7,1.6208141923880746e-7,926.8 -> 597.8,TAG2,73397.204864487,73397.204864487,64020.664306647,64020.664306647,14906.561065672
TAG(60:3)_FA 20:4,-0.09073521545386676,7.065476428115061,27.094825640992052,1.9371575715886458e-7,2.5583839652360395e-7,986.9 -> 665.9,TAG2,23550.021698003,23550.021698003,20667.621459966,20667.621459966,19815.761459351
TAG(54:0)_FA 18:1,0.07952830806767643,8.596510750192705,25.994813696604602,3.423357705387379e-7,4.5056563613861375e-7,908.9 -> 609.9,TAG1,69763.58465578,69763.58465578,54409.323791538,54409.323791538,61760.30444333
TAG(56:8)_FA 18:0,0.07409520351594664,10.927510543883376,25.4015360099688,4.6554728838764875e-7,6.106322310016078e-7,920.8 -> 619.8,TAG1,345713.24267562,345713.24267562,270642.58081054,270642.58081054,316690.84130859
TAG(56:3)_FA 16:0,-0.08571411272315374,7.158112148350462,24.77471346065806,6.44372800282456e-7,8.423030119733127e-7,930.8 -> 657.8,TAG1,25567.441650383,25567.441650383,22360.161529539,22360.161529539,19960.141540524
TAG(58:5)_FA 18:1,-0.08113533013062903,7.656286912837001,24.421141417444662,7.741447453909341e-7,1.0084946853222033e-6,954.8 -> 655.8,TAG2,37073.122680655,37073.122680655,32319.782562241,32319.782562241,25593.461990352
TAG(54:1)_FA 18:0,0.07111125667654261,13.178769375787969,24.013952827566992,9.56401068648757e-7,1.2417003704829625e-6,906.8 -> 605.8,TAG1,1819591.8437499,1819591.8437499,1427421.9062502,1427421.9062502,1107418.40380847
TAG(60:0)_FA 16:1,0.09316809804745468,6.340810721427835,23.420191890826512,1.302046544562639e-6,1.6847426573226037e-6,992.9 -> 721.9,TAG1,14779.021064759,14779.021064759,11417.8408432,11417.8408432,13191.540946961
TAG(54:6)_FA 16:1,-0.07881244664549382,7.493885555509402,22.749035553000063,1.845967601756269e-6,2.380490206978623e-6,896.8 -> 625.8,TAG1,35078.982360827,35078.982360827,30532.122276309,30532.122276309,17726.941345216
TAG(60:10)_FA 16:0,-0.09067894604685763,6.271972869043765,22.543053980379643,2.0548616717069307e-6,2.640979933770988e-6,972.9 -> 699.9,TAG1,14328.0011062594,14328.0011062594,12573.840919495,12573.840919495,9434.0006408708
TAG(50:3)_FA 16:1,-0.06709961692622719,13.676759256583201,21.429103756398412,3.6715556383515758e-6,4.7030294631727544e-6,848.8 -> 577.8,TAG1,2706148.7910162,2706148.7910162,2336337.9804691,2336337.9804691,958697.60302729
TAG(56:7)_FA 16:0,-0.06700902889872931,9.573158777537902,19.881191262448784,8.240711341438792e-6,1.0520641479236857e-5,922.8 -> 649.8,TAG1,135483.36999512,135483.36999512,116961.44873047,116961.44873047,108386.18750002
TAG(52:1)_FA 18:0,-0.06419572411595453,13.52460614143797,19.59800539484994,9.55689180860394e-6,1.2160430440848203e-5,878.8 -> 577.8,TAG1,2230879.1171875,2230879.1171875,1922143.8085936,1922143.8085936,1350424.69409158
TAG(52:0)_FA 18:0,0.06434849483626602,12.533443917141025,19.587913816916036,9.607504859117199e-6,1.218435218888042e-5,880.8 -> 579.8,TAG1,1114263.33398496,1114263.33398496,878217.34277316,878217.34277316,813070.89404308
TAG(58:1)_FA 16:0,-0.06798778244392076,8.262697636828287,18.653307500714753,1.5677506786465965e-5,1.98167825056649e-5,962.9 -> 689.9,TAG1,58280.103759764,58280.103759764,50346.783264144004,50346.783264144004,34752.702423101
TAG(52:0)_FA 18:1,0.06394736814449617,9.572452962482265,18.116510262287974,2.077918857839667e-5,2.617904350501949e-5,880.8 -> 581.8,TAG1,143490.41101076,143490.41101076,113124.78906249,113124.78906249,104065.76770021
TAG(52:6)_FA 20:4,-0.062055462831560146,10.274082890589346,17.6803181563995,2.61316542431656e-5,3.281450352502434e-5,868.7 -> 547.7,TAG2,263660.96093745,263660.96093745,226835.69458002,226835.69458002,71994.104797355
TAG(60:12)_FA 16:0,-0.08060821626189049,6.269186646695822,16.9593720143073,3.8188331360351404e-5,4.7797813434688195e-5,968.9 -> 695.9,TAG1,12860.9408798223,12860.9408798223,11207.880802155,11207.880802155,13791.4010353097
TAG(54:7)_FA 18:0,0.061507218320085384,9.76312267241797,16.93018330172517,3.878002881511254e-5,4.838029653481467e-5,894.8 -> 593.8,TAG1,166241.83129883,166241.83129883,131283.38891599,131283.38891599,112596.486999511
TAG(54:8)_FA 16:0,0.05941640320770816,11.458518522366614,16.49309961858126,4.88274549687037e-5,6.071725731497895e-5,892.7 -> 619.7,TAG1,493250.85498015,493250.85498015,390091.70971673,390091.70971673,465625.15014632
TAG(58:2)_FA 18:0,-0.06530187051980489,7.763307574982782,16.20018655014083,5.698850392745028e-5,7.063623625959048e-5,960.9 -> 659.9,TAG1,41661.282897953,41661.282897953,35923.242370596,35923.242370596,23562.841735843
TAG(52:1)_FA 16:1,0.056528241002059394,11.097111002133058,14.862251863593274,1.1565437869350204e-4,1.4288911948261704e-4,878.8 -> 607.8,TAG1,410420.6687007,410420.6687007,325235.18310531,325235.18310531,301388.7807617
TAG(58:8)_FA 18:2,-0.06167534418092204,7.842687858403829,14.555463196677914,1.360934688481631e-4,1.6760063848503685e-4,948.8 -> 651.8,TAG2,43232.543121343,43232.543121343,37184.50231932,37184.50231932,27095.782043454
TAG(50:2)_FA 16:1,-0.05493305830532175,12.396421168448123,14.26773901122712,1.5855931167420225e-4,1.946417191385239e-4,850.8 -> 579.8,TAG1,1010666.3652345,1010666.3652345,865225.5039063,865225.5039063,649199.9440917
TAG(52:0)_FA 16:0,0.055395462758372954,10.917869244214016,14.217844199631573,1.6281919792456714e-4,1.9923243707702624e-4,880.8 -> 607.8,TAG1,358477.10717752,358477.10717752,284295.98242188,284295.98242188,275095.58007814
TAG(60:7)_FA 18:0,0.05693905231031612,9.375400938319538,14.188693129992053,1.6536119033459332e-4,2.0169852196862817e-4,978.9 -> 677.9,TAG1,122421.86810303,122421.86810303,96984.787292494,96984.787292494,96640.047180201
TAG(56:8)_FA 16:1,-0.05622249921079473,9.608022707594513,14.031506039581979,1.7977311565493129e-4,2.1858128030424975e-4,920.8 -> 649.796,TAG1,140878.06909179,140878.06909179,120712.72827148,120712.72827148,107234.307556142
TAG(52:2)_FA 16:1,-0.05313904988524599,12.681374748823822,13.384957054733134,2.536504589287166e-4,3.074307777522103e-4,876.8 -> 605.8,TAG1,1330223.1123046,1330223.1123046,1137380.9189454,1137380.9189454,560083.97839337
TAG(60:8)_FA 18:0,0.05327041354795765,11.582558490346914,13.289529837187656,2.668924026861974e-4,3.224599060845855e-4,976.9 -> 675.9,TAG1,551299.13757317,551299.13757317,437861.05126958,437861.05126958,473344.31274432
TAG(56:2)_FA 18:0,0.056319149062103356,8.645446408069528,13.245253808480877,2.732709058619564e-4,3.280964167558912e-4,932.9 -> 631.9,TAG1,77911.145507817,77911.145507817,61749.12426759,61749.12426759,48642.103729236
TAG(58:7)_FA 16:1,0.06135100927136717,7.420615356166655,13.246250422760964,2.7312565445798047e-4,3.280964167558912e-4,950.8 -> 679.8,TAG1,31477.162200921,31477.162200921,24860.621887198,24860.621887198,25817.921981805
TAG(58:1)_FA 18:0,0.05346794523508519,8.979577790210868,12.234790417077225,4.690661241357034e-4,5.6141351732492e-4,962.9 -> 661.9,TAG1,96351.84680174,96351.84680174,76515.5249023,76515.5249023,65498.384704568
TAG(58:1)_FA 16:1,-0.054782220813326336,8.215549714793534,11.947045854911327,5.473409597023292e-4,6.530579051900066e-4,962.9 -> 691.9,TAG1,53815.503784143,53815.503784143,46066.32269289,46066.32269289,40928.742996203
TAG(58:0)_FA 16:1,-0.05655966349272484,7.165881399769568,10.90273495720362,9.602238101939977e-4,0.0011421295630568357,964.9 -> 693.9,TAG1,26803.701843262,26803.701843262,22972.381759644,22972.381759644,17783.021316526
TAG(60:0)_FA 18:1,-0.05869513134445478,6.785330425302379,10.857810559420962,9.837993837883072e-4,0.0011665484953279307,992.9 -> 693.9,TAG2,20862.941406249,20862.941406249,17907.281280516,17907.281280516,12891.5608406076
TAG(60:6)_FA 18:2,0.05946069939242116,6.739987413213559,10.817964173136197,0.0010051995941467613,0.0011882451992537332,980.9 -> 683.9,TAG2,20033.481475829,20033.481475829,15843.161117552,15843.161117552,15198.661041262
TAG(50:1)_FA 18:0,0.047668315390274364,12.49246286446774,10.751350792875712,0.0010420323366663183,0.0012279950305944614,852.8 -> 551.8,TAG1,1126847.8457034,1126847.8457034,898464.0058596,898464.0058596,676824.68945302
TAG(58:10)_FA 16:1,0.05260736945420095,7.864186059177324,10.50446251477451,0.0011908659353927573,0.00139908482593689,944.8 -> 673.8,TAG1,43351.703186014,43351.703186014,34447.262329095,34447.262329095,33205.982421872
TAG(54:1)_FA 16:0,-0.049144689663665135,9.120679083171382,10.480720993071367,0.001206266724899786,0.001412844512650208,906.8 -> 633.8,TAG1,106777.94750976,106777.94750976,91045.94616697,91045.94616697,61838.664428679
TAG(60:1)_FA 16:0,0.05385611261122409,7.335584249441074,10.270269204421025,0.0013519107535666089,0.0015786031055366196,990.9 -> 717.9,TAG1,32132.461959823,32132.461959823,25510.361900326,25510.361900326,17808.541122436
TAG(58:6)_FA 20:4,0.04927642348614061,8.578680030546813,10.126811972107552,0.0014612793374012738,0.0017011245781905408,952.8 -> 631.8,TAG2,76917.325744612,76917.325744612,61259.784515404,61259.784515404,39882.082824701
TAG(60:1)_FA 18:2,0.055929938959709935,6.802908018527051,9.8286671430275,0.0017181280580766437,0.0019940698371010744,990.9 -> 693.9,TAG2,21577.681457519,21577.681457519,17106.181259157,17106.181259157,14042.5209732049
TAG(60:6)_FA 18:1,-0.05222471951959545,6.6231903704267365,8.134302842448657,0.004343554501060703,0.005025925600925224,980.9 -> 681.9,TAG2,17925.621185301,17925.621185301,15317.241088868,15317.241088868,13682.8409881612
TAG(50:2)_FA 18:1,0.04072437455142096,13.005912971156942,7.870286046052314,0.005025370302129675,0.005797339836492968,850.8 -> 551.8,TAG1,1599052.4296879,1599052.4296879,1281115.9648438,1281115.9648438,978995.17041022
TAG(60:12)_FA 18:0,-0.05240934816550731,6.388845122437882,7.779348160737443,0.005284686222073786,0.006078182651814594,968.9 -> 667.9,TAG1,15708.601181029,15708.601181029,13424.5409698472,13424.5409698472,10315.140853881
TAG(58:7)_FA 18:1,-0.04434226292517366,7.879517905616162,7.573249461693054,0.005924088618483964,0.006793191439758557,950.8 -> 651.8,TAG2,44980.343200655,44980.343200655,38225.762603764,38225.762603764,26851.781723023
TAG(60:0)_FA 18:0,-0.042493670146670603,8.183214834644852,7.18698844888248,0.007343412660198644,0.008395603130913672,992.9 -> 691.9,TAG1,53995.743843077,53995.743843077,45828.58322144,45828.58322144,37105.722854573
TAG(58:6)_FA 16:1,-0.047648700751947874,6.854459741235132,7.140351163385232,0.00753683987524448,0.008591100214936417,952.8 -> 681.8,TAG1,20817.94155884,20817.94155884,17732.361343389,17732.361343389,16720.021118165
TAG(58:10)_FA 18:0,0.041917240622541777,7.630460262282228,6.561945124468854,0.010418242626300141,0.011840317287456837,944.8 -> 643.8,TAG1,39998.942840594,39998.942840594,32019.542190549,32019.542190549,19980.561523432
TAG(50:0)_FA 16:1,-0.038380442560688975,9.011023040738456,6.315512378389322,0.01196861542604849,0.013562070142534235,852.8 -> 581.8,TAG1,94667.18652343,94667.18652343,80119.48547364,80119.48547364,68801.964172374
TAG(50:0)_FA 16:0,-0.036290421934201456,12.299245723739574,6.221620160187657,0.012619957802130105,0.014257946425415429,852.8 -> 579.8,TAG1,939338.6240236,939338.6240236,793837.638672,793837.638672,634365.98388711
TAG(60:7)_FA 16:1,-0.04285132482998495,6.860004709670484,5.683714505304056,0.017123079508640077,0.0192886454464975,978.9 -> 707.9,TAG1,19919.881408692,19919.881408692,16911.081253053,16911.081253053,19589.341476447
TAG(58:9)_FA 18:0,-0.036594709508712256,8.661225880533891,5.555102686394983,0.01842689199722151,0.020696479867847034,946.8 -> 645.8,TAG1,71423.184875474,71423.184875474,60372.663879405,60372.663879405,61349.48454286
TAG(60:8)_FA 16:1,-0.03730167641936836,7.991848568681345,5.388057651665203,0.020275027179336443,0.022705659092648708,976.9 -> 705.9,TAG1,46375.283264146,46375.283264146,39219.362792947,39219.362792947,35104.022399884
TAG(52:6)_FA 18:0,-0.03682855562741123,7.8894479021211685,5.1621424629037085,0.02308440413740628,0.02577646292894054,868.7 -> 567.7,TAG1,42474.963317854,42474.963317854,35909.102417008,35909.102417008,34621.242553716
TAG(60:1)_FA 16:1,0.03918294257535355,7.093092718763159,5.102757970080358,0.023887832812614557,0.026596046416370277,990.9 -> 719.9,TAG1,25513.1417312579,25513.1417312579,20462.2614936856,20462.2614936856,19063.7214660661
TAG(56:5)_FA 18:2,-0.03457809656297541,8.614346741778096,5.017227876864989,0.02509631598065151,0.027860547885766748,926.8 -> 629.8,TAG2,78274.184997552,78274.184997552,66071.264282213,66071.264282213,36751.762573247
TAG(54:0)_FA 18:2,-0.03731082938003909,7.260219620048012,4.78990214440836,0.028627052907093633,0.031688327350915785,908.9 -> 611.9,TAG2,27916.281890863,27916.281890863,23608.821670526,23608.821670526,21360.161499021
TAG(58:0)_FA 18:2,-0.03959664703092675,6.601728473659503,4.693780141930455,0.03027198001596419,0.033412588893701106,964.9 -> 667.9,TAG2,18191.121246336,18191.121246336,15408.641174316,15408.641174316,12202.6609191904
TAG(58:3)_FA 20:0,-0.034601155401403655,6.999191480434671,3.9527301389031297,0.04679538885721463,0.05150182164457818,958.9 -> 629.9,TAG2,24286.321487423,24286.321487423,20500.42134094,20500.42134094,15240.701080325
TAG(50:3)_FA 18:0,-0.028557339239506655,10.476948856493312,3.762285291402539,0.05242088665116717,0.057527792514031596,848.8 -> 547.8,TAG1,303708.66284184,303708.66284184,255292.93640153,255292.93640153,91033.54663085
TAG(56:6)_FA 20:0,-0.02978065090880638,7.6433358015554305,3.3236699765900197,0.06828922812612134,0.07472792677801278,924.8 -> 595.8,TAG2,39559.702972396,39559.702972396,33281.502441407,33281.502441407,19717.421417242
TAG(58:9)_FA 16:0,0.028944250202440267,7.910055779874908,3.2183790019137013,0.07281570443693357,0.07945417321750871,946.8 -> 673.8,TAG1,45615.962829574,45615.962829574,36845.862670909,36845.862670909,31186.762481682
TAG(60:2)_FA 18:0,-0.03056376717983379,7.2079692540823,3.190582573239835,0.07406361300576228,0.08058626074206521,988.9 -> 687.9,TAG1,27265.681854242,27265.681854242,22951.0216217,22951.0216217,19860.781463625
TAG(52:6)_FA 18:1,0.027324495559402757,8.166148000140339,2.7925320774797364,0.09470447609104568,0.10275301513561047,868.7 -> 569.7,TAG1,40049.842895478,40049.842895478,32386.222290038,32386.222290038,73065.745330751
TAG(56:5)_FA 16:0,-0.028030394672410006,7.575667000733592,2.742471373901591,0.09771354180267942,0.1057183234757803,926.8 -> 653.8,TAG1,29512.542114274,29512.542114274,24798.742004394,24798.742004394,40484.902587897
TAG(58:8)_FA 18:0,0.02310265762118431,11.253675124659948,2.484898562817552,0.1149437589022542,0.12400974551989677,948.8 -> 647.8,TAG1,420037.45165992,420037.45165992,340657.86376951,340657.86376951,410344.10937488
TAG(56:6)_FA 18:2,-0.024923154059506278,7.911383179777262,2.4073313254202637,0.1207680888639695,0.12992746639016942,924.8 -> 627.8,TAG2,46789.023498533,46789.023498533,39231.202575694,39231.202575694,26175.681900023
TAG(60:7)_FA 16:0,0.02400130214506064,8.033199078913487,2.236201470370984,0.13481179768717352,0.1446300238492646,978.9 -> 705.9,TAG1,48073.323364261,48073.323364261,38964.042755107,38964.042755107,37767.222717296
TAG(60:2)_FA 16:0,-0.025259245597163707,6.69075469138273,1.9744628535089679,0.1599749509842393,0.171146386108837,988.9 -> 715.9,TAG1,20037.021530151,20037.021530151,16804.361289979,16804.361289979,11311.9007797245
TAG(50:1)_FA 18:1,0.02078115110152843,9.422225071621728,1.9012844380177198,0.1679346200041393,0.17916144696820435,852.8 -> 553.8,TAG1,129834.98852539,129834.98852539,105468.06689455,105468.06689455,88087.785461441
TAG(56:1)_FA 18:0,0.020944395110286815,9.131561787099693,1.8962355991113302,0.16850028118260002,0.17926557692482167,934.9 -> 633.9,TAG1,105160.20751951,105160.20751951,85414.48632814,85414.48632814,74464.645324697
TAG(58:3)_FA 16:1,0.022309615066164946,7.336384588850213,1.7446914769003903,0.1865454818304595,0.19791390454588917,958.9 -> 687.9,TAG1,30554.862197862,30554.862197862,24794.1618805,24794.1618805,21119.361480719
TAG(54:5)_FA 16:1,0.02105148088846751,7.761323469174125,1.6743237995777716,0.19568039662682157,0.2070320218455046,898.8 -> 627.8,TAG1,41889.003112785,41889.003112785,34021.062622056,34021.062622056,25990.041717534
TAG(58:3)_FA 18:1,-0.0183515335510922,7.910937215934205,1.315542382273279,0.25139362332831106,0.265244511665959,958.9 -> 659.896,TAG2,48940.243774413,48940.243774413,40848.442871092,40848.442871092,20881.2816009531
TAG(50:2)_FA 18:0,0.01649419619967246,12.332408235538868,1.2873896355472105,0.25652956541082844,0.26991984492403104,850.8 -> 549.8,TAG1,1120630.36035149,1120630.36035149,913023.87646476,913023.87646476,323282.22436545
TAG(58:8)_FA 16:1,-0.015581815173292478,9.568748516880929,1.0743055989100216,0.2999749342011887,0.3147682186275487,948.8 -> 677.8,TAG1,136769.029418941,136769.029418941,113936.62817383,113936.62817383,109856.608032255
TAG(58:5)_FA 16:0,-0.017796955109451743,6.931597702379826,1.0134712352869022,0.3140726722861774,0.3286607472284315,954.8 -> 681.8,TAG1,22158.48147583,22158.48147583,18487.681335445,18487.681335445,17688.361190794
TAG(58:7)_FA 16:0,0.014459319256505733,9.60426329182619,0.9258263821108389,0.33594979059743557,0.350596102994054,950.8 -> 677.8,TAG1,139817.31066898,139817.31066898,114075.72827148,114075.72827148,116892.488281278
TAG(58:4)_FA 16:1,-0.014683350104684483,7.774398253667915,0.7822670446820266,0.3764486925038549,0.3917930685570011,956.9 -> 685.9,TAG1,34523.962371815,34523.962371815,28742.582153325,28742.582153325,44916.143508902
TAG(58:6)_FA 18:0,0.013102964048906705,7.6923167650455015,0.631443795120148,0.4268262144949031,0.4430201630123249,952.8 -> 651.8,TAG1,36953.162780748,36953.162780748,30178.122222888,30178.122222888,32166.582092298
TAG(58:0)_FA 16:0,0.010514703427361986,8.14809050616747,0.43751684409594016,0.5083234103450072,0.5261834220598318,964.9 -> 691.9,TAG1,53235.403259278,53235.403259278,43553.222839338,43553.222839338,37296.322509763
TAG(56:4)_FA 18:1,-0.009979217435246546,8.643562827345757,0.41871328943888103,0.5175797870337556,0.5343209122208312,928.8 -> 629.8,TAG2,80296.226196312,80296.226196312,66632.204650882,66632.204650882,38154.782714822
TAG(52:2)_FA 18:1,0.008837213849860899,14.140271948748374,0.37204551685395915,0.5418913920319341,0.5567404745932726,876.8 -> 577.8,TAG1,3532545.7148427,3532545.7148427,2893426.9570322,2893426.9570322,2009908.42675761
TAG(60:10)_FA 18:0,0.010931486047377257,6.752449896581988,0.37146983590455024,0.5422041697736049,0.5567404745932726,972.9 -> 671.9,TAG1,20570.621398925,20570.621398925,16824.48120117,16824.48120117,13447.340950011
TAG(54:8)_FA 18:0,0.00837431579239947,10.933842480181625,0.32513995022851105,0.5685349734298119,0.5822162963198341,892.7 -> 591.696,TAG1,359218.66088861,359218.66088861,294322.16357406,294322.16357406,272257.07885737
TAG(56:4)_FA 16:0,-0.00942363419695672,7.529673977906499,0.316906996220887,0.573472382869058,0.5857064603702646,928.8 -> 655.8,TAG1,32342.962066653,32342.962066653,26828.821746811,26828.821746811,29915.102264414
TAG(60:3)_FA 18:0,0.007274604564483025,7.782738340570551,0.19504364399284607,0.6587515739181393,0.6710155659857642,986.9 -> 685.9,TAG1,37213.022582976,37213.022582976,30513.36209105,30513.36209105,39456.582420362
TAG(54:2)_FA 16:1,-0.0063649166306387174,9.376170224215405,0.1790666380387125,0.6721765869988424,0.6828743576142087,904.8 -> 633.8,TAG1,135293.56994627,135293.56994627,111989.72766114,111989.72766114,59565.224426284
TAG(58:7)_FA 18:0,-0.00501943322373803,9.261166401733764,0.10940505661503211,0.740822489532581,0.7506217288121125,950.8 -> 649.8,TAG1,109311.567382805,109311.567382805,90398.68701174,90398.68701174,92795.22729491
TAG(60:2)_FA 16:1,-0.00536727931741409,7.313321087316261,0.10182614032433954,0.7496491030395934,0.7575609669239163,988.9 -> 717.9,TAG1,31210.402229299,31210.402229299,25816.661743157,25816.661743157,17027.701126099
TAG(58:4)_FA 18:0,0.004600100688806298,6.772670570924195,0.06520071846862048,0.7984571767111304,0.804760786000955,956.9 -> 655.9,TAG1,20012.561492919,20012.561492919,16440.041137698,16440.041137698,15843.701126098
TAG(48:3)_FA 18:1,0.0039109220231443075,8.45133854795084,0.06340925058516536,0.8011864317683416,0.8053921348222436,818.8 -> 519.8,TAG1,72179.104858393,72179.104858393,59322.464294451,59322.464294451,29469.821929941
TAG(54:5)_FA 16:0,0.0030184003050907652,7.541336726451845,0.03364298316345667,0.8544682987682733,0.8567051267755202,898.8 -> 625.8,TAG1,37465.442687986,37465.442687986,30811.1022339,30811.1022339,17856.021331783
TAG(56:5)_FA 18:1,-0.001090966369915309,7.871330611680637,0.004594074635757579,0.9459610805532996,0.9459610805532996,926.8 -> 627.796,TAG2,46217.162841809,46217.162841809,38116.822998055,38116.822998055,24595.441864016
