lipid,logFC,logCPM,LR,PValue,FDR,Transition,type,OG3x,OG3xcopy,YG3x,YG3xcopy,Blank
TAG(48:1)_FA 16:0,-0.6440607550439819,12.797375628097626,1930.8984390469993,0,0,822.8 -> 549.8,TAG1,430516.85375974,430516.85375974,697765.97119128,697765.97119128,346247.02294909
TAG(48:2)_FA 16:0,-0.6553085685170386,11.116971536073939,1923.2842569824081,0,0,820.8 -> 547.8,TAG1,134757.4692383,134757.4692383,220119.49536122,220119.49536122,103343.92736815
TAG(48:2)_FA 16:1,-0.6173490224015596,12.781280446007445,1774.729003324035,0,0,820.8 -> 549.8,TAG1,427672.12927236,427672.12927236,680439.54101538,680439.54101538,353761.38647432
TAG(48:3)_FA 16:1,-0.6632029548014379,11.10259500427034,1967.2813098157728,0,0,818.8 -> 547.8,TAG1,131682.78930666,131682.78930666,216277.39575203,216277.39575203,107561.92736815
TAG(50:1)_FA 18:2,-0.9015497983676521,8.481412283459527,2812.056364994828,0,0,852.8 -> 555.8,TAG2,19898.401214602,19898.401214602,38552.362609858,38552.362609858,14176.0610122697
TAG(52:0)_FA 18:0,0.6900214882370824,13.448550550487791,2225.418641115786,0,0,880.8 -> 579.8,TAG1,962599.28662092,962599.28662092,618822.8037108,618822.8037108,813070.89404308
TAG(52:0)_FA 18:2,-0.8214720409542321,8.795976273620782,2459.7793540739185,0,0,880.8 -> 583.8,TAG2,25055.421936034,25055.421936034,45922.803283699,45922.803283699,20486.561508174
TAG(52:0)_FA 20:4,-0.7469280314183628,8.20068384040252,1810.8758048198608,0,0,880.8 -> 559.8,TAG2,16535.8211212163,16535.8211212163,28781.462036137,28781.462036137,16182.9012146
TAG(52:1)_FA 16:0,0.5986037085054211,12.881124192201932,1669.181647135143,0,0,878.8 -> 605.8,TAG1,643643.42590345,643643.42590345,440844.67187536,440844.67187536,523306.11779797
TAG(52:1)_FA 18:1,0.6518700412239743,14.142166676120311,1997.8203807937277,0,0,878.8 -> 579.8,TAG1,1539352.6353758,1539352.6353758,1016116.8144534,1016116.8144534,1318826.41308606
TAG(52:1)_FA 20:4,-0.8409181062627445,7.933667209285005,2175.3491796397275,0,0,878.8 -> 557.8,TAG2,13710.180992126,13710.180992126,25469.7417411762,25469.7417411762,10898.6408615127
TAG(52:2)_FA 16:0,0.5867009765127882,13.101536853845134,1608.751595583526,0,0,876.8 -> 603.8,TAG1,767597.97412101,767597.97412101,530099.220703,530099.220703,557451.97900371
TAG(52:2)_FA 16:1,0.6383478328762826,12.986098932862317,1898.7491712903898,0,0,876.8 -> 605.8,TAG1,700838.10461428,700838.10461428,466975.17285152,466975.17285152,560083.97839337
TAG(52:2)_FA 20:0,-1.4244917808828708,9.667361193404401,8034.438967637648,0,0,876.8 -> 547.8,TAG2,37203.942779552,37203.942779552,103572.066589379,103572.066589379,21220.901458745
TAG(52:2)_FA 20:4,-1.8910603903912013,8.923325114956569,12358.398337447337,0,0,876.8 -> 555.8,TAG2,17222.021270749,17222.021270749,66250.6849364498,66250.6849364498,13397.440948484
TAG(52:3)_FA 16:0,0.6956090579026052,11.71504529923528,2210.2190503479424,0,0,874.8 -> 601.8,TAG1,341644.22583001,341644.22583001,218782.59375009,218782.59375009,114232.4680176
TAG(52:3)_FA 16:1,0.5642053794042555,13.208854068334237,1490.134246863779,0,0,874.8 -> 603.8,TAG1,820183.10449268,820183.10449268,575315.4248047,575315.4248047,604447.77929689
TAG(52:3)_FA 20:0,-2.267608327938195,9.16522605209245,17696.493081135093,0,0,874.8 -> 545.8,TAG2,16750.90104675,16750.90104675,83655.966735841,83655.966735841,13514.1008987399
TAG(52:4)_FA 16:0,-0.7742805379319667,11.40301561386078,2714.916597882259,0,0,872.8 -> 599.8,TAG1,175112.91271965,175112.91271965,310626.101867692,310626.101867692,45338.363220197
TAG(52:4)_FA 16:1,0.641844929486272,11.745042554608833,1885.8307828139264,0,0,872.8 -> 601.8,TAG1,342774.24462888,342774.24462888,227840.79614254,227840.79614254,119366.34832762
TAG(52:4)_FA 20:0,-1.0433161098720791,7.743975140222703,3142.259264195748,0,0,872.8 -> 543.8,TAG2,10929.660842896,10929.660842896,23362.36164855,23362.36164855,9665.1807708724
TAG(52:5)_FA 16:0,0.6568668653603206,9.06184710710812,1659.4055368721572,0,0,870.8 -> 597.8,TAG1,52599.263946533,52599.263946533,34600.342529303,34600.342529303,20699.681396484
TAG(52:5)_FA 16:1,-0.6170012390143437,11.249058706343716,1723.9044303943167,0,0,870.8 -> 599.8,TAG1,167102.09008781,167102.09008781,265800.536926408,265800.536926408,45620.763244645
TAG(52:5)_FA 20:0,-1.1092957690600052,8.002737904609686,3785.9722164124437,0,0,870.8 -> 541.8,TAG2,12844.1809158353,12844.1809158353,28739.421966543,28739.421966543,10709.740848541
TAG(52:6)_FA 20:0,-2.2086650161468957,10.047945142395504,18568.63120166876,0,0,868.7 -> 539.7,TAG2,30717.942138671,30717.942138671,147267.170288092,147267.170288092,37056.002838112
TAG(54:0)_FA 16:1,-1.273208909757129,9.602175474256073,6423.11772074866,0,0,908.9 -> 637.9,TAG1,37336.462585452,37336.462585452,93593.587768555,93593.587768555,25807.841674801
TAG(54:0)_FA 18:0,0.7486993338905055,12.51933657144342,2583.6658485635367,0,0,908.9 -> 607.896,TAG1,496523.41284184,496523.41284184,306476.14257809,306476.14257809,469021.93164058
TAG(54:1)_FA 18:0,0.7292203923864377,13.914337008839231,2491.4831206629665,0,0,906.8 -> 605.8,TAG1,1349324.82275382,1349324.82275382,844184.25146487,844184.25146487,1107418.40380847
TAG(54:1)_FA 18:1,0.7288428000109597,13.205851565168896,2473.4686809103896,0,0,906.8 -> 607.8,TAG1,803084.50170915,803084.50170915,502568.92187509,502568.92187509,734094.1298827
TAG(54:1)_FA 20:4,-1.2716339087944335,8.656874399196603,5588.160097352876,0,0,906.8 -> 585.8,TAG2,18459.461364743,18459.461364743,46223.063629211,46223.063629211,18394.621200559
TAG(54:2)_FA 18:0,0.6045132032166843,14.314119867802182,1721.8700591794193,0,0,904.8 -> 603.8,TAG1,1742194.27856456,1742194.27856456,1188387.1152342,1188387.1152342,1408184.19921906
TAG(54:2)_FA 18:1,0.754195012987081,14.291384970750997,2668.7396182075254,0,0,904.8 -> 605.8,TAG1,1763772.94091779,1763772.94091779,1084539.3330078,1084539.3330078,1437880.91259753
TAG(54:2)_FA 18:2,0.5897402907567054,13.313719897348278,1629.1264401119827,0,0,904.8 -> 607.8,TAG2,905693.66723647,905693.66723647,624151.125,624151.125,605129.36230462
TAG(54:2)_FA 20:4,-3.5215205977578488,10.276866171500446,41585.13346233711,0,0,904.8 -> 583.8,TAG2,17599.201309207,17599.201309207,209612.49600212,209612.49600212,15939.46113586
TAG(54:3)_FA 18:1,0.6356044459116754,14.631914424911704,1904.6089721287665,0,0,902.8 -> 603.8,TAG1,2181010.96484379,2181010.96484379,1455994.7402345,1455994.7402345,1778007.96679718
TAG(54:3)_FA 18:2,0.6350846292289325,14.404309862392095,1900.5911814320145,0,0,902.8 -> 605.8,TAG2,2003618.29614265,2003618.29614265,1338053.3359375,1338053.3359375,1159490.5710449
TAG(54:4)_FA 18:0,-1.8402840611653282,12.186839852876423,14760.890042643023,0,0,900.8 -> 599.8,TAG1,178817.57470705,178817.57470705,664093.30798322,664093.30798322,76013.00598142
TAG(54:4)_FA 20:4,0.6386257700469613,13.456622100531611,1911.0054277988595,0,0,900.8 -> 579.8,TAG2,1040389.48193354,1040389.48193354,693088.00878918,693088.00878918,599624.78466816
TAG(54:5)_FA 18:1,-1.4016002227880793,12.08011568226823,8780.210273729152,0,0,898.8 -> 599.8,TAG1,204611.15380852,204611.15380852,560649.13757336,560649.13757336,94749.587219234
TAG(54:5)_FA 20:0,-0.9456535365777982,8.656058118294494,3071.81886180315,0,0,898.8 -> 569.8,TAG2,19184.34144592,19184.34144592,38322.722473132,38322.722473132,29862.362243653
TAG(54:6)_FA 18:2,-1.3640086902591209,12.298716695724258,8370.518887528993,0,0,896.8 -> 599.8,TAG2,247287.45764158,247287.45764158,660157.76074223,660157.76074223,84518.786224336
TAG(54:6)_FA 20:0,-0.7290635215508638,8.218074190178152,1738.7682234465722,0,0,896.8 -> 567.8,TAG2,17034.561126708,17034.561126708,29284.662078862,29284.662078862,15624.8611145
TAG(54:8)_FA 20:4,-0.851288240147874,8.677256422548362,2572.97597783623,0,0,892.7 -> 571.7,TAG2,22269.801452628,22269.801452628,41669.542877217,41669.542877217,21182.301589976
TAG(56:0)_FA 18:1,-1.1198266689297323,9.55485870256591,4994.473019677548,0,0,936.9 -> 637.896,TAG2,38894.70263673,38894.70263673,87665.885742267,87665.885742267,25036.12173462
TAG(56:0)_FA 20:0,0.6024069018903585,11.813167871671272,1659.4372415074238,0,0,936.9 -> 607.9,TAG2,319265.1223145,319265.1223145,218095.55493163,218095.55493163,219011.41601566
TAG(56:1)_FA 18:2,-1.0815172034740135,9.532454682148154,4663.62348321118,0,0,934.9 -> 637.896,TAG2,39271.462951657,39271.462951657,86195.566101037,86195.566101037,23248.381790156
TAG(56:1)_FA 20:0,0.5753181802961286,12.335248083789075,1532.8974274045638,0,0,934.9 -> 605.896,TAG2,473241.834961026,473241.834961026,329407.14672859,329407.14672859,267081.57958977
TAG(56:1)_FA 20:4,-1.7515041821449968,8.764949114756222,10479.864563520328,0,0,934.9 -> 613.9,TAG2,16558.8813018813,16558.8813018813,57826.4647216878,57826.4647216878,12511.040817261
TAG(56:2)_FA 20:4,-0.8488673127373237,8.475413677064976,2449.093490286859,0,0,932.9 -> 611.9,TAG2,18854.641265872,18854.641265872,35220.22235108,35220.22235108,20872.54147339
TAG(56:3)_FA 16:1,-0.7637302609698077,9.071993059914819,2226.831960094128,0,0,930.8 -> 659.8,TAG1,31642.86224365,31642.86224365,55721.164001458,55721.164001458,22572.421646124
TAG(56:4)_FA 20:0,-4.320985493901467,12.162193530393047,63990.345734015275,0,0,928.8 -> 599.8,TAG2,39814.322570794,39814.322570794,825324.783203262,825324.783203262,27200.601989751
TAG(56:4)_FA 20:4,0.6363063768252174,12.717685614398697,1881.675644750877,0,0,928.8 -> 607.8,TAG2,605056.42480438,605056.42480438,403725.79150367,403725.79150367,405044.20703118
TAG(56:5)_FA 20:0,-0.9403553183520924,8.465870292699913,3035.5198909394508,0,0,926.8 -> 597.8,TAG2,19159.581405638,19159.581405638,38132.962707513,38132.962707513,14906.561065672
TAG(56:5)_FA 20:4,0.6569571245287523,13.723659112331358,2025.266311320101,0,0,926.8 -> 605.8,TAG2,1258144.81127948,1258144.81127948,827570.07812476,827570.07812476,721574.87622103
TAG(56:8)_FA 20:4,-3.0628388783035962,12.364701297007615,37002.56872729929,0,0,920.8 -> 599.8,TAG2,100354.72680664,100354.72680664,869726.44104002,869726.44104002,66905.824890145
TAG(58:1)_FA 20:4,-0.9059671328724495,8.130874155905433,2621.4157412308427,0,0,962.9 -> 641.9,TAG2,15098.820861816,15098.820861816,29343.101730359,29343.101730359,13352.380851745
TAG(58:3)_FA 20:4,-0.9711502520987325,8.830472521555281,3448.194792946249,0,0,958.9 -> 637.9,TAG2,24672.861572255,24672.861572255,50165.363708485,50165.363708485,17605.881286619
TAG(58:5)_FA 20:0,-0.8658842983635904,8.290495356944541,2488.3045722545403,0,0,954.8 -> 625.8,TAG2,17278.141128542,17278.141128542,32658.30204772,32658.30204772,14446.560981749
TAG(58:8)_FA 18:0,0.6052502306819275,12.36006843280339,1690.9209520666932,0,0,948.8 -> 647.8,TAG1,431710.06738256,431710.06738256,294328.02038586,294328.02038586,410344.10937488
TAG(58:8)_FA 20:0,-0.6570559339499875,10.198574321845788,1846.9314232129243,0,0,948.8 -> 619.796,TAG2,72560.385009761,72560.385009761,118667.38732911,118667.38732911,49043.503509492
TAG(58:9)_FA 20:4,-0.7375272872851051,8.408935103048476,1856.5907474031503,0,0,946.8 -> 625.8,TAG2,19658.781433106,19658.781433106,33994.882583626,33994.882583626,16575.9212493891
TAG(60:0)_FA 20:4,-0.7190558981567328,7.996775101338603,1601.549563699228,0,0,992.9 -> 671.9,TAG2,14444.0210609462,14444.0210609462,24659.5418624979,24659.5418624979,14429.4208526611
TAG(60:1)_FA 20:4,-1.678062367506797,8.22194778714587,8698.16124954969,0,0,990.9 -> 669.9,TAG2,11607.0608749397,11607.0608749397,38522.1627426137,38522.1627426137,9843.7006454452
TAG(60:11)_FA 18:0,-0.9314592428426461,7.854358824969475,2597.235189099629,0,0,970.9 -> 669.9,TAG1,12401.000946043,12401.000946043,24529.801605226,24529.801605226,10579.4207305929
TAG(60:11)_FA 20:0,-0.9861751458597634,8.152368792772142,3117.1633538096594,0,0,970.9 -> 641.9,TAG2,14980.181091308,14980.181091308,30776.922409056,30776.922409056,12503.24098205
TAG(60:12)_FA 18:1,-0.9271490663076739,7.99412786059346,2656.809647437316,0,0,968.9 -> 669.9,TAG2,13598.541015627,13598.541015627,26818.341857895,26818.341857895,12136.440773012
TAG(60:12)_FA 20:0,-0.8956301426180248,8.439537167550638,2755.127144656314,0,0,968.9 -> 639.9,TAG2,19386.701370235998,19386.701370235998,37407.162780749,37407.162780749,13729.441070559
TAG(60:2)_FA 20:0,-1.2355053662057698,8.790261084947524,5476.353781529165,0,0,988.9 -> 659.896,TAG2,21716.981628418,21716.981628418,53035.064041095,53035.064041095,14049.040977474
TAG(60:2)_FA 20:4,-1.9457090525304983,8.686040805724721,12488.627731538929,0,0,988.9 -> 667.9,TAG2,14123.0209541332,14123.0209541332,56426.7844619612,56426.7844619612,11669.760879518
TAG(60:3)_FA 16:0,-2.0605386104727232,8.62056460432804,13640.506677393538,0,0,986.9 -> 713.9,TAG1,12629.580986024,12629.580986024,54640.443725581,54640.443725581,11393.300865172
TAG(60:4)_FA 16:1,-1.5704463209739652,8.336582086324425,7872.832261314726,0,0,984.9 -> 713.9,TAG1,13159.8007774357,13159.8007774357,40536.062576285,40536.062576285,11631.9008560163
TAG(60:4)_FA 20:0,-1.2012475406647258,8.429298765950799,4810.547006147101,0,0,984.9 -> 655.9,TAG2,16330.42106628,16330.42106628,38944.742599477,38944.742599477,15574.660980222
TAG(60:4)_FA 20:4,-0.6060443509936363,11.138741874711556,1650.6340889997548,0,0,984.9 -> 663.9,TAG2,142797.868835478,142797.868835478,225422.552856402,225422.552856402,92551.126037624
TAG(60:5)_FA 20:0,-1.1003867712428432,8.535542743161235,4187.133655194064,0,0,982.9 -> 653.9,TAG2,19072.921554566,19072.921554566,42413.702850341,42413.702850341,13508.701049803
TAG(60:6)_FA 20:4,-1.162849358630696,8.912729964912796,4962.119794322954,0,0,980.9 -> 659.9,TAG2,24342.021881098,24342.021881098,56526.023406963,56526.023406963,16139.201126097
TAG(60:8)_FA 18:0,0.5895831355516385,12.637267494893079,1613.3929109967182,0,0,976.9 -> 675.9,TAG1,530082.035949461,530082.035949461,365341.32495115,365341.32495115,473344.31274432
TAG(60:8)_FA 20:4,-1.1170424232949812,8.316938364872778,4106.812623742107,0,0,976.9 -> 655.9,TAG2,15881.721069337,15881.721069337,35727.342689508,35727.342689508,13568.140827182
TAG(60:9)_FA 20:0,-0.8966384024667463,8.855965081546882,2954.8823799342126,0,0,974.9 -> 645.9,TAG2,25622.381927506998,25622.381927506998,49473.603210435,49473.603210435,19628.781448365
TAG(60:9)_FA 20:4,-0.8203883834928691,8.49927032147513,2345.352527344531,0,0,974.9 -> 653.9,TAG2,20825.101501465,20825.101501465,38140.622741689,38140.622741689,14674.521011354
TAG(52:2)_FA 18:2,0.5544119536854802,14.30853139559724,1450.5854325574633,2.139169e-317,1.0241271e-316,876.8 -> 579.8,TAG2,1830945.97668461,1830945.97668461,1293060.5527346,1293060.5527346,1091937.5898439
TAG(52:1)_FA 18:0,0.5524603341166601,14.22374714187687,1439.1442786680823,6.552049947e-315,3.0980680613e-314,878.8 -> 577.8,TAG1,1602248.80957039,1602248.80957039,1133080.5488282,1133080.5488282,1350424.69409158
TAG(58:10)_FA 20:0,-0.6261599689378817,8.757283139926075,1433.5260821206343,1.0894348614e-313,5.0884579502e-313,944.8 -> 615.8,TAG2,26523.721755982,26523.721755982,42458.643463167,42458.643463167,20026.021347046
TAG(56:2)_FA 20:0,0.5579944854669397,11.953465267979391,1431.420412969606,3.12435423127e-313,1.441720085033e-312,932.9 -> 603.9,TAG2,357225.7624511,357225.7624511,251656.17724609,251656.17724609,216023.715332138
TAG(56:8)_FA 16:0,0.5532222367767993,12.793972025946665,1424.3568635494819,1.070688732918e-311,4.8818307703297e-311,920.8 -> 647.8,TAG1,572170.66003426,572170.66003426,404414.78613291,404414.78613291,560915.87817384
TAG(58:4)_FA 20:0,-0.7008622674995588,7.6265747829511294,1396.9617119468458,9.608509303721709e-306,4.329481250971076e-305,956.9 -> 627.9,TAG2,11529.480773924,11529.480773924,19437.041366574,19437.041366574,9925.580780027
TAG(58:8)_FA 16:0,0.5451470583000647,12.954886340818199,1386.777688392071,1.569188748617125e-303,6.988363845585567e-303,948.8 -> 675.8,TAG1,650959.6276853,650959.6276853,462686.01562483,462686.01562483,593694.08081056
TAG(54:4)_FA 18:2,0.5366838792884701,14.755992266264428,1362.1680566950336,3.4951937006809327e-298,1.5386887211043648e-297,900.8 -> 603.8,TAG2,2490769.8413076,2490769.8413076,1780793.7285157,1780793.7285157,1472134.55224597
TAG(56:8)_FA 18:0,0.5442517376805557,11.932881831766968,1356.0291728891166,7.542100607047206e-297,3.2825278778398637e-296,920.8 -> 619.8,TAG1,311365.401367249,311365.401367249,221448.19604492,221448.19604492,316690.84130859
TAG(60:5)_FA 18:2,0.5809351780211023,9.437986558000414,1355.5994167175281,9.351502986053526e-297,4.0242984760207866e-296,982.9 -> 685.9,TAG2,65445.884445189,65445.884445189,45377.543075543,45377.543075543,30813.561981188
TAG(58:9)_FA 16:1,0.5378955784934478,12.898266489993318,1349.1476557510468,2.3599235203413805e-295,1.0042785647674986e-294,946.8 -> 675.8,TAG1,618565.12622062,618565.12622062,441876.25219715,441876.25219715,586767.71972651
TAG(58:10)_FA 18:0,0.5852338298620299,9.092856440564441,1327.9102544857303,9.727052694231747e-291,4.0939133866931417e-290,944.8 -> 643.8,TAG1,53127.724060069,53127.724060069,36727.022567726,36727.022567726,19980.561523432
TAG(52:1)_FA 16:1,0.5288769270840521,11.995603615993225,1284.4243293571787,2.7418835155350344e-281,1.141458028749911e-280,878.8 -> 607.8,TAG1,334897.12548828,334897.12548828,240736.25585939,240736.25585939,301388.7807617
TAG(56:6)_FA 20:4,0.5161077004599056,14.202760255955596,1257.4253201662248,2.020297303238462e-275,8.320149109035817e-275,924.8 -> 603.8,TAG2,1669825.88696289,1669825.88696289,1211003.0898436,1211003.0898436,1049822.17651351
TAG(58:3)_FA 16:0,0.5587742191003908,9.5556722019487,1255.3721542946225,5.6442842986652606e-275,2.2997456238178667e-274,958.9 -> 685.9,TAG1,65159.845306383,65159.845306383,45878.563598637,45878.563598637,48137.803680402
TAG(58:10)_FA 18:2,0.5126111379299252,12.54334921203375,1223.118692750205,5.767690187115955e-268,2.325289833332011e-267,944.8 -> 647.8,TAG2,545718.903076057,545718.903076057,396730.50952141,396730.50952141,285715.72009273
TAG(52:0)_FA 16:0,0.5100584144281213,11.895736462405551,1192.5890842077338,2.4882958829533536e-261,9.927263783032652e-261,880.8 -> 607.8,TAG1,313154.7827148,313154.7827148,228062.59716795,228062.59716795,275095.58007814
TAG(54:7)_FA 18:2,0.540609078128202,9.440252120547063,1181.818659530101,5.453015251492223e-259,2.1530977745582693e-258,894.8 -> 597.8,TAG2,67084.944366457,67084.944366457,47832.503387439,47832.503387439,24637.821563715
TAG(54:0)_FA 20:0,0.5086280746176234,11.20357592892109,1165.1153132623047,2.327062187293781e-255,9.094538956464471e-255,908.9 -> 579.9,TAG2,208698.93554687,208698.93554687,152140.83251953,152140.83251953,130511.56958007
TAG(52:2)_FA 18:1,0.49040003424537765,14.800428476474847,1138.1886873488415,1.655461393296123e-249,6.404461753862778e-249,876.8 -> 577.8,TAG1,2349220.81323283,2349220.81323283,1734349.7617187,1734349.7617187,2009908.42675761
TAG(48:2)_F A18:0,-0.5459677949436733,9.055771107273918,1132.6273007677232,2.6768285969772267e-248,1.0252253526422778e-247,820.8 -> 519.8,TAG1,32363.5222168,32363.5222168,49005.743682867,49005.743682867,30234.322021473
TAG(60:7)_FA 20:4,-0.5889826678468041,8.13402677177204,1128.0076373284267,2.701802894141054e-247,1.024545057877251e-246,978.9 -> 657.9,TAG2,17343.981231691,17343.981231691,27057.60186768,27057.60186768,13517.1808776822
TAG(60:4)_FA 18:1,0.5265753210547923,9.44210284424022,1118.6569073453527,2.9103367341677767e-245,1.09280291096692e-244,984.9 -> 685.896,TAG2,65611.744720469,65611.744720469,47239.383239755,47239.383239755,28219.301879878
TAG(54:5)_FA 20:4,0.4862234287748214,14.27246653990625,1117.123718227466,6.268567624322476e-245,2.3309333981703964e-244,898.8 -> 577.8,TAG2,1752184.78161623,1752184.78161623,1297328.7109377,1297328.7109377,1062895.28124999
TAG(60:9)_FA 16:1,0.5025083368653864,10.833317864952088,1114.2332742677318,2.6630653066125136e-244,9.80725011954416e-244,974.9 -> 703.9,TAG1,149368.828979514,149368.828979514,109352.24725341,109352.24725341,132730.00903322
TAG(58:8)_FA 20:4,-0.5714666078682591,8.368133569028739,1109.2790788629097,3.1778807613174943e-243,1.1591698396043813e-242,948.8 -> 627.8,TAG2,20165.141387942,20165.141387942,31079.122283931,31079.122283931,17551.3412628181
TAG(60:8)_FA 16:0,0.49657234756288926,10.817150117445307,1087.9724112008594,1.358393302621065e-238,4.908156933055357e-238,976.9 -> 703.9,TAG1,148650.710876498,148650.710876498,109275.2072754,109275.2072754,128027.648986791
TAG(52:6)_FA 20:4,-0.49291468709520814,10.686058212670726,1073.5152480438492,1.8847688901272425e-235,6.746415746904055e-235,868.7 -> 547.7,TAG2,108122.74719238,108122.74719238,157811.01123052,157811.01123052,71994.104797355
TAG(54:8)_FA 16:0,0.4794667761062077,12.458128489658238,1065.4807369648347,1.0508924913023882e-233,3.726776149711247e-233,892.7 -> 619.7,TAG1,436036.98767099,436036.98767099,324360.06103517,324360.06103517,465625.15014632
TAG(56:2)_FA 16:0,-0.5355342831414462,8.77326648838796,1057.3179336904257,6.248206413302191e-232,2.1954706938483846e-231,932.9 -> 659.9,TAG1,28130.522125243,28130.522125243,42289.08303832,42289.08303832,19119.681457516
TAG(56:6)_FA 20:0,-0.5459092998986133,8.519301421508901,1042.1633600001167,1.2293008654721626e-228,4.2802021043258026e-228,924.8 -> 595.8,TAG2,22580.401458738,22580.401458738,34190.502960205,34190.502960205,19717.421417242
TAG(54:3)_FA 20:0,-0.5444036329103095,8.483368526566785,1032.7359591399136,1.376454114239277e-226,4.749386718501289e-226,902.8 -> 573.8,TAG2,22287.461791983,22287.461791983,33711.742401125,33711.742401125,18202.42123413
TAG(58:9)_FA 18:1,0.4698527506948562,12.516272541937488,1028.1351311022195,1.3765326913772795e-225,4.707250185691947e-225,946.8 -> 647.8,TAG2,530384.836486988,530384.836486988,397181.72900385,397181.72900385,276720.0997314
TAG(60:3)_FA 18:0,0.5005029947376911,9.609128571269299,1022.7568013734532,2.0314806610306009e-224,6.885461001546196e-224,986.9 -> 685.9,TAG1,70314.244689956,70314.244689956,51548.323608394,51548.323608394,39456.582420362
TAG(60:10)_FA 18:2,0.4655085696925182,12.595171902008941,1010.5716228688219,9.044574256646073e-222,3.0386595967503913e-221,972.9 -> 675.9,TAG2,563313.28039559,563313.28039559,423112.52783191,423112.52783191,282049.25903316
TAG(58:7)_FA 20:0,0.46776117712306053,10.713963367499492,974.709266181519,5.644561468079243e-214,1.8798843845863913e-213,950.8 -> 621.8,TAG2,168227.571838354,168227.571838354,126160.929138196,126160.929138196,34886.402587902
TAG(56:3)_FA 20:0,-0.46313610346004724,10.613474188608317,944.6354154852743,1.944801290256498e-207,6.421197363519301e-207,930.8 -> 601.8,TAG2,103623.107421871,103623.107421871,148153.73144537,148153.73144537,70084.445068336
TAG(52:6)_FA 16:1,0.4842943864513899,9.403608292297555,944.4041220021991,2.1834992071225357e-207,7.147693985708814e-207,868.7 -> 597.7,TAG1,63512.584899899,63512.584899899,47088.003234866,47088.003234866,26351.681823726
TAG(60:9)_FA 18:1,0.44921305806640544,12.615066274335613,941.6552352460435,8.643663519489074e-207,2.80552807454603e-206,974.9 -> 675.896,TAG2,569886.197143775,569886.197143775,432911.84863295,432911.84863295,282027.86035146
TAG(54:4)_FA 18:1,0.44942757886681567,12.528764565994187,940.8992411042575,1.2619261187920287e-206,4.061493306700395e-206,900.8 -> 601.8,TAG1,523026.2407228,523026.2407228,397255.78662121,397255.78662121,302806.87841801
TAG(54:1)_FA 18:2,0.46592883179182526,10.00223177500082,911.8045494569129,2.664845157473521e-200,8.505297460936321e-200,906.8 -> 609.8,TAG2,86124.30554199,86124.30554199,64670.30450441,64670.30450441,66456.705444316
TAG(58:10)_FA 20:4,-0.4939849206818853,8.856446919870278,908.5905109902208,1.3315475129366347e-199,4.21473303681596e-199,944.8 -> 623.8,TAG2,29737.842132572,29737.842132572,43436.2427063,43436.2427063,22561.081558229
TAG(54:5)_FA 18:2,0.44025807258824523,12.729777166553095,906.3955795375366,3.994882725869757e-199,1.2541312164000957e-198,898.8 -> 601.8,TAG2,630961.72167986,630961.72167986,482292.01367213,482292.01367213,263485.03820812
TAG(54:4)_FA 20:0,-0.5415741374204258,7.929131598243736,898.3731416511665,2.2155448285451537e-197,6.898810319778812e-197,900.8 -> 571.8,TAG2,14698.441055298,14698.441055298,22189.141662587,22189.141662587,14435.26095581
TAG(54:7)_FA 18:0,0.4481959896468995,10.674996441895216,881.3598753297097,1.1066412274307218e-193,3.418093468596504e-193,894.8 -> 593.8,TAG1,134086.828430179,134086.828430179,101930.34741213,101930.34741213,112596.486999511
TAG(54:8)_FA 18:0,0.436387113267468,11.869399434940846,873.6260700603352,5.3124007486687274e-192,1.627719589392098e-191,892.7 -> 591.696,TAG1,300196.78247082,300196.78247082,230079.71533204,230079.71533204,272257.07885737
TAG(54:0)_FA 18:1,0.46593706680049823,9.607529284805928,870.9637870209204,2.0140000571834316e-191,6.121920808740114e-191,908.9 -> 609.9,TAG1,61506.524353012,61506.524353012,46184.663208,46184.663208,61760.30444333
TAG(60:2)_FA 16:0,-0.5486160567022664,7.616732013819783,850.8999263502897,4.633621786703428e-187,1.3973835781948134e-186,988.9 -> 715.9,TAG1,11873.740707398,11873.740707398,18012.6212387169,18012.6212387169,11311.9007797245
TAG(54:8)_FA 18:1,0.4264526660691361,11.399671864544262,823.6558395757271,3.88104275639668e-181,1.161280762265569e-180,892.7 -> 593.7,TAG1,219966.39489746,219966.39489746,169753.67309569,169753.67309569,186310.45385744
TAG(54:6)_FA 18:1,0.4471492215741527,9.25042715789935,791.764734657466,3.330945886670691e-174,9.889552516239338e-174,896.8 -> 597.8,TAG1,56288.763671884,56288.763671884,42820.722930922,42820.722930922,24243.701782225
TAG(58:2)_FA 18:0,-0.4477973321158836,8.85957350929692,746.7568564375289,2.03507198161351e-164,5.995635145830572e-164,960.9 -> 659.9,TAG1,30120.082031251,30120.082031251,42608.38275147,42608.38275147,23562.841735843
TAG(50:0)_FA 16:0,0.3988262644380659,13.145265467105018,746.249974012626,2.622979809588814e-164,7.668711962385616e-164,852.8 -> 579.8,TAG1,727627.76953114,727627.76953114,572385.399414,572385.399414,634365.98388711
TAG(52:6)_FA 18:2,-0.4483595282304542,8.890989363665993,743.0659507174279,1.2915845105126084e-163,3.747552026714614e-163,868.7 -> 571.7,TAG2,29112.181793212,29112.181793212,41198.642883301,41198.642883301,30585.602142329
TAG(54:3)_FA 18:0,0.399812868300668,12.23375684967222,741.9421540602403,2.267148405047279e-163,6.528705557391788e-163,902.8 -> 601.8,TAG1,425301.48999016,425301.48999016,334332.94287108,334332.94287108,232494.875793416
TAG(60:3)_FA 20:0,-0.4779080944176284,8.07733855040157,738.1039208953744,1.5490482126429821e-162,4.427503473449718e-162,986.9 -> 657.9,TAG2,17550.861312869,17550.861312869,25351.401931767,25351.401931767,12601.5809173586
TAG(52:3)_FA 18:2,0.39081848055824225,15.028832205895267,724.8960282911682,1.1535398989856535e-159,3.2726354171222616e-159,874.8 -> 577.8,TAG2,2891304.36718748,2891304.36718748,2287092.3203125,2287092.3203125,1758950.09814466
TAG(58:8)_FA 16:1,0.3890214618259708,10.61899528042379,662.4993609259291,4.273521452570104e-146,1.2034990561281985e-145,948.8 -> 677.8,TAG1,126185.4489746,126185.4489746,99940.14746097,99940.14746097,109856.608032255
TAG(58:4)_FA 16:1,0.4041264883877375,9.509814414637107,657.1335167341391,6.276604441524692e-145,1.7547003657693114e-144,956.9 -> 685.9,TAG1,60957.284210178,60957.284210178,47775.923736559,47775.923736559,44916.143508902
TAG(50:2)_FA 16:1,0.3709812137188875,13.216662964239575,646.5199377331,1.2763190087416386e-142,3.542247683681504e-142,850.8 -> 579.8,TAG1,764466.55285649,764466.55285649,613083.9814452,613083.9814452,649199.9440917
TAG(52:1)_FA20:0,-0.3933797958103257,9.681171627404638,638.5239246088064,6.9978632720054e-141,1.9281882253079628e-140,878.8 -> 549.8,TAG2,55235.863586426,55235.863586426,75245.145019513,75245.145019513,38707.923034678
TAG(58:3)_FA 20:0,-0.44440074326299006,8.099862755214911,635.219246664371,3.661764437743511e-140,1.0017541283255462e-139,958.9 -> 629.9,TAG2,17464.201278687,17464.201278687,24647.081832881,24647.081832881,15240.701080325
TAG(54:2)_FA 20:0,-0.38384894637076533,10.176214498626639,633.7624331371334,7.595046887065245e-140,2.0630517430822616e-139,904.8 -> 575.8,TAG2,79525.285522455,79525.285522455,107620.10791013,107620.10791013,49622.963806123
TAG(58:4)_FA 18:0,-0.4286537409397211,8.053845359121484,582.0741959512505,1.3270957870137888e-128,3.5794203269456417e-128,956.9 -> 655.9,TAG1,16752.481079101,16752.481079101,23385.981628414,23385.981628414,15843.701126098
TAG(56:8)_FA 16:1,0.35831679969153674,10.618235901799919,562.6621096983996,2.215761747328244e-124,5.934522721865157e-124,920.8 -> 649.796,TAG1,125864.169799813,125864.169799813,101830.02734375,101830.02734375,107234.307556142
TAG(58:3)_FA 18:1,-0.3826004655113296,8.888007617211343,551.4714701055224,6.024019359976131e-122,1.6022218158825404e-121,958.9 -> 659.896,TAG2,32355.182678202,32355.182678202,43747.823455819,43747.823455819,20881.2816009531
TAG(56:0)_FA 20:4,-0.3946968753523755,8.504469129150337,549.7737911477398,1.409937167632337e-121,3.7241788634702423e-121,936.9 -> 615.9,TAG2,24375.18164063,24375.18164063,33235.482208253,33235.482208253,17120.1012344377
TAG(54:1)_FA 20:0,0.34369088011092247,11.852806332975337,544.2670149536862,2.2241245531571123e-120,5.834518519583384e-120,906.8 -> 577.8,TAG2,316267.901733281,316267.901733281,258482.87792967,258482.87792967,191977.234008772
TAG(52:0)_FA 16:1,0.3731629835949976,9.285834154743455,542.5163585515563,5.345721742978688e-120,1.3927968894971683e-119,880.8 -> 609.8,TAG1,49677.603576641,49677.603576641,39780.022857657,39780.022857657,44338.643493641
TAG(58:7)_FA 18:0,0.3532039574487169,10.37024876251082,538.2117997006357,4.617989004365529e-119,1.1950606680216198e-118,950.8 -> 649.8,TAG1,104962.907287611,104962.907287611,85221.40551757,85221.40551757,92795.22729491
TAG(56:2)_FA 18:0,0.36307700654358455,9.60624596816683,535.9798826588556,1.41255886708351e-118,3.6309399066643244e-118,932.9 -> 631.9,TAG1,64148.584472672,64148.584472672,51728.243652353,51728.243652353,48642.103729236
TAG(58:3)_FA 18:0,-0.40552672071909585,8.088093522148828,528.3193990238595,6.555016168997798e-117,1.6737141284841043e-116,958.9 -> 657.9,TAG1,17601.081329347,17601.081329347,24179.861633296,24179.861633296,15085.181060791
TAG(52:5)_FA 18:1,-0.3937755522809606,8.379086671109258,526.9042618756426,1.331824900822613e-116,3.378072430563316e-116,870.8 -> 571.8,TAG1,21223.321441646,21223.321441646,28919.462036152,28919.462036152,20081.181518553
TAG(56:4)_FA 16:0,-0.3735455559903468,8.951651631400205,523.4914905811597,7.360828862058346e-116,1.8547351672160178e-115,928.8 -> 655.8,TAG1,31800.722290038,31800.722290038,42729.103210458,42729.103210458,29915.102264414
TAG(58:7)_FA 16:0,0.3446161067597966,10.671029019426216,521.4499478452891,2.046856397501798e-115,5.123830066948946e-115,950.8 -> 677.8,TAG1,128001.589111339,128001.589111339,104547.44726564,104547.44726564,116892.488281278
TAG(50:1)_FA 18:0,0.3326317714652577,13.35093323615037,520.8162546694917,2.811610423856373e-115,6.992511638551888e-115,852.8 -> 551.8,TAG1,842103.09863306,842103.09863306,693539.3105469,693539.3105469,676824.68945302
TAG(48:0)_FA 18:2,-0.4016354941624308,8.067691322114962,509.82787778174077,6.912952029790457e-113,1.7081681467159648e-112,824.8 -> 527.796,TAG2,16771.6411971992,16771.6411971992,22978.341537483,22978.341537483,17285.6612777734
TAG(56:7)_FA 18:2,0.3787278959359491,8.384717641264523,494.7287858562907,1.3331903208637797e-109,3.2731531595565875e-109,922.8 -> 625.8,TAG2,29112.362030032,29112.362030032,23222.361633308,23222.361633308,16566.5212554912
TAG(58:5)_FA 18:1,-0.3537316739164818,8.960107149439292,473.83266514853034,4.696343806296359e-105,1.1456685845933158e-104,954.8 -> 655.8,TAG2,33435.002075176,33435.002075176,44312.223022447,44312.223022447,25593.461990352
TAG(50:2)_FA 18:1,0.31505840329664286,13.836548320983715,469.0248960166833,5.223467999365353e-104,1.2661950909853989e-103,850.8 -> 551.8,TAG1,1161475.91137702,1161475.91137702,968291.5468751,968291.5468751,978995.17041022
TAG(58:2)_FA 20:4,-0.35863690298650025,8.565958354039225,461.00709829118983,2.9022164615023322e-102,6.990873614813794e-102,960.9 -> 639.9,TAG2,26183.601989738,26183.601989738,34819.96272278,34819.96272278,16412.941116336
TAG(60:7)_FA 18:0,0.32453140457125834,10.46813597278003,457.7764508061602,1.4647938039222834e-101,3.506350168138966e-101,978.9 -> 677.9,TAG1,112273.307556152,112273.307556152,92986.6665039,92986.6665039,96640.047180201
TAG(60:3)_FA 20:4,-0.35990797416680076,8.525099051884714,456.19602545442956,3.2337707083858214e-101,7.692758890135216e-101,986.9 -> 665.9,TAG2,24427.301788324,24427.301788324,32513.002319328,32513.002319328,19815.761459351
TAG(54:8)_FA 16:1,0.31272745068435237,11.884704833929181,452.5241940009501,2.0360315251475468e-100,4.813580704515496e-100,892.7 -> 621.7,TAG1,353048.80737299,353048.80737299,294803.30102537,294803.30102537,103938.42736817
TAG(56:7)_FA 16:0,0.31925813437157785,10.611463908569151,446.62373917534336,3.916421659903505e-99,9.202389544435844e-99,922.8 -> 649.8,TAG1,123204.069946301,123204.069946301,102413.36645508,102413.36645508,108386.18750002
TAG(50:1)_FA 18:1,0.31854261962504693,10.397070109911438,439.63228780369406,1.301591303803163e-97,3.0396918863208013e-97,852.8 -> 553.8,TAG1,108052.026977546,108052.026977546,89862.7866211,89862.7866211,88087.785461441
TAG(54:7)_FA 16:0,0.3075024232977951,11.368973535370369,431.25071301495933,8.68303143125345e-96,2.0155157807091343e-95,894.8 -> 621.8,TAG1,236550.19653324,236550.19653324,198241.13647451001,198241.13647451001,100671.34680173
TAG(54:7)_FA 20:4,-0.32510873229894216,9.412932760052765,424.366479854171,2.735532241537835e-94,6.311499087403559e-94,894.8 -> 573.8,TAG2,46555.703308106,46555.703308106,60489.304321286,60489.304321286,34081.3223877
TAG(52:4)_FA 20:4,0.299571370441341,13.31424427586981,422.78829002392865,6.03318566375878e-94,1.3836587480356962e-93,872.8 -> 551.8,TAG2,861184.07373069,861184.07373069,725694.7499999,725694.7499999,523350.19726559
TAG(60:12)_FA 18:0,-0.3751170293774717,7.7485367618414704,420.9729789438113,1.4985335469684113e-93,3.4162996933863185e-93,968.9 -> 667.9,TAG1,14477.721160888,14477.721160888,19474.241271971,19474.241271971,10315.140853881
TAG(54:5)_FA 18:0,0.32611872720993673,9.10584337027219,414.4491283492161,3.941650138784003e-92,8.9328520896702545e-92,898.8 -> 597.8,TAG1,48781.423278808,48781.423278808,40357.16329955,40357.16329955,22818.321502687
TAG(60:5)_FA 16:1,0.4008684037677007,7.298320169463698,411.49389817252467,1.7335829710324793e-91,3.9056604582672914e-91,982.9 -> 711.9,TAG1,13005.220901491,13005.220901491,10216.0007247915,10216.0007247915,10224.4006042472
TAG(60:11)_FA 18:1,-0.3676006631338191,7.915229028135082,408.8865150987625,6.404781659973251e-91,1.4345212723799739e-90,970.9 -> 671.9,TAG2,14965.401016237,14965.401016237,20025.621414182,20025.621414182,16851.4612083479
TAG(54:8)_FA 20:0,-0.3158421459321028,9.471895689934627,402.9099375182877,1.2808064349256216e-89,2.8520282824215876e-89,892.7 -> 563.7,TAG2,48488.363616946,48488.363616946,62597.024475101,62597.024475101,36181.202453616
TAG(58:5)_FA 16:0,-0.34312729077299353,8.269448208767791,393.2049487708845,1.6602108839208283e-87,3.6754957719172096e-87,954.8 -> 681.8,TAG1,20305.681304932,20305.681304932,26714.541900631,26714.541900631,17688.361190794
TAG(56:4)_FA 18:0,-0.33695510471531387,8.383741759041161,388.78177096734726,1.524362461590754e-86,3.3553495562601085e-86,928.8 -> 627.8,TAG1,22171.441619874,22171.441619874,29044.641967773,29044.641967773,18621.721221925
TAG(60:9)_FA 18:2,0.2944712025588819,10.462363259587157,379.57656658405523,1.5386841699058701e-84,3.3675202118511328e-84,974.9 -> 677.9,TAG2,120206.788360593,120206.788360593,101653.46777344,101653.46777344,69137.885101312
TAG(52:3)_FA 20:4,-0.2961553911582726,10.149305984290674,376.6295894645038,6.741570462678375e-84,1.4670576631851237e-83,874.8 -> 553.8,TAG2,79593.805541992,79593.805541992,101360.56701659,101360.56701659,52828.26361082
TAG(50:2)_FA 18:2,0.2890007511378813,10.970253739127516,374.618233431012,1.847898630953703e-83,3.998560314436544e-83,850.8 -> 553.8,TAG2,169273.95263672,169273.95263672,143691.19018558,143691.19018558,102328.20690917
TAG(48:3)_FA 18:2,-0.2804695396374335,11.630963241133081,361.01941248378427,1.68892624595347e-80,3.634037933708871e-80,818.8 -> 521.8,TAG2,224010.13574216,224010.13574216,282185.97998046,282185.97998046,146961.79016115
TAG(56:1)_FA 18:0,0.2910439965375421,10.058453163172903,357.6871652555652,8.978453163458047e-80,1.9210880232426993e-79,934.9 -> 633.9,TAG1,83086.865585328,83086.865585328,70429.9251709,70429.9251709,74464.645324697
TAG(52:2)_FA 18:0,0.274657603647095,12.195673298379592,350.11479599898564,4.000747680735638e-78,8.512702009565274e-78,876.8 -> 575.8,TAG1,381530.82666031,381530.82666031,327105.1640626,327105.1640626,275099.878357062
TAG(60:6)_FA 16:0,-0.32885007386828163,8.2397223085619,349.6969850878973,4.933163115720794e-78,1.0438682173044552e-77,980.9 -> 707.9,TAG1,18380.001235962,18380.001235962,23942.961578368,23942.961578368,23527.041641237
TAG(54:7)_FA 16:1,0.3004245961825979,9.062874135512644,345.18215953964756,4.745840578804485e-77,9.98712605319845e-77,894.8 -> 623.8,TAG1,43750.703124987,43750.703124987,36845.622711176,36845.622711176,31719.182220434
TAG(52:4)_FA 18:0,-0.3152812408579572,8.34722444810952,338.3944985749188,1.427324251546765e-75,2.9872414663519724e-75,872.8 -> 571.8,TAG1,21861.541458123,21861.541458123,28211.642333994,28211.642333994,17919.601318356
TAG(58:6)_FA 18:2,-0.2947074026797688,8.928918809619134,326.046059470253,6.981944706293504e-73,1.4533069687556585e-72,952.8 -> 655.8,TAG2,32610.902343742,32610.902343742,41487.462829578,41487.462829578,28216.02200317
TAG(52:3)_FA 18:0,0.2785717011765055,9.706584687045158,321.7475441168863,6.029086086696369e-72,1.2481837682187618e-71,874.8 -> 573.8,TAG1,71203.445495601,71203.445495601,60880.803955061,60880.803955061,39769.322937007
TAG(58:4)_FA 18:1,-0.3092364363659098,8.26631239406717,320.99725622399,8.783715972039549e-72,1.808689901769434e-71,956.9 -> 657.9,TAG2,20868.381355286,20868.381355286,26817.401885983,26817.401885983,16365.481170653
TAG(60:8)_FA 18:1,0.26041632579792456,10.474930468107695,297.3113471108006,1.26924930594347e-66,2.5995854768788717e-66,976.9 -> 677.9,TAG2,120498.127441403,120498.127441403,104333.80725097,104333.80725097,68206.24548341
TAG(56:3)_FA 18:2,0.25802454147475484,10.62781702021138,294.27557303365916,5.820639662932063e-66,1.1858005270760531e-65,930.8 -> 633.8,TAG2,133770.75,133770.75,116018.14794925,116018.14794925,76145.585235576
TAG(54:8)_FA 18:2,0.2655440165568154,9.50613596276235,286.03409405981057,3.636733969685271e-64,7.36967783274846e-64,892.7 -> 595.7,TAG2,60599.484313964,60599.484313964,52284.144042993,52284.144042993,37879.903076173
TAG(50:3)_FA 18:0,-0.25266014524279584,10.584815629700419,280.4705698769767,5.929951101623881e-63,1.1953533010115506e-62,848.8 -> 547.8,TAG1,103832.56762695,103832.56762695,128300.96936036,128300.96936036,91033.54663085
TAG(60:8)_FA 16:1,0.27060596387838903,9.067431241805707,278.9489156190267,1.2724688104069834e-62,2.55159976118259e-62,976.9 -> 705.9,TAG1,42385.742706277,42385.742706277,36441.562316903,36441.562316903,35104.022399884
TAG(60:3)_FA 16:1,-0.30868127960771186,7.673020989219334,270.6570193966356,8.160473756668023e-61,1.6278445045853402e-60,986.9 -> 715.9,TAG1,12931.3409042329,12931.3409042329,16611.341033936,16611.341033936,14326.861053466
TAG(60:10)_FA 16:1,0.2771857507701154,8.51777298983909,265.82730569226686,9.212035573484962e-60,1.8280878884169637e-59,972.9 -> 701.9,TAG1,28311.802001949,28311.802001949,24230.581848141,24230.581848141,26202.101882926
TAG(60:0)_FA 16:1,0.3076921272757536,7.492477263038375,254.33941694915376,2.9406240063461075e-57,5.80545873417814e-57,992.9 -> 721.9,TAG1,13982.4010238624,13982.4010238624,11716.40071869,11716.40071869,13191.540946961
TAG(58:9)_FA 20:0,-0.25133682681937,9.370494203223444,252.75164143917794,6.52484038031763e-57,1.2815455721341807e-56,946.8 -> 617.8,TAG2,46478.36328126,46478.36328126,57378.46392822,57378.46392822,33157.742462141
TAG(56:7)_FA 18:0,0.23406316429603283,11.143583699631826,248.2958526486695,6.108916041387298e-56,1.1937320631894567e-55,922.8 -> 621.8,TAG1,198544.21411143,198544.21411143,175079.43139649,175079.43139649,83608.225830094
TAG(48:2)_FA 18:1,-0.23374049400153982,11.096266699269385,246.00691804306157,1.927503204993345e-55,3.747379327474371e-55,820.8 -> 521.8,TAG1,149959.31054689,149959.31054689,182883.43310541,182883.43310541,126715.588806164
TAG(58:7)_FA 16:1,0.2586942771613899,8.713272749298481,242.40855402710528,1.1736644004781558e-54,2.2702700271875437e-54,950.8 -> 679.8,TAG1,33589.422607415,33589.422607415,29118.261962883,29118.261962883,25817.921981805
TAG(58:5)_FA 18:2,-0.2574712867815197,8.577983542421618,236.50883204068387,2.269649459097108e-53,4.3682198132371475e-53,954.8 -> 657.8,TAG2,26483.441879264,26483.441879264,32833.662353504,32833.662353504,20103.781593312
TAG(56:7)_FA 20:0,0.23449429825279894,9.85150796832868,230.2561074012401,5.241914877299346e-52,1.0038266990028248e-51,922.8 -> 593.8,TAG2,75576.745117176,75576.745117176,66624.844848641,66624.844848641,50116.763305657
TAG(58:7)_FA 20:4,-0.24899473782686243,8.824799165131855,229.79385697451272,6.611485148509619e-52,1.2598004039199922e-51,950.8 -> 629.8,TAG2,31174.842163103,31174.842163103,38423.542968734,38423.542968734,25154.241790776
TAG(50:2)_FA 16:0,0.21949971976446853,13.826031412865483,227.88410556674165,1.7250153443934784e-51,3.270697410409417e-51,850.8 -> 577.8,TAG1,1121437.57641614,1121437.57641614,998934.6347654,998934.6347654,964553.3124998
TAG(58:9)_FA 18:2,0.2267792294472102,10.604318184576428,227.12820163395222,2.521451941019559e-51,4.75722213502705e-51,946.8 -> 649.8,TAG2,130328.128723151,130328.128723151,115507.1081543,115507.1081543,74852.344787611
TAG(54:7)_FA 18:1,0.2424697112696339,9.080251706814833,225.22409209176666,6.56047247533579e-51,1.2316965480654938e-50,894.8 -> 595.8,TAG1,43124.722625726,43124.722625726,37807.102600097,37807.102600097,33174.942352293
TAG(56:2)_FA 18:1,0.22443294748330908,10.3290161865148,218.75534762342318,1.6899639394330888e-49,3.157347262453039e-49,932.9 -> 633.9,TAG2,106222.847045912,106222.847045912,94296.32653811,94296.32653811,65879.20468138
TAG(52:3)_FA 18:1,0.21468126482476088,12.710928468469616,215.75850579498598,7.613805656640516e-49,1.4155764885889892e-48,874.8 -> 575.8,TAG1,529044.93798819,529044.93798819,472829.99707024,472829.99707024,410433.94946276
TAG(50:3)_FA 18:2,0.21278579606490441,14.55412804091484,215.03989240095888,1.0923569428755384e-48,2.021124198653774e-48,848.8 -> 551.8,TAG2,1982267.80810542,1982267.80810542,1773966.4062501,1773966.4062501,1226713.22949236
TAG(58:7)_FA 18:1,0.23690219911074298,8.98453761987773,213.61764544533847,2.2316669811288414e-48,4.109271412367049e-48,950.8 -> 651.8,TAG2,41666.422729486,41666.422729486,36669.862609857,36669.862609857,26851.781723023
TAG(58:6)_FA 16:1,-0.25438993448259317,8.09489265865374,207.5356288247233,4.737361571999415e-47,8.681385081702277e-47,952.8 -> 681.8,TAG1,18334.201293946,18334.201293946,22681.901748659,22681.901748659,16720.021118165
TAG(50:3)_FA 16:1,0.20610569647300644,13.884644193835644,201.04325697986962,1.2364391907733725e-45,2.2550295717438175e-45,848.8 -> 577.8,TAG1,1178778.38330085,1178778.38330085,1059805.4140627,1059805.4140627,958697.60302729
TAG(56:3)_FA 18:1,0.21430763280672993,10.208260207081564,197.85528097786508,6.135782024124814e-45,1.1137462157534616e-44,930.8 -> 631.796,TAG2,97033.506897006,97033.506897006,86745.42602542,86745.42602542,61593.224609378
TAG(48:3)_FA 18:1,-0.22808976266284245,8.96596075237163,196.4235313090064,1.2598878005830356e-44,2.276118054826899e-44,818.8 -> 519.8,TAG1,34169.882263181,34169.882263181,41509.122955305,41509.122955305,29469.821929941
TAG(52:6)_FA 18:0,-0.22554727061238436,9.112561995294994,195.46827958579237,2.0361521134156438e-44,3.6612500443107587e-44,868.7 -> 567.7,TAG1,37298.482482906,37298.482482906,45229.923034664,45229.923034664,34621.242553716
TAG(58:6)_FA 20:0,-0.22506453143271402,8.978036442783068,194.44167298670493,3.410884707851648e-44,6.104527304239165e-44,952.8 -> 623.8,TAG2,37117.142578136,37117.142578136,44994.963409426004,44994.963409426004,20359.50138856
TAG(56:8)_FA 18:1,0.2042534097009438,11.396513320115826,190.89544641556486,2.0271075493790215e-43,3.6110799600565825e-43,920.8 -> 621.8,TAG2,240584.47656253,240584.47656253,216580.39331053,216580.39331053,81489.66564942
TAG(58:0)_FA 20:0,0.21760314870307904,9.164757331751218,184.99612237740564,3.932280691522697e-42,6.97251622617219e-42,964.9 -> 635.9,TAG2,47377.523315419,47377.523315419,42257.622741684,42257.622741684,29043.202270526
TAG(60:11)_FA 18:2,0.22031079743265022,9.007379397751416,184.922406037123,4.08072608574015e-42,7.202387515384688e-42,970.9 -> 673.9,TAG2,41599.442855796,41599.442855796,37034.382568347,37034.382568347,28831.861938475
TAG(54:0)_FA 16:0,0.2106052741650636,9.741469727587411,182.64583876923217,1.2815900145857658e-41,2.2516008054419647e-41,908.9 -> 635.9,TAG1,65797.984924335,65797.984924335,58972.82464597,58972.82464597,57513.824035636
TAG(60:7)_FA 16:1,-0.23781514247174845,8.140716280931379,181.3274858653123,2.4864632825335926e-41,4.348472316029068e-41,978.9 -> 707.9,TAG1,18416.161239627,18416.161239627,22523.041503906,22523.041503906,19589.341476447
TAG(54:6)_FA 16:0,0.21624857771346784,9.099738917462952,181.2915690072089,2.5317676792419023e-41,4.407577368862039e-41,896.8 -> 623.8,TAG1,45410.823547374,45410.823547374,40541.502990735,40541.502990735,27326.901855453
TAG(56:1)_FA 18:1,0.204665087680689,10.18330047905999,180.23651360815794,4.30308559463349e-41,7.457383632328627e-41,934.9 -> 635.9,TAG2,95472.806060765,95472.806060765,85922.56677244,85922.56677244,59345.22393799
TAG(60:0)_FA 20:0,-0.19388067729569455,12.05252969001825,173.67203249717966,1.1673653180218578e-39,2.013968093704376e-39,992.9 -> 663.9,TAG2,272494.580077966,272494.580077966,323265.806015133,323265.806015133,322173.184623801
TAG(60:11)_FA 16:1,-0.2509337862869518,7.503892233518734,173.15185437956416,1.5163731813124646e-39,2.604353939204816e-39,970.9 -> 699.9,TAG1,12179.1008071894,12179.1008071894,15031.161148064,15031.161148064,11140.840789796
TAG(60:10)_FA 16:0,-0.25126332237336707,7.398703164693208,169.77081896046403,8.302752758005012e-39,1.41962245817675e-38,972.9 -> 699.9,TAG1,11561.1008682233,11561.1008682233,14271.7009353621,14271.7009353621,9434.0006408708
TAG(60:10)_FA 18:1,0.21083124611668932,8.942647842135663,167.86510057716163,2.1650438248552584e-38,3.685385710753618e-38,972.9 -> 673.9,TAG2,39709.222534195,39709.222534195,35584.64257811,35584.64257811,27393.181732164
TAG(58:1)_FA 18:0,0.19853133339319262,9.982605413257808,166.03884295608015,5.424768557171973e-38,9.193302466357813e-38,962.9 -> 661.9,TAG1,78273.885070819,78273.885070819,70744.20544436,70744.20544436,65498.384704568
TAG(60:7)_FA 16:0,0.20777492718708598,9.128936858225655,165.7063162239123,6.412371822957552e-38,1.0819111930364506e-37,978.9 -> 705.9,TAG1,42979.302658056,42979.302658056,38596.742492657,38596.742492657,37767.222717296
TAG(60:1)_FA 18:2,0.22392985768064724,7.948015248960064,156.5404807285405,6.450032252922958e-36,1.0834922600304793e-35,990.9 -> 693.9,TAG2,19916.501403815,19916.501403815,17686.4613723736,17686.4613723736,14042.5209732049
TAG(60:0)_FA 18:1,0.22113048104487978,8.003494821068067,156.00580903915235,8.441081575053989e-36,1.4117616782732216e-35,992.9 -> 693.9,TAG2,21214.281463622,21214.281463622,18875.521377559,18875.521377559,12891.5608406076
TAG(52:6)_FA 16:0,0.19977692965567376,9.140645891534907,154.46101765552066,1.8364505478956673e-35,3.058089390626263e-35,868.7 -> 595.7,TAG1,44717.743347175,44717.743347175,40381.162719713,40381.162719713,33480.022460937
TAG(60:5)_FA 16:0,0.23819067785646605,7.485910808533931,154.1931847758518,2.1014087330862592e-35,3.4841538734720227e-35,982.9 -> 709.9,TAG1,14003.9209518447,14003.9209518447,12313.580924986,12313.580924986,11877.5208625792
TAG(50:4)_FA 18:2,-0.179279633024422,13.193159255480579,151.47918389449626,8.234847471921717e-35,1.3594597335112146e-34,846.8 -> 549.8,TAG2,689348.16845712,689348.16845712,809552.7597657,809552.7597657,427319.77294929
TAG(50:4)_FA 18:1,-0.1819232602217485,10.681628714947072,146.39615947966772,1.0634952729390113e-33,1.7481488821272158e-33,846.8 -> 547.8,TAG1,115271.9274902,115271.9274902,135620.68884272,135620.68884272,93089.90637205
TAG(60:3)_FA 18:2,0.1892116124128118,9.531334770086263,145.5112411795142,1.6603217153121397e-33,2.7175351152331174e-33,986.9 -> 689.9,TAG2,59556.204437238,59556.204437238,54175.94360352,54175.94360352,40438.003135689
TAG(50:4)_FA 18:0,-0.2003109020748314,8.555586483518436,142.06464560775913,9.413393668558246e-33,1.5341828830033227e-32,846.8 -> 545.8,TAG1,26160.401824942,26160.401824942,31173.262237542,31173.262237542,21520.061538708
TAG(58:8)_FA 18:1,0.17821420671425275,10.587691724634219,140.27892532658026,2.3132343888095025e-32,3.754104961500167e-32,948.8 -> 649.8,TAG2,127693.549316401,127693.549316401,117046.66772461,117046.66772461,71419.105102537
TAG(56:0)_FA 18:2,-0.19945622485559134,8.427846835649857,139.73985367350713,3.0346044988015343e-32,4.904023303970412e-32,936.9 -> 639.896,TAG2,25383.621932978,25383.621932978,30229.722259527,30229.722259527,14522.221069337
TAG(58:8)_FA 18:2,0.19124592092982484,8.954216089255155,138.50819966231614,5.642194785200139e-32,9.079666398032156e-32,948.8 -> 651.8,TAG2,39943.622802706,39943.622802706,36283.942443841,36283.942443841,27095.782043454
TAG(60:1)_FA 18:0,0.18230716965130692,9.445514269343674,132.85196753694044,9.741104374782192e-31,1.5610221654985689e-30,990.9 -> 689.9,TAG1,53371.343780518,53371.343780518,48782.723693863,48782.723693863,46091.503143307
TAG(60:5)_FA 18:1,-0.2046542062947185,7.945577776407552,131.99971413115853,1.4964073114555909e-30,2.3880166678645472e-30,982.9 -> 683.9,TAG2,17679.321228022,17679.321228022,21130.561401371,21130.561401371,11993.0808944681
TAG(56:3)_FA 20:4,0.17927138039605242,9.612167257965625,131.39045114511248,2.033946305822095e-30,3.23237110012391e-30,930.8 -> 609.8,TAG2,61744.484252914,61744.484252914,56554.863616933,56554.863616933,45935.72354124
TAG(54:0)_FA 20:4,-0.19262522445603333,8.244136404221797,125.32811280905558,4.313831615547425e-29,6.827262432870511e-29,908.9 -> 587.9,TAG2,22099.961517336,22099.961517336,26194.841781617,26194.841781617,13855.080978391
TAG(58:0)_FA 16:1,0.1868399565128702,8.534925721550865,124.40476505278141,6.869839687878862e-29,1.082777201834405e-28,964.9 -> 693.9,TAG1,30611.582122788,30611.582122788,27891.962127672,27891.962127672,17783.021316526
TAG(58:0)_FA 20:4,0.19191529844767505,8.224344652429846,124.23379414374217,7.488011026889686e-29,1.175372222663422e-28,964.9 -> 643.9,TAG2,25082.041748042,25082.041748042,22773.421386717,22773.421386717,13165.160842893
TAG(48:3)_FA 18:0,-0.19455745536571994,8.156412938870947,123.11158762408783,1.318227248909994e-28,2.0607389238062355e-28,818.8 -> 517.8,TAG1,19516.081481936,19516.081481936,23163.201736454,23163.201736454,17634.96122742
TAG(56:4)_FA 16:1,-0.18950081862847384,8.349139876113403,122.70309893218638,1.619581788276373e-28,2.521544003698581e-28,928.8 -> 657.8,TAG1,23024.681671134,23024.681671134,27231.862121571,27231.862121571,17703.841217045
TAG(56:5)_FA 16:1,-0.18119539233883805,8.894698221595146,122.46090567938886,1.829855446037364e-28,2.8373871896044954e-28,926.8 -> 655.8,TAG1,32747.382202147,32747.382202147,38508.802490224,38508.802490224,29277.802185054
TAG(52:5)_FA 18:0,-0.1814045111392332,8.96499571040869,117.28711091300218,2.4837926975288784e-27,3.835857270780486e-27,870.8 -> 569.8,TAG1,27005.801803584,27005.801803584,31761.682144167,31761.682144167,56652.923858638
TAG(48:3)_FA 16:0,-0.17879594443481092,8.730155504848417,116.44938208735117,3.7892811908680775e-27,5.8284927554316216e-27,818.8 -> 545.8,TAG1,29539.402160643,29539.402160643,34678.702484136,34678.702484136,25080.901840201
TAG(58:1)_FA 18:2,0.17140944792827653,9.187866698183116,115.76580040847789,5.348746740550855e-27,8.19428000652391e-27,962.9 -> 665.9,TAG2,48810.223632825,48810.223632825,44952.02310181,44952.02310181,25245.341827382
TAG(60:11)_FA 16:0,-0.2008385589063463,7.7089094678897965,115.5009585245464,6.112949559798024e-27,9.32772781435316e-27,970.9 -> 697.9,TAG1,13656.9008941602,13656.9008941602,16279.801162717,16279.801162717,15258.240951536
TAG(56:8)_FA 18:2,0.17031558456823986,9.2441857983226,114.76838903794086,8.844736235283507e-27,1.3442595151244376e-26,920.8 -> 623.8,TAG2,49972.70336913,49972.70336913,46057.523132296,46057.523132296,28614.102203366
TAG(56:0)_FA 18:0,0.1647158707419396,9.950700906521131,114.19859773235963,1.1788977746981976e-26,1.7846555245431213e-26,936.9 -> 635.9,TAG1,76676.945617678,76676.945617678,70944.4250488,70944.4250488,61182.524169932
TAG(58:4)_FA 16:0,0.197653193182759,7.7404880746948965,113.25870184376751,1.8938094845297668e-26,2.855626112499609e-26,956.9 -> 683.9,TAG1,16145.6012191806,16145.6012191806,14601.320953368,14601.320953368,15259.2409744266
TAG(48:0)_FA 16:1,0.15736432202940476,10.47526504168616,108.16306924618934,2.475495535215808e-25,3.7180972156378603e-25,824.8 -> 553.8,TAG1,110156.687194835,110156.687194835,102441.8474121,102441.8474121,87574.925842268
TAG(54:6)_FA 20:4,0.1482494648794548,12.111998585157192,102.07314437289448,5.350906923835383e-24,8.005458405581842e-24,896.8 -> 575.8,TAG2,360439.10595694,360439.10595694,337320.18212867,337320.18212867,215899.05493164
TAG(54:6)_FA 16:1,0.1715820293993435,8.26682934719716,98.66070338347252,2.9969042166794774e-23,4.466203560265525e-23,896.8 -> 625.8,TAG1,24356.901840202,24356.901840202,22428.921600343,22428.921600343,17726.941345216
TAG(60:10)_FA 18:0,-0.18077347869148658,7.763044999879376,96.64623013142246,8.289005679406376e-23,1.2304996803149775e-22,972.9 -> 671.9,TAG1,14931.880981445,14931.880981445,17553.801208486,17553.801208486,13447.340950011
TAG(56:5)_FA 18:0,0.16968297291204418,8.220636351017525,95.51310233587905,1.4691571866031683e-22,2.172537461270322e-22,926.8 -> 625.8,TAG1,23534.281768794,23534.281768794,21699.9614410448,21699.9614410448,17297.901062011
TAG(48:1)_FA18:0,-0.14139186064838108,11.036990755656245,89.81667199412237,2.612831811134865e-21,3.848902244864052e-21,822.8 -> 521.8,TAG1,147148.6300049,147148.6300049,168328.41137698,168328.41137698,127466.488647475
TAG(58:4)_FA 18:2,-0.15216091452025518,8.832997314631712,86.59032031916685,1.3349896611933517e-20,1.9590078170002058e-20,956.9 -> 659.9,TAG2,33452.882507318,33452.882507318,38554.643096913,38554.643096913,21978.60153198
TAG(58:10)_FA 16:1,0.15032785905237162,8.851239614854856,82.97121362404043,8.325704828485834e-20,1.2170782249275094e-19,944.8 -> 673.8,TAG1,34156.782501236,34156.782501236,31919.90237427,31919.90237427,33205.982421872
TAG(58:0)_FA 18:2,-0.16521569638400396,7.8156864452193515,82.7768584239218,9.185913441881597e-20,1.3377204746162173e-19,964.9 -> 667.9,TAG2,16052.141082764,16052.141082764,18668.361450196,18668.361450196,12202.6609191904
TAG(60:1)_FA 16:0,0.16059066846676676,8.09928452342499,82.57396118787834,1.0178919028155974e-19,1.4767143893120219e-19,990.9 -> 717.9,TAG1,20980.6615753119,20980.6615753119,19467.681434632,19467.681434632,17808.541122436
TAG(52:0)_FA 18:1,0.1362761426560234,10.663758327737158,81.91481349542715,1.4208039045861279e-19,2.0534637564395735e-19,880.8 -> 581.8,TAG1,123242.109222404,123242.109222404,116298.42834474,116298.42834474,104065.76770021
TAG(54:2)_FA 16:0,0.14361060960860986,9.299003498298227,81.27682811195916,1.962137707594353e-19,2.8251832406339745e-19,904.8 -> 631.8,TAG1,48355.563415514,48355.563415514,45399.722717277,45399.722717277,39348.403076166
TAG(56:2)_FA 18:2,0.13695831909985043,10.25117801616783,81.23069060217045,2.008484821399586e-19,2.8810849685244997e-19,932.9 -> 635.9,TAG2,99264.447265628,99264.447265628,93627.42626953,93627.42626953,58013.54455566
TAG(60:6)_FA 16:1,0.17556469804512934,7.411072978446683,78.7629435710913,7.002840108048761e-19,1.000779015441297e-18,980.9 -> 709.9,TAG1,11933.2208099416,11933.2208099416,10958.34083557,10958.34083557,14912.32121277
TAG(50:3)_FA 16:0,-0.13018100305153174,12.128675147588917,78.71862828744402,7.161705180758971e-19,1.019677726479809e-18,848.8 -> 575.8,TAG1,328213.98266608,328213.98266608,372549.04589838,372549.04589838,228067.27600101
TAG(60:12)_FA 18:2,-0.16024276181958322,7.895180718098931,78.19912285541241,9.315987886657734e-19,1.3214901335518193e-18,968.9 -> 671.9,TAG2,16266.501144409,16266.501144409,18852.561355591,18852.561355591,15541.980941772
TAG(54:7)_FA 20:0,0.13642564764329448,9.776729428517989,77.47720172904216,1.342633153003222e-18,1.897522131366177e-18,894.8 -> 565.8,TAG2,69341.345031741,69341.345031741,65427.74377442,65427.74377442,48090.583496072
TAG(60:1)_FA 16:1,0.15556172972155044,8.065011093491917,76.2171196221044,2.5412901644746757e-18,3.578360783065444e-18,990.9 -> 719.9,TAG1,19938.1414718568,19938.1414718568,18564.941349027,18564.941349027,19063.7214660661
TAG(56:0)_FA 16:0,-0.1275560910371572,12.061182412773448,75.53371715392808,3.592200764090179e-18,5.039607665371936e-18,936.9 -> 663.9,TAG1,321821.06494132,321821.06494132,364628.54699702,364628.54699702,190521.27319329
TAG(60:12)_FA 16:1,-0.15758185657214302,7.719117213778109,70.93533695247145,3.6912694559417296e-17,5.1596941665170887e-17,968.9 -> 697.9,TAG1,13768.860900876,13768.860900876,15928.441101073,15928.441101073,16125.1412277163
TAG(58:1)_FA 20:0,-0.13239425875789504,9.301659927280593,69.63345957791748,7.141510546703395e-17,9.946176506863274e-17,962.9 -> 633.9,TAG2,46102.743453996,46102.743453996,52410.643798824,52410.643798824,32309.641906731
TAG(54:1)_FA 16:0,0.12846321604406627,9.909981613428819,69.1560255550322,9.09739997106828e-17,1.262429053956214e-16,906.8 -> 633.8,TAG1,72890.18518067,72890.18518067,69156.92517091,69156.92517091,61838.664428679
TAG(56:4)_FA 18:1,0.13030547987871766,9.394468153011381,67.94525800831407,1.680981905572534e-16,2.324245739473937e-16,928.8 -> 629.8,TAG2,52683.243591291,52683.243591291,49921.143188499,49921.143188499,38154.782714822
TAG(58:10)_FA 16:0,-0.14361976005543264,8.202299400596162,67.33321698207122,2.2928557588170913e-16,3.1588624303127556e-16,944.8 -> 671.8,TAG1,20070.401504511,20070.401504511,22994.721588132,22994.721588132,19840.021392822
TAG(48:0)_FA 16:0,0.11890404890551598,13.991721855292235,66.99175815851453,2.7264460310192827e-16,3.7427556626537105e-16,824.8 -> 551.8,TAG1,1232021.5649416,1232021.5649416,1176691.4433594,1176691.4433594,1038101.35058598
TAG(52:1)_FA 18:2,0.11711811585066913,10.825865689424058,61.25731766654384,5.008207224545286e-15,6.8505120250030164e-15,878.8 -> 581.8,TAG2,145686.990356458,145686.990356458,139316.52978516,139316.52978516,90149.22619628
TAG(56:5)_FA 16:0,-0.12478418138342721,9.208438197728903,60.38047845422263,7.818453083791833e-15,1.0656468082178904e-14,926.8 -> 653.8,TAG1,40348.102905279,40348.102905279,45627.323242208,45627.323242208,40484.902587897
TAG(60:3)_FA 18:1,0.13139366046746415,8.295265328527694,58.42414518855709,2.112820217249433e-14,2.869539514916783e-14,986.9 -> 687.9,TAG2,24815.241668704,24815.241668704,23496.481628418,23496.481628418,17107.201263423
TAG(58:9)_FA 18:0,0.11593386536548966,9.743894620842582,55.25631746706714,1.0579373793316097e-13,1.431766841992956e-13,946.8 -> 645.8,TAG1,62686.184753416,62686.184753416,59994.324462869,59994.324462869,61349.48454286
TAG(58:5)_FA 20:4,0.11389365593554303,9.877898501615732,54.561329258001535,1.5067152477371208e-13,2.0319434502933708e-13,954.8 -> 633.8,TAG2,74743.785675089,74743.785675089,71635.38464352,71635.38464352,48748.803527832
TAG(56:6)_FA 18:0,0.1181784134836128,9.041849472790684,53.629380702858654,2.4211142954087263e-13,3.253637807514183e-13,924.8 -> 623.8,TAG1,41651.363159172,41651.363159172,39800.802825921,39800.802825921,28117.241912837
TAG(52:4)_FA 18:2,0.10503383285550848,13.082426128506663,51.96108560769272,5.66115363868136e-13,7.581195257394968e-13,872.8 -> 575.8,TAG2,703388.96923847,703388.96923847,678289.6464842,678289.6464842,401849.28955078
TAG(60:0)_FA 18:0,0.11267842828253052,9.256517124604224,49.85202802676752,1.6578893338925045e-12,2.212444651152715e-12,992.9 -> 691.9,TAG1,46824.103454571,46824.103454571,44914.6233062503,44914.6233062503,37105.722854573
TAG(60:5)_FA 20:4,-0.11096950569708684,9.355419616282393,49.27407786528863,2.225844456717541e-12,2.9600639823708967e-12,982.9 -> 661.9,TAG2,48480.263122533,48480.263122533,54301.043884274,54301.043884274,32683.522262594
TAG(58:3)_FA 16:1,-0.11923552437772,8.277118520359455,47.13361978776235,6.630849284711162e-12,8.787596110880192e-12,958.9 -> 687.9,TAG1,21261.621582025,21261.621582025,23951.241928112,23951.241928112,21119.361480719
TAG(56:1)_FA 16:0,-0.10766800704535041,9.560556521964598,47.10865795726182,6.715837019128122e-12,8.869536476986452e-12,934.9 -> 661.9,TAG1,53592.423583955,53592.423583955,59889.7840576,59889.7840576,45650.143035902
TAG(58:9)_FA 16:0,0.1122907173526881,8.882370818825112,46.79690346526175,7.873772209713796e-12,1.0363074763987574e-11,946.8 -> 673.8,TAG1,35324.422302236,35324.422302236,33893.002258278,33893.002258278,31186.762481682
TAG(56:1)_FA 16:1,-0.10014743956266786,11.966288763154205,46.44864272187935,9.405148162035015e-12,1.2336204609792503e-11,934.9 -> 663.9,TAG1,298086.54223617,298086.54223617,331381.10375973,331381.10375973,198525.15490726
TAG(52:5)_FA 18:2,0.10286254504647695,10.303057005716816,46.06142865062755,1.1460265611884115e-11,1.4980483717923602e-11,870.8 -> 573.8,TAG2,103750.14721677,103750.14721677,100198.667297384,100198.667297384,53969.083923335
TAG(56:4)_FA 18:2,0.10227261704008968,10.148389253748014,44.89453738793039,2.0793715007620336e-11,2.708841104734214e-11,928.8 -> 631.8,TAG2,89383.226562497,89383.226562497,86358.84619142,86358.84619142,60145.564392116
TAG(60:0)_FA 16:0,0.11816918544929393,8.073976563183388,44.68323374031267,2.3163234556615573e-11,3.0072945204012756e-11,992.9 -> 719.9,TAG1,20627.181549067,20627.181549067,19710.841461183,19710.841461183,16519.781005855
TAG(48:1)_FA 18:2,-0.10340979797537514,9.631251177570222,43.91913669856463,3.4222640852205596e-11,4.428132245403629e-11,822.8 -> 525.8,TAG2,57737.283874494,57737.283874494,64331.52441402,64331.52441402,43362.703033434
TAG(58:3)_FA 18:2,0.10088409511344854,10.117830039226801,43.67291916094162,3.881052271114998e-11,5.004858652649981e-11,958.9 -> 661.9,TAG2,89118.126342761,89118.126342761,86185.62548826,86185.62548826,53795.744079571
TAG(54:5)_FA 16:0,-0.11379652212449186,8.27711122806983,43.48892431200835,4.26365760738299e-11,5.479801555797601e-11,898.8 -> 625.8,TAG1,22230.421691897,22230.421691897,24948.361801136,24948.361801136,17856.021331783
TAG(48:1)_FA 16:1,0.0936756679403504,13.998815957101524,41.58644947586643,1.1277220743333698e-10,1.4445403159521093e-10,822.8 -> 551.8,TAG1,1229635.12158186,1229635.12158186,1195129.716797,1195129.716797,1037444.11474611
TAG(58:10)_FA 18:1,0.09916458858956098,9.893610466516263,41.411496985461234,1.2332990832254903e-10,1.5745118295845426e-10,944.8 -> 645.8,TAG2,75084.585205055,75084.585205055,72700.46557617,72700.46557617,49613.923553463
TAG(60:9)_FA 16:0,0.10629466162770271,8.54343116148558,39.591058620454724,3.1311361500726693e-10,3.984136695939642e-10,974.9 -> 701.9,TAG1,27864.981903074,27864.981903074,26847.181884768,26847.181884768,24721.361724852
TAG(56:3)_FA 16:0,-0.10859911860690893,8.298028920067505,39.50304715587896,3.275479144325217e-10,4.1540016962799937e-10,930.8 -> 657.8,TAG1,22072.561584467,22072.561584467,24682.12164307,24682.12164307,19960.141540524
TAG(54:3)_FA 16:0,-0.10382146341027927,8.761292396663451,39.47981961949712,3.3146721467030865e-10,4.189833109528984e-10,902.8 -> 629.8,TAG1,30966.06216429,30966.06216429,34512.582397445,34512.582397445,25817.961853031
TAG(60:5)_FA 18:0,-0.11747945259981896,7.631533852759202,39.12465383937014,3.9759148894679103e-10,5.009129614033585e-10,982.9 -> 681.9,TAG1,13690.920883176,13690.920883176,15404.081039431,15404.081039431,13223.7209701543
TAG(50:0)_FA 16:1,0.09024909050979256,10.039626452985488,34.48366033900533,4.298445979541967e-9,5.397720689064174e-9,852.8 -> 581.8,TAG1,78354.585449205,78354.585449205,76336.92517088,76336.92517088,68801.964172374
TAG(60:2)_FA 18:0,-0.0999889053887321,8.334248303064852,33.815259779177886,6.060164372816399e-9,7.585107695387845e-9,988.9 -> 687.9,TAG1,22877.141616814,22877.141616814,25429.601776123,25429.601776123,19860.781463625
TAG(56:3)_FA 18:0,-0.09162104683871895,9.084869416847809,32.22646946697419,1.3720872610963837e-8,1.711757071660961e-8,930.8 -> 629.8,TAG1,38706.462615967,38706.462615967,42776.202819842,42776.202819842,33034.162338244
TAG(58:2)_FA 16:0,0.09730766805595686,8.311978345276907,32.07651818553997,1.4821802928717182e-8,1.8431008187333377e-8,960.9 -> 687.9,TAG1,24603.321655277,24603.321655277,23852.78170776,23852.78170776,18013.4413414032
TAG(60:2)_FA 18:2,-0.08898543385434726,9.38947111874461,31.779828153413163,1.726768506260131e-8,2.1402988281476704e-8,988.9 -> 691.9,TAG2,49735.603759763,49735.603759763,54864.663696277,54864.663696277,34464.042419441
TAG(58:4)_FA 20:4,0.08795239057448853,9.40391669996007,31.128039015061816,2.4155679944174036e-8,2.9843952963285986e-8,956.9 -> 635.9,TAG2,53708.883850091,53708.883850091,52409.223937971,52409.223937971,33912.902618413
TAG(54:1)_FA 16:1,0.08502568644742793,10.025959449135174,30.583107686496124,3.1986660719798935e-8,3.9391932654929234e-8,906.8 -> 635.8,TAG1,77658.985412624,77658.985412624,75933.66491698,75933.66491698,67597.744812014
TAG(56:6)_FA 18:1,0.0941358526619502,8.382217117043226,30.477194753043438,3.378143862785147e-8,4.14688813925228e-8,924.8 -> 625.8,TAG2,25913.061859124,25913.061859124,25177.8618164,25177.8618164,18554.901290896
TAG(60:11)_FA 20:4,0.08836324996043257,9.092565230146526,30.28021783555536,3.739201176861064e-8,4.5754442515584266e-8,970.9 -> 649.9,TAG2,43376.14297485,43376.14297485,42314.463256795,42314.463256795,27015.021972662
TAG(60:12)_FA 20:4,0.08216769587087597,10.207351993564371,29.15007290937051,6.698322306917161e-8,8.170246635507238e-8,968.9 -> 647.9,TAG2,94154.726440407,94154.726440407,92245.48632815,92245.48632815,57486.584350624
TAG(58:6)_FA 18:0,0.08889171766199133,8.80033734947939,28.777091388298953,8.12059914727686e-8,9.873617375895355e-8,952.8 -> 651.8,TAG1,32272.582122804,32272.582122804,31471.142242432,31471.142242432,32166.582092298
TAG(58:1)_FA 16:1,0.0848307732547507,9.261169244349869,28.146945879396217,1.12444968706303e-7,1.3628614878010775e-7,962.9 -> 691.9,TAG1,45369.182876593,45369.182876593,44367.223388663,44367.223388663,40928.742996203
TAG(60:9)_FA 18:0,0.08612670234923096,8.811845546578056,27.11383820029738,1.918199150629583e-7,2.3175718444515153e-7,974.9 -> 673.9,TAG1,32744.422195439,32744.422195439,31992.522216801,31992.522216801,31638.04228209
TAG(52:4)_FA 18:1,0.07949837885628358,9.951448573821295,26.803021355532664,2.2528483869004094e-7,2.713336264725965e-7,872.8 -> 573.8,TAG1,79226.32592772,79226.32592772,77763.545715341,77763.545715341,46705.363189679
TAG(60:7)_FA 18:2,-0.09284066326157335,7.800045281422356,25.774541432385377,3.8371663911903596e-7,4.6070054163821555e-7,978.9 -> 681.9,TAG2,15827.501037598,15827.501037598,17506.4614028962,17506.4614028962,13768.58089447
TAG(48:2)_FA 18:2,-0.07160871679527517,12.849905352215178,24.090384314989496,9.191814451714644e-7,1.1001452921895963e-6,820.8 -> 523.8,TAG2,557362.74145509,557362.74145509,607480.4208984,607480.4208984,360951.68237299
TAG(58:5)_FA 16:1,0.08755969337278194,7.9112033981511,23.383166209142853,1.327350379505289e-6,1.5837233500016375e-6,954.8 -> 683.8,TAG1,17762.18128967,17762.18128967,17337.081146241,17337.081146241,16348.881378174
TAG(60:7)_FA 18:1,-0.08044777163254013,8.540789380764279,23.009578686192256,1.611962408258668e-6,1.9173341688294097e-6,978.9 -> 679.896,TAG2,27629.081817646,27629.081817646,30298.541961661,30298.541961661,19313.0014267013
TAG(54:4)_FA 16:1,-0.07784876240751586,8.86816920888579,22.627945422811344,1.9660406302587424e-6,2.3312494160653197e-6,900.8 -> 629.8,TAG1,34000.282226548,34000.282226548,37218.202636733,37218.202636733,26643.941802963
TAG(60:10)_FA 20:0,0.07879399242857248,8.277688530517553,21.067559543812425,4.433710469135399e-6,5.241083671848327e-6,972.9 -> 643.9,TAG2,24586.081848156,24586.081848156,24143.921752931,24143.921752931,15252.240997314
TAG(48:1)_FA 18:1,-0.06634618515071304,11.906161836635167,20.32893595807296,6.520696757426549e-6,7.684390332598056e-6,822.8 -> 523.8,TAG1,275474.83874523,275474.83874523,299152.13964842,299152.13964842,234853.51965326
TAG(56:2)_FA 16:1,0.06451147583171998,9.59243311496159,16.963335989167994,3.81086788341581e-5,4.477185274074403e-5,932.9 -> 661.9,TAG1,57943.624389639,57943.624389639,57467.684448245,57467.684448245,47459.562988279
TAG(60:0)_FA 18:2,-0.0730789981589081,7.527782360647637,14.876451235699468,1.1478702631269026e-4,1.3444474335706536e-4,992.9 -> 695.9,TAG2,13316.5409240713,13316.5409240713,14528.761054989,14528.761054989,10985.3207397472
TAG(58:0)_FA 18:0,-0.056192934423743283,11.932883538719143,14.620166699806365,1.3149978848361324e-4,1.5355005789397522e-4,964.9 -> 663.9,TAG1,298900.29907223,298900.29907223,322314.68322773,322314.68322773,184295.39428718
TAG(58:0)_FA 18:1,-0.06034562924922021,9.160961725789948,14.281932113939613,1.5736817458054283e-4,1.831976014113918e-4,964.9 -> 665.9,TAG2,43811.423553474,43811.423553474,47379.583282435,47379.583282435,26295.301971424
TAG(58:5)_FA 18:0,-0.06470809945835682,8.266735625258898,14.070635600481289,1.7607128041275836e-4,2.0434939514571654e-4,954.8 -> 653.8,TAG1,22642.441619871,22642.441619871,24560.681823726,24560.681823726,17109.441177369
TAG(54:6)_FA 18:0,0.060899860222676135,8.806428322444557,13.64056659809363,2.213506280125228e-4,2.5612474479998865e-4,896.8 -> 595.8,TAG1,33327.72262574,33327.72262574,33136.822082523,33136.822082523,28329.902130133
TAG(60:4)_FA 18:2,0.061624669334469445,8.25373106465994,12.659980554830621,3.7356610038544907e-4,4.3095125436032225e-4,984.9 -> 687.9,TAG2,23017.461639403,23017.461639403,22874.121459955,22874.121459955,18387.561195379
TAG(56:6)_FA 18:2,-0.05778525465247481,8.903640768284564,12.56094183316964,3.9389318048092575e-4,4.5303630067325694e-4,924.8 -> 627.8,TAG2,35432.662628177,35432.662628177,38250.482788072,38250.482788072,26175.681900023
TAG(60:4)_FA 18:0,-0.06613897141745126,7.652235350795224,12.533432460932081,3.997348168795592e-4,4.5837854749961434e-4,984.9 -> 683.9,TAG1,14300.780990596,14300.780990596,15527.7210464446,15527.7210464446,12869.3609008776
TAG(50:4)_FA 16:1,-0.051845539665858975,12.170683297263448,12.50029926695079,4.0688683386410886e-4,4.651870369252349e-4,846.8 -> 575.8,TAG1,348423.92407215,348423.92407215,374587.26708978,374587.26708978,231924.37585458
TAG(58:6)_FA 20:4,0.054943487350225265,9.610984710908319,12.404397039215924,4.2832408932707373e-4,4.882384708698489e-4,952.8 -> 631.8,TAG2,61086.924133274,61086.924133274,60988.304443348,60988.304443348,39882.082824701
TAG(56:7)_FA 20:4,-0.0503072561322305,11.955789473923927,11.722468276717304,6.174999806538459e-4,7.017878118410177e-4,922.8 -> 601.8,TAG2,303172.26220714,303172.26220714,325590.28564435,325590.28564435,190882.833312994
TAG(54:3)_FA 16:1,-0.05078358581578703,9.39960796377808,10.28972038764349,0.001337733593936058,0.001515834220347663,902.8 -> 631.8,TAG1,48563.943725584,48563.943725584,52172.223327622,52172.223327622,42010.542663546
TAG(54:3)_FA 20:4,-0.04713860475677065,10.189927436529224,9.597993203666544,0.0019479013665328554,0.002200726322661014,902.8 -> 581.8,TAG2,90422.366455038,90422.366455038,96895.58691406,96895.58691406,52068.043579096
TAG(52:0)_FA 20:0,0.04609707092837856,10.75786071976439,9.453828990118248,0.002107087716076941,0.002373572338992554,880.8 -> 551.8,TAG2,133920.291259781,133920.291259781,134526.46972658,134526.46972658,91486.76623534
TAG(56:5)_FA 18:2,0.048321785393469936,9.318203543213771,9.259548646852956,0.0023427075035362933,0.0026312521227401767,926.8 -> 629.8,TAG2,48433.583618154,48433.583618154,48577.843627923,48577.843627923,36751.762573247
TAG(60:1)_FA 20:0,-0.0461767433793811,9.269775101083573,8.448071556518965,0.0036543072361008865,0.004092396700077894,990.9 -> 661.9,TAG2,46648.623535157,46648.623535157,49954.82376097,49954.82376097,31140.302490234
TAG(58:0)_FA 16:0,0.0452287233566041,9.227073455561374,7.995151707524915,0.004690277024462366,0.005237248106032321,964.9 -> 691.9,TAG1,44551.462982172,44551.462982172,44780.063232423,44780.063232423,37296.322509763
TAG(58:2)_FA 18:1,0.04288426582271672,10.181241471700517,7.929861041994384,0.004862553118071078,0.005413830942503554,960.9 -> 661.9,TAG2,91567.826049806,91567.826049806,92187.36669921,92187.36669921,55421.244201665
TAG(58:7)_FA 18:2,0.04685657221315802,8.465957990790564,7.668554289877521,0.005619146113482033,0.00623806655496701,950.8 -> 653.8,TAG2,26961.161987301,26961.161987301,27068.94180298,27068.94180298,19873.521270752
TAG(56:8)_FA 20:0,-0.04138515040147091,10.214027460749874,7.3894325950488575,0.006560818210956037,0.007262408597676769,920.8 -> 591.8,TAG2,89506.626525894,89506.626525894,95532.54626465,95532.54626465,61440.784118648
TAG(58:2)_FA 20:0,-0.044670254586568904,8.775352098173164,7.376167178981414,0.006609388067759097,0.007295088270754277,960.9 -> 631.9,TAG2,32862.962493908,32862.962493908,35155.382263182,35155.382263182,22950.84152222
TAG(56:7)_FA 18:1,0.04286446646843931,9.275695531557725,7.305368909697541,0.0068748880795370055,0.0075663279725938885,922.8 -> 623.8,TAG2,49099.523437495,49099.523437495,49432.403503428,49432.403503428,28745.882080067
TAG(56:6)_FA 16:0,-0.04112050086482142,10.115092195188524,7.174137804430711,0.007396198477287817,0.008116745033814423,924.8 -> 651.8,TAG1,76264.22497558,76264.22497558,81383.686950659,81383.686950659,81056.4458008
TAG(48:0)_FA 18:1,0.04262379888503353,8.999631905671164,6.8826642374638665,0.008703573069544323,0.009524195673244217,824.8 -> 525.8,TAG1,37915.022613521,37915.022613521,38178.442565909,38178.442565909,32212.622497544002
TAG(60:6)_FA 18:0,-0.04491015517015587,8.352045463746155,6.877293996615299,0.008729763459397868,0.009525639330340124,980.9 -> 679.9,TAG1,23961.721527103,23961.721527103,25637.481918329,25637.481918329,18940.461380005
TAG(60:2)_FA 16:1,0.042642589296781816,8.096483440016433,5.84324996670257,0.015636917893386632,0.01701403282149739,988.9 -> 717.9,TAG1,20347.7014770524,20347.7014770524,20488.801330562,20488.801330562,17027.701126099
TAG(52:5)_FA 20:4,0.03302908368395024,12.23112709744544,5.079126926271326,0.024215560838584352,0.026273540513251575,870.8 -> 549.796,TAG2,374201.58483872,374201.58483872,379315.72656266,379315.72656266,241914.93933097
TAG(50:2)_FA 18:0,-0.03179176277248864,12.36889665070716,4.711509607971887,0.02996133063681222,0.03241578992626859,850.8 -> 549.8,TAG1,384407.1463623,384407.1463623,407567.64990245,407567.64990245,323282.22436545
TAG(50:4)_FA 16:0,-0.03356178238592539,9.753728472954894,4.703046298497951,0.03010920519215929,0.03248401574252678,846.8 -> 573.8,TAG1,66822.02478027,66822.02478027,70935.025390634,70935.025390634,39437.782653818
TAG(50:3)_FA 18:1,-0.030407882302309026,12.53503740781968,4.322213751175501,0.03761795280789416,0.04047099979051534,848.8 -> 549.8,TAG1,433456.62854009,433456.62854009,459131.7338868,459131.7338868,356682.86120619
TAG(60:12)_FA 16:0,0.03920125795526536,7.53855585160307,4.1917695895118925,0.04062067531612711,0.04357904382654533,968.9 -> 695.9,TAG1,13166.1209030186,13166.1209030186,13289.080802917,13289.080802917,13791.4010353097
TAG(58:1)_FA 16:0,-0.03161441271555576,9.057058132631909,3.8094609799952037,0.050963848666920816,0.054370902616798535,962.9 -> 689.9,TAG1,38078.062316896,38078.062316896,40367.302917476,40367.302917476,34752.702423101
TAG(60:6)_FA 18:1,0.035822631619008644,7.776263549671589,3.812451663796902,0.05087293587438656,0.054370902616798535,980.9 -> 681.9,TAG2,16250.201103213,16250.201103213,16440.42126465,16440.42126465,13682.8409881612
TAG(60:6)_FA 18:2,0.03497301424632078,7.878307462353431,3.718259959163441,0.05382043058071309,0.05725895809003643,980.9 -> 683.9,TAG2,17283.781295778,17283.781295778,17496.401306147,17496.401306147,15198.661041262
TAG(60:8)_FA 18:2,-0.026882003320200822,8.430852009780262,2.5070507488689984,0.11333786211833836,0.12024487864632576,976.9 -> 679.9,TAG2,25642.601806646,25642.601806646,27095.201995846,27095.201995846,19413.521362301
TAG(58:2)_FA 18:2,0.02144235061439374,11.912539069333496,2.1325056610921247,0.14420486062569984,0.15257033596586475,960.9 -> 663.9,TAG2,324522.82495135,324522.82495135,331610.61914052,331610.61914052,114431.007568363
TAG(54:2)_FA 16:1,0.022149672888727476,9.874531804028763,2.0512893942280535,0.15207734740077505,0.16045626461293896,904.8 -> 633.8,TAG1,68852.6644287,68852.6644287,70321.96496579,70321.96496579,59565.224426284
TAG(60:1)_FA 18:1,-0.02193721951113974,9.384959091884054,1.936616539001709,0.1640363764038143,0.17259871473258484,990.9 -> 691.9,TAG2,51705.703979506,51705.703979506,54447.783874506,54447.783874506,31298.342132557
TAG(56:5)_FA 18:1,0.019281682733589146,8.85327205173951,1.3901255419963676,0.2383838997392859,0.25013981808259317,926.8 -> 627.796,TAG2,35360.042572012,35360.042572012,36186.482360857,36186.482360857,24595.441864016
TAG(58:6)_FA 16:0,-0.018256618778281154,8.628684429840181,1.1853205445583834,0.2762754941138971,0.28910796241973385,952.8 -> 679.8,TAG1,28238.282043461,28238.282043461,29660.062469479,29660.062469479,26507.141723638
TAG(60:2)_FA 18:1,0.016137153563041302,9.56415060454119,1.0635563210197265,0.30240546983585176,0.3155893595289679,988.9 -> 689.896,TAG2,57751.664001478,57751.664001478,59230.40454101,59230.40454101,40536.622985819
TAG(56:6)_FA 16:1,0.0149672646626317,9.176587770612185,0.8634830152155505,0.3527658266572412,0.3671448685046831,924.8 -> 653.8,TAG1,40943.142700201,40943.142700201,42025.56298828,42025.56298828,41322.782897975
TAG(58:1)_FA 18:1,-0.01260094832017291,11.919409013783381,0.7363645126275271,0.3908279489492758,0.4045597417501963,962.9 -> 663.9,TAG2,319244.47937002,319244.47937002,334006.28247082,334006.28247082,124406.048156765
TAG(60:10)_FA 20:4,-0.014006912856984409,8.879210690734235,0.7395306682018468,0.3898112633033427,0.4045597417501963,972.9 -> 651.9,TAG2,36302.202758784,36302.202758784,38017.842651356,38017.842651356,22670.961791985
TAG(60:7)_FA 20:0,0.01328187754798073,8.948742001357413,0.670412637330699,0.4129077798831727,0.42626328758828874,978.9 -> 649.9,TAG2,38111.282592766,38111.282592766,39164.562774653,39164.562774653,24939.541809071
TAG(48:0)_FA 18:0,0.011737248750682746,11.848042914462551,0.6351702202303264,0.425465161052329,0.4380461201157043,824.8 -> 523.8,TAG1,268801.8981933,268801.8981933,276526.68066398,276526.68066398,235313.97558597
TAG(54:0)_FA 18:2,0.013583649332980391,8.31120705886276,0.6172325825278424,0.43207753843270935,0.4436613866480635,908.9 -> 611.9,TAG2,22897.661727909,22897.661727909,23525.561676018,23525.561676018,21360.161499021
TAG(60:4)_FA 16:0,-0.013888234205085887,7.283806622075921,0.49643929285728755,0.481068858162216,0.4926453814869753,984.9 -> 711.9,TAG1,11347.3808746323,11347.3808746323,11882.680759429,11882.680759429,9760.620712282
TAG(58:6)_FA 18:1,0.011631607811536278,8.456123041571477,0.4707969994472784,0.49262073988083777,0.503129982331629,952.8 -> 653.8,TAG2,26270.661956783,26270.661956783,27027.601745603,27027.601745603,20353.581329347
TAG(54:4)_FA 16:0,-0.010015182189258457,8.74708073201695,0.3651263907450235,0.5456728621520992,0.5558316654368457,900.8 -> 627.8,TAG1,31122.262298583,31122.262298583,32503.042541483,32503.042541483,27490.662017828
TAG(60:6)_FA 20:0,-0.009107514974036343,8.862101278699868,0.31176261089977003,0.5766005856866858,0.5857772528328931,980.9 -> 651.9,TAG2,35874.162567125,35874.162567125,37442.202850327,37442.202850327,22604.861572269
TAG(60:8)_FA 20:0,-0.003745065161926971,10.017478088826039,0.05979405114197789,0.8068217475884402,0.8174939929269116,976.9 -> 647.9,TAG2,80665.285705597,80665.285705597,83878.76550292,83878.76550292,48711.083435052
TAG(56:7)_FA 16:1,0.003637537372897999,10.11352922075888,0.05605025123917706,0.8128512530328289,0.8214301580780302,922.8 -> 651.8,TAG1,76330.805297797,76330.805297797,78966.48547362,78966.48547362,84323.36584473
TAG(58:2)_FA 16:1,0.0023782014300732022,9.048011301809511,0.021533696855586183,0.8833343690766582,0.8903080614641055,960.9 -> 689.9,TAG1,38312.722686757,38312.722686757,39670.262908908,39670.262908908,34469.822372424
TAG(54:5)_FA 16:1,0.002139738525017801,8.660260448632387,0.016420202507915954,0.8980371226843971,0.9027512283152862,898.8 -> 627.8,TAG1,29399.821929944,29399.821929944,30446.582122806,30446.582122806,25990.041717534
TAG(56:0)_FA 16:1,0.0018342208177296716,9.260326715423625,0.013240228876194597,0.9083926555937556,0.9107706468387655,936.9 -> 665.9,TAG1,45607.883270263,45607.883270263,47241.723602294,47241.723602294,35898.262481677
TAG(52:6)_FA 18:1,-0.0013956465925743337,9.40952666632811,0.007492458565682404,0.9310220655832795,0.9310220655832795,868.7 -> 569.7,TAG1,40284.482666016,40284.482666016,41821.143035886,41821.143035886,73065.745330751
