lipid,logFC,logCPM,LR,PValue,FDR,Transition,type,ON3x,ON3xcopy,YN3x,YN3xcopy,Blank
TAG(48:1)_FA 16:0,0.9403840048025393,13.02243047697506,4101.632802896919,0,0,822.8 -> 549.8,TAG1,1037946.0185544,1037946.0185544,587340.81591785,587340.81591785,346247.02294909
TAG(48:2)_F A18:0,0.6817730199234957,8.97771993131739,1808.1855777030971,0,0,820.8 -> 519.8,TAG1,55149.924011228,55149.924011228,37334.422790524,37334.422790524,30234.322021473
TAG(48:2)_FA 16:0,1.284633596207921,11.5176513210249,7370.732204984744,0,0,820.8 -> 547.8,TAG1,403066.74731451,403066.74731451,179664.71166993,179664.71166993,103343.92736815
TAG(48:2)_FA 16:1,1.0235526401649149,13.04388275370144,4844.328526136583,0,0,820.8 -> 549.8,TAG1,1073087.33886759,1073087.33886759,573210.61914071,573210.61914071,353761.38647432
TAG(48:2)_FA 18:1,0.6427271441486327,11.167386169123315,1870.6872742045987,0,0,820.8 -> 521.8,TAG1,253384.33544926,253384.33544926,176237.67211913,176237.67211913,126715.588806164
TAG(48:3)_FA 16:0,0.7624653405010163,8.45770434238415,2071.663717770305,0,0,818.8 -> 545.8,TAG1,37753.982604973,37753.982604973,24167.74177551,24167.74177551,25080.901840201
TAG(48:3)_FA 16:1,1.2294749975698689,11.470793107741747,6760.641360386039,0,0,818.8 -> 547.8,TAG1,382310.3480225,382310.3480225,177054.21191408,177054.21191408,107561.92736815
TAG(48:3)_FA 18:1,0.6562625754373281,8.983304160630682,1679.959258964182,0,0,818.8 -> 519.8,TAG1,55321.583984377,55321.583984377,38118.742767337,38118.742767337,29469.821929941
TAG(50:2)_FA 18:0,0.6107322570152987,12.529641325779515,1737.878174919271,0,0,850.8 -> 549.8,TAG1,646852.36523442,646852.36523442,459997.69287096,459997.69287096,323282.22436545
TAG(50:3)_FA 16:0,0.7141506997621576,12.33746998054938,2365.3922267425987,0,0,848.8 -> 575.8,TAG1,604772.8813479,604772.8813479,400323.16796868,400323.16796868,228067.27600101
TAG(50:3)_FA 18:0,0.9760940127436333,10.855339546055195,4222.7331456861375,0,0,848.8 -> 547.8,TAG1,226819.79516611,226819.79516611,125212.12866208,125212.12866208,91033.54663085
TAG(50:4)_FA 16:0,0.6430157079841314,9.854867048501612,1763.9205816224467,0,0,846.8 -> 573.8,TAG1,106534.587463381,106534.587463381,74083.685333256,74083.685333256,39437.782653818
TAG(50:4)_FA 16:1,0.6900951056238167,12.363095244827559,2211.027934218081,0,0,846.8 -> 575.8,TAG1,611810.16748024,611810.16748024,411790.7290041,411790.7290041,231924.37585458
TAG(50:4)_FA 18:1,0.85762405990175,10.90729660215944,3282.3044916002013,0,0,846.8 -> 547.8,TAG1,229071.71643054,229071.71643054,137277.69042969,137277.69042969,93089.90637205
TAG(52:3)_FA 20:0,0.9225299785651857,8.018704409606292,2820.5809486638186,0,0,874.8 -> 545.8,TAG2,30990.3420868,30990.3420868,17754.7612609908,17754.7612609908,13514.1008987399
TAG(52:5)_FA 18:2,0.582897541272489,10.470508072568684,1505.7902561529675,0,0,870.8 -> 573.8,TAG2,163195.17370611,163195.17370611,118314.16821289,118314.16821289,53969.083923335
TAG(52:6)_FA 20:4,0.7351710123357267,10.801359046251852,2416.509631595746,0,0,868.7 -> 547.7,TAG2,212258.47595211,212258.47595211,138469.97021484,138469.97021484,71994.104797355
TAG(54:0)_FA 16:1,0.6857230148679945,9.09328965905923,1867.8267538616697,0,0,908.9 -> 637.9,TAG1,62505.884216303,62505.884216303,42198.442932104,42198.442932104,25807.841674801
TAG(54:2)_FA 18:2,-0.6455656870098007,13.442234274271499,1956.0406283580076,0,0,904.8 -> 607.8,TAG2,786591.03808604,786591.03808604,1336235.21191438,1336235.21191438,605129.36230462
TAG(54:6)_FA 16:0,1.100120206370159,9.56259942481319,4962.195633699851,0,0,896.8 -> 623.8,TAG1,99472.307983384,99472.307983384,50388.523864723,50388.523864723,27326.901855453
TAG(54:7)_FA 16:0,1.9352632565769394,12.73120703257112,16428.46338343945,0,0,894.8 -> 621.8,TAG1,1119069.52807656,1119069.52807656,317748.78442371,317748.78442371,100671.34680173
TAG(54:7)_FA 16:1,1.0644827625144264,9.462175621680583,4596.827617599266,0,0,894.8 -> 623.8,TAG1,89346.346130382,89346.346130382,46391.04309084,46391.04309084,31719.182220434
TAG(54:8)_FA 16:1,1.961892484262274,13.411709819484905,16958.37314438479,0,0,892.7 -> 621.7,TAG1,1831242.35400446,1831242.35400446,510453.87817379,510453.87817379,103938.42736817
TAG(56:0)_FA 16:0,1.7969795897470042,12.632720305648911,14270.211410172722,0,0,936.9 -> 663.9,TAG1,973968.32507286,973968.32507286,304368.14080807,304368.14080807,190521.27319329
TAG(56:0)_FA 16:1,1.1619872020962745,9.54929194348978,5483.027593150082,0,0,936.9 -> 665.9,TAG1,96006.867584213,96006.867584213,46591.623413083,46591.623413083,35898.262481677
TAG(56:0)_FA 18:1,0.7328782631194015,9.253939530405864,2173.2381831280186,0,0,936.9 -> 637.896,TAG2,72266.305664066,72266.305664066,47218.943359381,47218.943359381,25036.12173462
TAG(56:0)_FA 20:0,-0.6976410122547052,11.999444362814561,2243.690847775294,0,0,936.9 -> 607.9,TAG2,283793.56103525,283793.56103525,499818.97509766,499818.97509766,219011.41601566
TAG(56:1)_FA 16:1,1.763355518518092,12.480301296410543,13740.509134851447,0,0,934.9 -> 663.9,TAG1,857764.29040597,857764.29040597,274374.76184087,274374.76184087,198525.15490726
TAG(56:1)_FA 18:2,0.7217021953907194,9.247371747333643,2109.751360555871,0,0,934.9 -> 637.896,TAG2,72384.925353997,72384.925353997,47664.263183594,47664.263183594,23248.381790156
TAG(56:4)_FA 20:4,-0.6188229878293076,12.83023553869209,1789.300665757295,0,0,928.8 -> 607.8,TAG2,518035.65185549,518035.65185549,863859.7207034,863859.7207034,405044.20703118
TAG(56:6)_FA 18:0,1.1073761274611609,9.466607564055185,4976.4042526142375,0,0,924.8 -> 623.8,TAG1,92095.00634771,92095.00634771,46417.44335937,46417.44335937,28117.241912837
TAG(56:7)_FA 18:0,2.0907216048203567,12.650373983964315,18944.43831704813,0,0,922.8 -> 621.8,TAG1,1087206.87329096,1087206.87329096,277166.90026861,277166.90026861,83608.225830094
TAG(56:7)_FA 18:1,0.9886059243534712,9.744627304833006,4092.8877688069974,0,0,922.8 -> 623.8,TAG2,111012.6470947,111012.6470947,60753.484069826,60753.484069826,28745.882080067
TAG(56:8)_FA 18:1,1.7973947501632166,12.829065002039838,14321.65013225056,0,0,920.8 -> 621.8,TAG2,1186816.2272952,1186816.2272952,370777.0830078,370777.0830078,81489.66564942
TAG(56:8)_FA 18:2,0.9195129807403397,9.739521978642934,3550.9511404721416,0,0,920.8 -> 623.8,TAG2,108832.167419399,108832.167419399,62482.02471925,62482.02471925,28614.102203366
TAG(58:0)_FA 18:0,1.9670965410562793,12.565816198639236,16886.03109885793,0,0,964.9 -> 663.9,TAG1,952268.48559581,952268.48559581,264486.45568848,264486.45568848,184295.39428718
TAG(58:0)_FA 18:1,1.2121695728716353,9.563085903017873,5989.1340423242345,0,0,964.9 -> 665.9,TAG2,102410.966674751,102410.966674751,48000.483428931,48000.483428931,26295.301971424
TAG(58:1)_FA 18:1,1.5857287234960327,12.576723498932852,11260.412403004513,0,0,962.9 -> 663.9,TAG2,934308.81042482,934308.81042482,338016.32202161,338016.32202161,124406.048156765
TAG(58:1)_FA 18:2,0.9997465423697034,9.510422002568495,4104.093804874203,0,0,962.9 -> 665.9,TAG2,94238.166351321,94238.166351321,51176.643798815,51176.643798815,25245.341827382
TAG(58:2)_FA 18:2,1.6402993164595527,12.54611188861503,12005.190781326419,0,0,960.9 -> 663.9,TAG2,926961.02319334,926961.02319334,322909.86108402,322909.86108402,114431.007568363
TAG(58:7)_FA 20:0,1.282396667125503,11.512038817578045,7364.002637773541,0,0,950.8 -> 621.8,TAG2,433166.57556179,433166.57556179,193381.15454098,193381.15454098,34886.402587902
TAG(60:0)_FA 20:0,1.236695369352036,11.910222316673298,6868.790529940121,0,0,992.9 -> 663.9,TAG2,437315.75427267,437315.75427267,201517.054595901,201517.054595901,322173.184623801
TAG(60:4)_FA 20:4,0.6453682102762412,10.753544984789093,1858.9902121241928,0,0,984.9 -> 663.9,TAG2,191341.732544,191341.732544,132841.449707,132841.449707,92551.126037624
TAG(48:1)_FA18:0,0.5702794274825316,11.136030494613454,1473.7375708185114,2e-322,1.72e-321,822.8 -> 521.8,TAG1,241671.79589851,241671.79589851,176747.75317386,176747.75317386,127466.488647475
TAG(54:0)_FA 20:0,-0.5572188896460322,11.24516063540784,1411.8196544027915,5.675455259251666e-309,4.830443031763085e-308,908.9 -> 579.9,TAG2,178239.41357422,178239.41357422,284801.780700898,284801.780700898,130511.56958007
TAG(54:4)_FA 20:4,-0.544679876558149,13.533782269743465,1396.8649354460824,1.0085229543626072e-305,8.397049815671272e-305,900.8 -> 579.8,TAG2,886408.81249989,886408.81249989,1404100.9143067,1404100.9143067,599624.78466816
TAG(50:3)_FA 18:1,0.5457908698788253,12.669956285426169,1392.364565551869,9.58580121315575e-305,7.811408222635431e-304,848.8 -> 549.8,TAG1,700016.31347656,700016.31347656,520724.43603532,520724.43603532,356682.86120619
TAG(48:3)_FA 18:2,0.5479348828921979,11.909107854189617,1389.8760174120011,3.3296430281030233e-304,2.6567776661738708e-303,818.8 -> 521.8,TAG2,438315.81298847,438315.81298847,325567.84277341,325567.84277341,146961.79016115
TAG(56:1)_FA 20:0,-0.5305168707928931,12.397148674263894,1311.6739275609464,3.2833883256973154e-287,2.5664035280450443e-286,934.9 -> 605.896,TAG2,406915.54895015,406915.54895015,638270.944702,638270.944702,267081.57958977
TAG(56:4)_FA 20:0,0.552293300460935,9.837706968921882,1308.6901505946282,1.4612851120524441e-286,1.1193443958321723e-285,928.8 -> 599.8,TAG2,107155.949584993,107155.949584993,79352.10571291,79352.10571291,27200.601989751
TAG(50:4)_FA 18:2,0.5216543500374116,13.433608850160557,1281.7622410615206,1.0388765765573816e-280,7.801759388656415e-280,846.8 -> 549.8,TAG2,1250494.6357421,1250494.6357421,945904.8750004,945904.8750004,427319.77294929
TAG(58:6)_FA 20:0,0.5485893377378672,8.852702622441683,1169.2335883701214,2.963268696593053e-256,2.1825613669137293e-255,952.8 -> 623.8,TAG2,51472.083862298,51472.083862298,38214.542602546,38214.542602546,20359.50138856
TAG(54:1)_FA 18:2,-0.5170172456560612,10.064552615970209,1151.2459273073139,2.4049320687796015e-252,1.7379037402690328e-251,906.8 -> 609.8,TAG2,77494.225891131,77494.225891131,120422.188232427,120422.188232427,66456.705444316
TAG(56:7)_FA 20:0,-0.5106829961916619,9.818725163987626,1106.9658044806133,1.0113727348918625e-242,7.1732547678441355e-242,922.8 -> 593.8,TAG2,67079.38488769,67079.38488769,103781.387695311,103781.387695311,50116.763305657
TAG(56:3)_FA 20:4,-0.5111539524078796,9.574812398489497,1085.196190630192,5.450394822360795e-238,3.795456758116699e-237,930.8 -> 609.8,TAG2,55664.724365263,55664.724365263,86149.406005858,86149.406005858,45935.72354124
TAG(52:4)_FA 18:1,0.4805234975552572,10.01469514417449,999.0565279381601,2.879670596141114e-219,1.9694889970036548e-218,872.8 -> 573.8,TAG1,112726.347717294,112726.347717294,87734.925781267,87734.925781267,46705.363189679
TAG(52:1)_FA20:0,0.4857444562273894,9.701585988644489,998.3155132582806,4.1726591013567973e-219,2.8037340979292166e-218,878.8 -> 549.8,TAG2,90419.24670407,90419.24670407,70119.085815451,70119.085815451,38707.923034678
TAG(50:4)_FA 18:0,0.532107694363834,8.253627104506762,982.681397027341,1.0440919937679211e-215,6.894607476088169e-215,846.8 -> 545.8,TAG1,30876.762176514,30876.762176514,23187.281539919,23187.281539919,21520.061538708
TAG(60:1)_FA 18:1,-0.4638935019177638,9.325031837816093,879.2081703511963,3.249175918575361e-193,2.1092108081599376e-192,990.9 -> 691.9,TAG2,49659.383544919,49659.383544919,74378.385162324,74378.385162324,31298.342132557
TAG(54:1)_FA 18:1,-0.43192445181391653,13.064015835015201,875.8250481865033,1.7670309207773214e-192,1.1279547377628568e-191,906.8 -> 607.8,TAG1,584517.54345696,584517.54345696,856286.4018556,856286.4018556,734094.1298827
TAG(60:1)_FA 18:2,-0.5224581984862524,7.773686152378284,858.3654131348769,1.1038708777088864e-188,6.930861412500057e-188,990.9 -> 693.9,TAG2,15644.921203615,15644.921203615,24403.341506957,24403.341506957,14042.5209732049
TAG(56:1)_FA 18:1,-0.4353018561161539,10.305490223880652,833.2556182554766,3.1759435689647628e-183,1.9619135272798454e-182,934.9 -> 635.9,TAG2,99962.74731449,99962.74731449,146783.250122085,146783.250122085,59345.22393799
TAG(52:5)_FA 20:4,0.417087625053826,12.469543050672375,813.8859081241296,5.164721663299752e-179,3.139822852450484e-178,870.8 -> 549.796,TAG2,612956.03955084,612956.03955084,498508.61621098,498508.61621098,241914.93933097
TAG(58:6)_FA 18:0,-0.46686319636058177,8.529515410532241,780.8687173650121,7.791285683578873e-172,4.662597526266732e-171,952.8 -> 651.8,TAG1,24874.7416687,24874.7416687,37333.462890605,37333.462890605,32166.582092298
TAG(52:2)_FA 18:2,-0.40557716605351557,14.404141611393856,779.714208303709,1.388762740752204e-171,8.1830173801245255e-171,876.8 -> 579.8,TAG2,1715363.645508,1715363.645508,2467438.62402358,2467438.62402358,1091937.5898439
TAG(54:3)_FA 16:1,0.4302485305003527,9.321489220194104,751.6333392450995,1.77114993627592e-165,1.0278036751419354e-164,902.8 -> 631.8,TAG1,63856.624267573,63856.624267573,51462.06384275,51462.06384275,42010.542663546
TAG(56:2)_FA 18:2,-0.4114508700330598,10.320050606582027,745.6981408501724,3.4576752625260186e-164,1.97655167992159e-163,932.9 -> 635.9,TAG2,102481.0067139,102481.0067139,148013.66992188,148013.66992188,58013.54455566
TAG(52:4)_FA 18:2,0.39526289166513345,13.295277654493175,736.9200532633905,2.802116289241134e-162,1.5782507923225799e-161,872.8 -> 575.8,TAG2,1089796.5478517,1089796.5478517,899826.29882812,899826.29882812,401849.28955078
TAG(54:0)_FA 18:0,-0.3954300698498416,12.423301003162443,728.8906179199023,1.5610918092361005e-160,8.66519076720908e-160,908.9 -> 607.896,TAG1,380961.22753903,380961.22753903,544147.17773424,544147.17773424,469021.93164058
TAG(52:2)_FA 20:0,0.4310337497152065,8.772838723247885,714.6183626973242,1.9810323377964156e-157,1.0839076933943246e-156,876.8 -> 547.8,TAG2,46356.263244636,46356.263244636,37338.182556136,37338.182556136,21220.901458745
TAG(52:1)_FA 18:2,-0.39920338801670047,10.711277283167826,713.6579037438072,3.204378508287233e-157,1.7285591108084653e-156,878.8 -> 581.8,TAG2,131172.40942382,131172.40942382,187851.23229981,187851.23229981,90149.22619628
TAG(58:3)_FA 16:0,0.43794403127473996,8.829104599524635,711.334636336846,1.0255126123900476e-156,5.455157368685948e-156,958.9 -> 685.9,TAG1,38966.462585443,38966.462585443,31236.002319323,31236.002319323,48137.803680402
TAG(58:4)_FA 20:4,-0.41234195067136925,9.336695409430172,695.1643244562722,3.3671212391439615e-153,1.7665855268385443e-152,956.9 -> 635.9,TAG2,50468.443603487,50468.443603487,72936.805114741,72936.805114741,33912.902618413
TAG(56:5)_FA 20:4,-0.38324642615704857,13.75830687247472,694.5358417803654,4.6124097210665674e-153,2.387233679957426e-152,926.8 -> 605.8,TAG2,1099066.02099602,1099066.02099602,1556652.66552726,1556652.66552726,721574.87622103
TAG(60:5)_FA 18:2,0.43109123073719535,8.640440578646174,686.7192811870738,2.310591064267237e-151,1.1799418368191357e-150,982.9 -> 685.9,TAG2,38220.842712386,38220.842712386,30784.182205197,30784.182205197,30813.561981188
TAG(60:2)_FA 18:2,-0.4079481353996813,9.383563819310513,683.8785430645146,9.582505094201545e-151,4.8290782251042e-150,988.9 -> 691.9,TAG2,52385.583496058,52385.583496058,75477.225463901,75477.225463901,34464.042419441
TAG(52:3)_FA 18:1,0.38025831027276646,12.791066430674997,678.7488395666973,1.2502883788686404e-149,6.218966871515445e-149,874.8 -> 575.8,TAG1,716969.73437482,716969.73437482,598178.63720709,598178.63720709,410433.94946276
TAG(54:2)_FA 16:0,0.407227691125051,9.247260400628797,668.8365151796285,1.7890778376256698e-147,8.784830920649122e-147,904.8 -> 631.8,TAG1,60441.084533682,60441.084533682,49492.963317859,49492.963317859,39348.403076166
TAG(58:1)_FA 20:0,-0.4090749588499805,9.095460698497726,664.5023934892591,1.5673980859165062e-146,7.598904644380024e-146,962.9 -> 633.9,TAG2,41756.582794178,41756.582794178,60209.963836687,60209.963836687,32309.641906731
TAG(48:0)_FA 18:0,0.3750740139144306,11.841467875493917,650.9503105355436,1.3881537989916923e-143,6.645786312672726e-143,824.8 -> 523.8,TAG1,362101.88525405,362101.88525405,303194.60449215,303194.60449215,235313.97558597
TAG(52:6)_FA 18:2,0.4115570418999617,8.751617722524125,639.7837353186374,3.723697142517557e-141,1.760711118005215e-140,868.7 -> 571.7,TAG2,41985.623138438,41985.623138438,34277.442535409,34277.442535409,30585.602142329
TAG(58:0)_FA 20:0,-0.3981357412288915,9.112769503689965,633.2426527213171,9.853192118924335e-140,4.602161684814659e-139,964.9 -> 635.9,TAG2,43435.882873537,43435.882873537,62158.284057614,62158.284057614,29043.202270526
TAG(54:7)_FA 18:2,0.3781644082192966,9.5269878004396,601.1249850507826,9.530292098480771e-133,4.397713100865223e-132,894.8 -> 597.8,TAG2,81055.365417471,81055.365417471,67723.904785173,67723.904785173,24637.821563715
TAG(48:1)_FA 18:1,0.3487360427796155,11.893475584515883,563.6858517993932,1.3268656319038265e-124,6.049875440704351e-124,822.8 -> 523.8,TAG1,375775.38867206,375775.38867206,320440.60253877,320440.60253877,234853.51965326
TAG(54:3)_FA 20:4,-0.35966016544149726,10.066042036288394,561.6897735981252,3.606097079523182e-124,1.6248649193616218e-123,902.8 -> 581.8,TAG2,86702.34619141,86702.34619141,120808.84851072,120808.84851072,52068.043579096
TAG(54:1)_FA 18:0,-0.34182034321624916,13.818192639548055,552.6168544073964,3.394066890328149e-122,1.5115437430182336e-121,906.8 -> 605.8,TAG1,1059754.01953128,1059754.01953128,1458486.84570329,1458486.84570329,1107418.40380847
TAG(54:6)_FA 18:2,0.34034768686957617,11.813282001051947,538.0874310120435,4.914838039808396e-119,2.1636585853409375e-118,896.8 -> 599.8,TAG2,405432.64794921,405432.64794921,347746.74658193,347746.74658193,84518.786224336
TAG(60:8)_FA 18:0,-0.33750710535353456,12.460815470872223,531.8375347357651,1.1250827804301362e-117,4.8966671011902526e-117,976.9 -> 675.9,TAG1,402297.14782724,402297.14782724,552008.800049,552008.800049,473344.31274432
TAG(56:3)_FA 16:0,0.399586387827018,8.03186277890759,529.2307933000159,4.152351819148007e-117,1.7869109513861645e-116,930.8 -> 657.8,TAG1,24957.861755375,24957.861755375,20545.581481934,20545.581481934,19960.141540524
TAG(58:9)_FA 16:1,-0.33275647499405137,12.733609609372909,518.7815511057382,7.791699119371965e-115,3.31580084746607e-114,946.8 -> 675.8,TAG1,482501.49816894,482501.49816894,659884.04296848,659884.04296848,586767.71972651
TAG(54:3)_FA 18:2,-0.3270721566780014,14.437106004325376,507.70943976279045,1.9979157236443722e-112,8.40881013358016e-112,902.8 -> 605.8,TAG2,1797097.8173828,1797097.8173828,2448102.00439242,2448102.00439242,1159490.5710449
TAG(58:10)_FA 18:0,0.3602324830650487,8.82760722907552,504.91048325275773,8.120047653643974e-112,3.380411142767002e-111,944.8 -> 643.8,TAG1,47856.243164057,47856.243164057,40485.242889379,40485.242889379,19980.561523432
TAG(58:8)_FA 18:2,-0.36073760342364286,8.85310839461123,502.26918269308624,3.0496089659270245e-111,1.2559142300538176e-110,948.8 -> 651.8,TAG2,36027.322448722,36027.322448722,50237.083801276,50237.083801276,27095.782043454
TAG(60:1)_FA 20:0,-0.34819035095458245,9.270504128374293,493.6599170105557,2.2775181590081347e-109,9.27967505212889e-109,990.9 -> 661.9,TAG2,49780.783630385,49780.783630385,68814.025329607,68814.025329607,31140.302490234
TAG(60:3)_FA 20:4,0.36237769427967653,8.42331311424181,477.0019437413904,9.59661852231031e-106,3.8689525200472085e-105,986.9 -> 665.9,TAG2,34525.402450555,34525.402450555,29164.262207026,29164.262207026,19815.761459351
TAG(58:8)_FA 18:0,-0.318745727484594,12.231257573542127,472.72230051958195,8.191809065807854e-105,3.268190491879592e-104,948.8 -> 647.8,TAG1,343683.04272469,343683.04272469,465488.995117111,465488.995117111,410344.10937488
TAG(54:0)_FA 18:1,-0.3409402685383859,9.426327340089838,470.7268108321365,2.2264329728021352e-104,8.790967304981627e-104,908.9 -> 609.9,TAG1,48055.92361452,48055.92361452,66096.684387187,66096.684387187,61760.30444333
TAG(56:2)_FA 20:0,-0.30999110532170115,11.941537158853722,446.22949177223165,4.771886404011008e-99,1.8649311150369552e-98,932.9 -> 603.9,TAG2,317519.00439447,317519.00439447,427450.30908205,427450.30908205,216023.715332138
TAG(60:8)_FA 18:1,-0.3110393565588053,10.367073523779919,427.28123969037557,6.347903347767877e-95,2.4558050325203e-94,976.9 -> 677.9,TAG2,107724.5476074,107724.5476074,145126.329406721,145126.329406721,68206.24548341
TAG(52:0)_FA 18:0,-0.30051145292113257,13.32110829765758,425.90481116295825,1.2653636525506554e-94,4.846342789269011e-94,880.8 -> 579.8,TAG1,754458.17041006,754458.17041006,1009014.47802747,1009014.47802747,813070.89404308
TAG(58:8)_FA 18:1,-0.30859243577754203,10.526818616507823,424.216555471326,2.9489939114285237e-94,1.1182818495813115e-93,948.8 -> 649.8,TAG2,121861.00903318,121861.00903318,163892.73144532,163892.73144532,71419.105102537
TAG(54:2)_FA 20:4,-0.34129043761715594,8.350473515144753,420.10548852941906,2.3146506216230843e-93,8.69128615766315e-93,904.8 -> 583.8,TAG2,26457.001693733,26457.001693733,36398.122314458,36398.122314458,15939.46113586
TAG(58:8)_FA 16:0,-0.2957790613392047,12.776039297928063,410.3423927061288,3.0874252207357135e-91,1.1480425820793965e-90,948.8 -> 675.8,TAG1,507170.97753905,507170.97753905,676070.58349633,676070.58349633,593694.08081056
TAG(52:1)_FA 18:1,-0.29307345591995587,14.008988561869476,406.86038802900185,1.768258262234982e-90,6.511951100346135e-90,878.8 -> 579.8,TAG1,1216026.68457019,1216026.68457019,1617954.37744153,1617954.37744153,1318826.41308606
TAG(58:7)_FA 18:1,-0.32008938982561935,8.797962311646208,392.45618927146563,2.416385001737259e-87,8.81405195871781e-87,950.8 -> 651.8,TAG2,35014.402282683,35014.402282683,47468.203430142,47468.203430142,26851.781723023
TAG(54:0)_FA 20:4,0.33834913809502465,7.930073834676361,379.5847874717266,1.5323559683363198e-84,5.536720149743495e-84,908.9 -> 587.9,TAG2,24413.721786493,24413.721786493,20969.081649774,20969.081649774,13855.080978391
TAG(52:2)_FA 18:0,0.2849854067072793,12.24963399943895,379.21051558194205,1.8486081838785905e-84,6.616980695565422e-84,876.8 -> 575.8,TAG1,480916.25683605,480916.25683605,428627.00927745,428627.00927745,275099.878357062
TAG(54:1)_FA 20:0,-0.28371182810603235,11.850209586195431,373.3750027639468,3.4463571332228466e-83,1.2221803537262502e-82,906.8 -> 577.8,TAG2,304264.88208005,304264.88208005,402213.72741712,402213.72741712,191977.234008772
TAG(58:8)_FA 16:1,-0.290616875947233,10.456406144264523,372.0898908284401,6.563923492245829e-83,2.3064061445230758e-82,948.8 -> 677.8,TAG1,104604.98706056,104604.98706056,138942.829833969,138942.829833969,109856.608032255
TAG(60:7)_FA 18:2,-0.34902564958923205,7.5788940020200695,364.14562850336387,3.522892707525952e-81,1.2266071881658543e-80,978.9 -> 681.9,TAG2,14270.681030274,14270.681030274,19738.401397699,19738.401397699,13768.58089447
TAG(48:0)_FA 18:1,0.3013962343760992,8.980367896203704,356.2328718443722,1.86156033581508e-79,6.423221699253834e-79,824.8 -> 525.8,TAG1,48804.083740233,48804.083740233,43005.68310547,43005.68310547,32212.622497544002
TAG(60:10)_FA 20:4,-0.30806144015260123,8.501571099936026,347.36093030994823,1.5916242598272584e-77,5.442786531373571e-77,972.9 -> 651.9,TAG2,28413.522125238,28413.522125238,38199.74255371,38199.74255371,22670.961791985
TAG(60:7)_FA 18:1,-0.3109736399464679,8.341705139220803,345.4410482182371,4.1680633582792576e-77,1.400323040544698e-76,978.9 -> 679.896,TAG2,25666.341781609,25666.341781609,34576.10275268,34576.10275268,19313.0014267013
TAG(60:9)_FA 16:1,-0.2789307144215062,10.63707342865289,345.4497099169478,4.149999404119167e-77,1.400323040544698e-76,974.9 -> 703.9,TAG1,116652.328613305,116652.328613305,153694.831848139,153694.831848139,132730.00903322
TAG(54:7)_FA 20:4,0.28623066378384804,9.372151307868954,337.59602495551997,2.1301931392330407e-75,7.094469324576127e-75,894.8 -> 573.8,TAG2,66574.025024416,66574.025024416,59284.324279798,59284.324279798,34081.3223877
TAG(58:5)_FA 20:4,-0.27166282308465506,9.848003043705514,315.86695497596776,1.1512932840126269e-70,3.80125282566238e-70,954.8 -> 633.8,TAG2,75927.685852037,75927.685852037,99535.546051034,99535.546051034,48748.803527832
TAG(56:5)_FA 18:2,0.2767141558387067,9.334936238182994,313.5935884410991,3.60080778409647e-70,1.1787259669307248e-69,926.8 -> 629.8,TAG2,63453.804260227,63453.804260227,56879.72344971,56879.72344971,36751.762573247
TAG(60:6)_FA 20:0,-0.29145882586274185,8.490723097089926,310.4301314615237,1.760044525975604e-69,5.71268689363268e-69,980.9 -> 651.9,TAG2,28353.002075195,28353.002075195,37682.222656243,37682.222656243,22604.861572269
TAG(58:1)_FA 16:1,-0.2797793576141282,9.075130534743327,307.7641727802775,6.703323878431724e-69,2.1574563407053365e-68,962.9 -> 691.9,TAG1,40731.722869886,40731.722869886,53697.523223901,53697.523223901,40928.742996203
TAG(54:2)_FA 16:1,0.26653422278255345,9.733693600362468,299.66926504458917,3.888906553804157e-67,1.241209341755827e-66,904.8 -> 633.8,TAG1,79517.48571777,79517.48571777,71783.885070794,71783.885070794,59565.224426284
TAG(60:8)_FA 18:2,-0.2914901617104857,8.249285908675423,297.53231387402315,1.1360680629029497e-66,3.5959840338167745e-66,976.9 -> 679.9,TAG2,23898.581542968,23898.581542968,31762.822387685,31762.822387685,19413.521362301
TAG(54:5)_FA 20:4,-0.24991454214673137,14.32279878938464,296.57768546474966,1.8339711065179082e-66,5.757466670461958e-66,898.8 -> 577.8,TAG2,1712267.0566408,1712267.0566408,2211070.22558556,2211070.22558556,1062895.28124999
TAG(60:11)_FA 16:0,0.31907503530407777,7.378255364952372,281.6510058511598,3.279571243488878e-63,1.0211998262245855e-62,970.9 -> 697.9,TAG1,14678.181060791,14678.181060791,12776.720962523,12776.720962523,15258.240951536
TAG(52:0)_FA 16:0,-0.24486482549916466,11.728355181221485,276.59726181977487,4.141214023990899e-62,1.279100783216544e-61,880.8 -> 607.8,TAG1,253894.91845703,253894.91845703,326711.90258777,326711.90258777,275095.58007814
TAG(52:0)_FA 18:1,-0.2483996444641096,10.375611790290597,270.7979727618295,7.603184010707017e-61,2.32961558088063e-60,880.8 -> 581.8,TAG1,100455.94714357,100455.94714357,129583.80859375,129583.80859375,104065.76770021
TAG(52:3)_FA 18:0,0.2508598284054542,9.71011994286688,267.4481846765335,4.083907485195622e-60,1.241378227642796e-59,874.8 -> 573.8,TAG1,84394.446289046,84394.446289046,77018.785766605,77018.785766605,39769.322937007
TAG(54:2)_FA 18:1,-0.23612030554499241,14.181325365899978,264.48559436316805,1.8063219831849159e-59,5.447411965037974e-59,904.8 -> 605.8,TAG1,1414951.56249995,1414951.56249995,1809756.43749999,1809756.43749999,1437880.91259753
TAG(58:4)_FA 16:1,0.2626487212220713,8.79319240451235,256.39603972178185,1.0474038184196983e-57,3.134028612927691e-57,956.9 -> 685.9,TAG1,36714.122528064,36714.122528064,33232.802459714,33232.802459714,44916.143508902
TAG(58:4)_FA 16:0,-0.3021718822109123,7.40296036474066,254.0627814599398,3.378661004732127e-57,1.0031218331879104e-56,956.9 -> 683.9,TAG1,12071.2607803367,12071.2607803367,16162.76107788,16162.76107788,15259.2409744266
TAG(58:7)_FA 16:0,-0.23997024579470744,10.48205770098297,253.95336891418992,3.569406945456405e-57,1.051602200084464e-56,950.8 -> 677.8,TAG1,107033.48742677,107033.48742677,137264.19067386,137264.19067386,116892.488281278
TAG(56:8)_FA 16:0,-0.23085793042460062,12.631278149023249,249.64696280990626,3.100310446114684e-56,9.064266418793313e-56,920.8 -> 647.8,TAG1,462867.81591794,462867.81591794,589863.360290397,589863.360290397,560915.87817384
TAG(50:1)_FA 18:2,0.27000773774405346,8.017843381699862,246.95614074568206,1.1968629276323421e-55,3.472715918812023e-55,852.8 -> 555.8,TAG2,25575.061889643,25575.061889643,23032.181686397,23032.181686397,14176.0610122697
TAG(56:6)_FA 20:0,-0.2678351647515125,8.170597384540592,246.54185370405307,1.4735585357924925e-55,4.243405407582892e-55,924.8 -> 595.8,TAG2,22469.841583254,22469.841583254,29378.262145995,29378.262145995,19717.421417242
TAG(50:2)_FA 16:0,0.22797014886071928,13.845375177194205,246.26078472956277,1.6968618000688123e-55,4.849985592733993e-55,850.8 -> 577.8,TAG1,1379891.4277343,1379891.4277343,1279435.2548825,1279435.2548825,964553.3124998
TAG(50:3)_FA 16:1,0.22459385809644725,13.863774483143402,239.0584473612775,6.309684931741112e-54,1.7900809843384043e-53,848.8 -> 577.8,TAG1,1402653.3437501,1402653.3437501,1303587.2773439,1303587.2773439,958697.60302729
TAG(54:8)_FA 18:1,-0.22622944005178997,11.251217519973821,233.28612285361635,1.1447629914293259e-52,3.2238546008634695e-52,892.7 -> 593.7,TAG1,187157.9914551,187157.9914551,237743.97656244,237743.97656244,186310.45385744
TAG(60:7)_FA 18:0,-0.22840883859561806,10.252895921623223,227.33548604618449,2.2721818054687928e-51,6.352157894120785e-51,978.9 -> 677.9,TAG1,92654.06640625,92654.06640625,117875.009277361,117875.009277361,96640.047180201
TAG(56:0)_FA 18:0,-0.2300183212190599,9.774338752924757,223.83482356923508,1.3180832157902993e-50,3.658158490200613e-50,936.9 -> 635.9,TAG1,68902.32495116,68902.32495116,87755.76678467,87755.76678467,61182.524169932
TAG(50:3)_FA 18:2,-0.21664084832060873,14.614282491986213,223.15093273728573,1.8582600628630027e-50,5.12024175594626e-50,848.8 -> 551.8,TAG2,2144891.8515625,2144891.8515625,2706574.9199233,2706574.9199233,1226713.22949236
TAG(56:8)_FA 20:4,0.2221283744015369,10.707581064781422,222.23454588551246,2.9443069716988805e-50,8.054782644004795e-50,920.8 -> 599.8,TAG2,171532.51220704,171532.51220704,159690.23046879,159690.23046879,66905.824890145
TAG(52:1)_FA 16:1,-0.21908066735414372,11.843890337620836,222.02018307507697,3.278982442667092e-50,8.906739542847492e-50,878.8 -> 607.8,TAG1,276694.47900389,276694.47900389,349743.48291029,349743.48291029,301388.7807617
TAG(54:5)_FA 18:1,0.2141696397091362,11.454238689321764,211.6018894479518,6.143064927478358e-48,1.6568970895945148e-47,898.8 -> 599.8,TAG1,293493.19787598,293493.19787598,274742.45910639,274742.45910639,94749.587219234
TAG(52:3)_FA 20:4,-0.22113831591164154,9.971612197752552,211.25904767422082,7.297617694250181e-48,1.954536767061412e-47,874.8 -> 553.8,TAG2,84410.06591796,84410.06591796,106847.12854005,106847.12854005,52828.26361082
TAG(60:6)_FA 18:2,-0.26352222368079203,7.65240690282195,211.09118579537616,7.939677522801211e-48,2.1117336744672665e-47,980.9 -> 683.9,TAG2,15333.5811004613,15333.5811004613,19988.101486207,19988.101486207,15198.661041262
TAG(60:3)_FA 18:2,-0.22458488479859756,9.498749030296556,209.8073627980258,1.5131914280083636e-47,3.9969125305324365e-47,986.9 -> 689.9,TAG2,60005.284484835,60005.284484835,76136.985046396,76136.985046396,40438.003135689
TAG(60:3)_FA 16:0,0.26833225752130085,7.428308930066555,209.6191178065933,1.6632742147891568e-47,4.3632467415359387e-47,986.9 -> 713.9,TAG1,16347.481079101,16347.481079101,14739.180984497,14739.180984497,11393.300865172
TAG(52:2)_FA 20:4,0.2546566602204802,7.769224992360168,206.8049020154882,6.838652560057608e-47,1.781771381293921e-46,876.8 -> 555.8,TAG2,20942.261352535,20942.261352535,19061.761428833,19061.761428833,13397.440948484
TAG(60:10)_FA 18:1,0.23267693806579845,8.757920437182369,206.4600357475782,8.132354238522006e-47,2.1045214009148165e-46,972.9 -> 673.9,TAG2,41002.583038323,41002.583038323,37893.742553701,37893.742553701,27393.181732164
TAG(56:4)_FA 18:0,0.23809105367049554,8.150813253050783,195.16129474404352,2.3757953179404097e-44,6.106910112558235e-44,928.8 -> 627.8,TAG1,26758.701782214,26758.701782214,24637.201599127,24637.201599127,18621.721221925
TAG(56:3)_FA 18:0,0.2236227060607209,8.948898842291333,195.14727395918047,2.392594178991838e-44,6.109090470359159e-44,930.8 -> 629.8,TAG1,46075.403198227,46075.403198227,42850.022857644,42850.022857644,33034.162338244
TAG(52:4)_FA 18:0,0.24336142651624676,7.934249431135865,193.44380967957505,5.63191802563234e-44,1.4284931151107192e-43,872.8 -> 571.8,TAG1,22457.601623523,22457.601623523,20601.701461796,20601.701461796,17919.601318356
TAG(58:3)_FA 16:1,0.24263403376466736,7.906110597816478,187.80689330396214,9.573111897696912e-43,2.4121722742223144e-42,958.9 -> 687.9,TAG1,20874.06155396,20874.06155396,19158.681167603,19158.681167603,21119.361480719
TAG(56:8)_FA 16:1,-0.20645391695764473,10.406145265466101,187.43563354805687,1.1537092886141753e-42,2.888043513328295e-42,920.8 -> 649.796,TAG1,103943.9466553,103943.9466553,130240.888916,130240.888916,107234.307556142
TAG(60:2)_FA 20:4,-0.25265518685104443,7.468422130943491,187.36786322665222,1.1936863788883443e-42,2.968713526715817e-42,988.9 -> 667.9,TAG2,14010.200988771,14010.200988771,18125.961151113,18125.961151113,11669.760879518
TAG(56:3)_FA 16:1,0.21601454797960493,8.620305132825115,175.24455908223197,5.2942137431195e-40,1.3081831378159797e-39,930.8 -> 659.8,TAG1,37844.402557365,37844.402557365,35381.302459708,35381.302459708,22572.421646124
TAG(54:4)_FA 16:1,0.21389992755327528,8.720196098685946,173.6053029178195,1.2072006089609273e-39,2.963832264307918e-39,900.8 -> 629.8,TAG1,39717.142761227,39717.142761227,37186.622772206,37186.622772206,26643.941802963
TAG(60:12)_FA 20:0,0.2265182791835427,7.8319581264772244,166.23998309940472,4.902802135751811e-38,1.1960338968107922e-37,968.9 -> 639.9,TAG2,21760.081771847,21760.081771847,20196.241348264,20196.241348264,13729.441070559
TAG(58:7)_FA 16:1,-0.21125222200711496,8.417531889677296,159.6005485112972,1.3833253529036305e-36,3.353250697228421e-36,950.8 -> 679.8,TAG1,26557.661773676,26557.661773676,33387.402343735,33387.402343735,25817.921981805
TAG(58:3)_FA 18:2,-0.18892676113066598,10.189573248022981,156.6359143104417,6.147634574214724e-36,1.480845309386314e-35,958.9 -> 661.9,TAG2,101699.90710447,101699.90710447,125890.367553683,125890.367553683,53795.744079571
TAG(60:9)_FA 18:2,-0.1849299226544452,10.42841525306377,151.8138065188198,6.958572299285751e-35,1.6657082441415265e-34,974.9 -> 677.9,TAG2,118507.72888183,118507.72888183,146290.270080576,146290.270080576,69137.885101312
TAG(60:1)_FA 20:4,0.23809808625558318,7.147602644370766,151.64190865600273,7.587350789867378e-35,1.8049412127448484e-34,990.9 -> 669.9,TAG2,13185.3608856239,13185.3608856239,12139.9210052538,12139.9210052538,9843.7006454452
TAG(54:6)_FA 20:4,0.1789352813935835,12.196509988694196,149.65028938421932,2.0672772518605645e-34,4.88745177446047e-34,896.8 -> 575.8,TAG2,465453.19482404,465453.19482404,446488.59472631,446488.59472631,215899.05493164
TAG(60:7)_FA 20:0,-0.19567785646225083,8.885323710521563,149.4517157146533,2.2845625070571695e-34,5.368021105539239e-34,978.9 -> 649.9,TAG2,40047.503082305,40047.503082305,49805.783813481,49805.783813481,24939.541809071
TAG(58:0)_FA 16:0,-0.19477809928854117,9.03433698653239,149.09970666264743,2.7273837971492083e-34,6.369438989683822e-34,964.9 -> 691.9,TAG1,41616.482971159,41616.482971159,51724.803497312,51724.803497312,37296.322509763
TAG(56:6)_FA 20:4,-0.17396944784174953,14.20400472288606,143.73553258272995,4.058943570750814e-33,9.421669015742798e-33,924.8 -> 603.8,TAG2,1599840.4492188,1599840.4492188,1959954.34765626,1959954.34765626,1049822.17651351
TAG(60:4)_FA 18:1,0.19356037913597648,8.728987467593168,142.0193761103117,9.630406782488581e-33,2.2219552998151364e-32,984.9 -> 685.896,TAG2,39229.702880859,39229.702880859,37251.742599478,37251.742599478,28219.301879878
TAG(58:4)_FA 20:0,0.22054516444192243,7.386174845448055,141.32631045131586,1.36517939285444e-32,3.13092040397156e-32,956.9 -> 627.9,TAG2,15989.821212772,15989.821212772,14902.241065979,14902.241065979,9925.580780027
TAG(54:8)_FA 16:0,-0.16854552237815626,12.354394198231667,132.60837572843596,1.1012760968394703e-30,2.5106472921995065e-30,892.7 -> 619.7,TAG1,390184.24340813,390184.24340813,476218.49438444,476218.49438444,465625.15014632
TAG(58:9)_FA 18:2,-0.17228811345313585,10.547214893817927,132.52648585334683,1.1476529009925438e-30,2.600893852545232e-30,946.8 -> 649.8,TAG2,129364.54919434,129364.54919434,158299.11035157,158299.11035157,74852.344787611
TAG(52:4)_FA 20:4,-0.16470117121416883,13.3922739864252,128.3252245745007,9.527847280285827e-30,2.1465679460879246e-29,872.8 -> 551.8,TAG2,937957.3066403,937957.3066403,1141727.14501981,1141727.14501981,523350.19726559
TAG(52:5)_FA 20:0,0.2154871730226342,7.254288640679853,128.12385418717847,1.0545270094190107e-29,2.3618938281139247e-29,870.8 -> 541.8,TAG2,14057.221069332,14057.221069332,13147.100906371,13147.100906371,10709.740848541
TAG(54:6)_FA 18:1,0.17654128423186996,9.270505631563328,128.0602412457512,1.0888731786267152e-29,2.4246420198490228e-29,896.8 -> 597.8,TAG1,62412.44448851,62412.44448851,59968.904083249,59968.904083249,24243.701782225
TAG(60:2)_FA 18:1,-0.174086458443876,9.526298374302423,126.50497369444325,2.384034694234333e-29,5.277949640992771e-29,988.9 -> 689.896,TAG2,62528.78411865,62528.78411865,76609.845520012,76609.845520012,40536.622985819
TAG(58:6)_FA 20:4,-0.17368222817803508,9.549410220952883,126.2678726099107,2.686578785042145e-29,5.913561348684721e-29,952.8 -> 631.8,TAG2,63941.82446287,63941.82446287,78319.145202641,78319.145202641,39882.082824701
TAG(56:7)_FA 16:0,-0.16764401763090195,10.414504608111093,123.68074363044332,9.894951337533896e-29,2.1655807784431327e-28,922.8 -> 649.8,TAG1,105897.68853759,105897.68853759,129167.029602076,129167.029602076,108386.18750002
TAG(60:8)_FA 16:0,-0.16623897978723967,10.645470759669411,123.02972607063724,1.373752435438821e-28,2.9894726293924345e-28,976.9 -> 703.9,TAG1,124070.169097916,124070.169097916,151185.311309815,151185.311309815,128027.648986791
TAG(60:0)_FA 18:0,-0.1771347543988365,9.006362790228497,122.83319292181682,1.5167948075392552e-28,3.282104018573643e-28,992.9 -> 691.9,TAG1,40931.8633117901,40931.8633117901,50255.5235710199,50255.5235710199,37105.722854573
TAG(60:8)_FA 16:1,-0.178163002991241,8.858689992516135,121.58978421898404,2.838599806404843e-28,6.1077737407474985e-28,976.9 -> 705.9,TAG1,36469.642211912,36469.642211912,44808.803054794,44808.803054794,35104.022399884
TAG(56:2)_FA 18:1,-0.16534316720860534,10.404781520985678,121.28765023988414,3.305547707623227e-28,7.072764089495508e-28,932.9 -> 633.9,TAG2,118078.28881836,118078.28881836,143794.61120607,143794.61120607,65879.20468138
TAG(58:4)_FA 18:0,0.19571314492000463,7.705008435545541,118.35063474979144,1.4529339507326142e-27,3.091520572947729e-27,956.9 -> 655.9,TAG1,18696.921325683,18696.921325683,17727.741127011,17727.741127011,15843.701126098
TAG(60:3)_FA 18:0,0.17567016505945282,8.881096599070483,117.98854440189834,1.7439231934092326e-27,3.6901800169930175e-27,986.9 -> 685.9,TAG1,40656.682861327,40656.682861327,39088.502609253,39088.502609253,39456.582420362
TAG(58:7)_FA 18:0,-0.16441423321909263,10.148355840702594,117.00198364238875,2.867806316511077e-27,6.0349990067238596e-27,950.8 -> 649.8,TAG1,87371.6255493,87371.6255493,106331.846679721,106331.846679721,92795.22729491
TAG(56:8)_FA 18:0,-0.15849053590951545,11.795112684412032,116.02245397337641,4.699455040754754e-27,9.835471478738091e-27,920.8 -> 619.8,TAG1,265645.03906251,265645.03906251,321967.02404767,321967.02404767,316690.84130859
TAG(60:4)_FA 16:0,-0.2124699776414083,7.012526361134348,114.32584557184936,1.1056224887578836e-26,2.3013772456210292e-26,984.9 -> 711.9,TAG1,10040.7607727051,10040.7607727051,12633.580894471,12633.580894471,9760.620712282
TAG(58:0)_FA 20:4,0.18277525648893447,8.017558460202652,113.69130254470188,1.5225949802994807e-26,3.152183121376763e-26,964.9 -> 643.9,TAG2,25179.461944579,25179.461944579,24089.321701048,24089.321701048,13165.160842893
TAG(56:0)_FA 18:2,0.1801566348280535,8.109325727431896,112.27497070774233,3.110376097638131e-26,6.404699168792496e-26,936.9 -> 639.896,TAG2,26657.561782835,26657.561782835,25549.761749252,25549.761749252,14522.221069337
TAG(54:6)_FA 20:0,0.18542689783710517,7.847221618229454,110.89699439057313,6.232642347849636e-26,1.2765251439713427e-25,896.8 -> 567.8,TAG2,21145.461471559,21145.461471559,20192.821578982,20192.821578982,15624.8611145
TAG(54:3)_FA 16:0,0.1721304565454004,8.590479502972459,110.00706677650143,9.764202828933048e-26,1.9891966401496582e-25,902.8 -> 629.8,TAG1,35332.142669671,35332.142669671,34052.782424922,34052.782424922,25817.961853031
TAG(52:4)_FA 20:0,-0.20714600485065188,7.036795030816102,109.87938138861287,1.041384524664886e-25,2.110318904479637e-25,872.8 -> 543.8,TAG2,10299.980712891,10299.980712891,12912.0008392346,12912.0008392346,9665.1807708724
TAG(60:1)_FA 16:1,-0.18881372070394928,7.7639554075169706,109.86455038403162,1.0492051944797062e-25,2.1149767867669864e-25,990.9 -> 719.9,TAG1,16309.2011604307,16309.2011604307,20186.9614944408,20186.9614944408,19063.7214660661
TAG(60:1)_FA 18:0,-0.16507479554932467,9.245928292891968,109.47152124623058,1.2792936798362264e-25,2.5652852323417525e-25,990.9 -> 689.9,TAG1,47854.582916255,47854.582916255,58266.023773188,58266.023773188,46091.503143307
TAG(60:5)_FA 20:4,-0.16385344023331058,9.250767974967998,109.25817354422958,1.4246701109862845e-25,2.8419200651445157e-25,982.9 -> 661.9,TAG2,52074.003662099,52074.003662099,63349.784240719,63349.784240719,32683.522262594
TAG(60:6)_FA 18:0,-0.18119073630228832,7.99938251206818,108.53777010036629,2.0490813781069893e-25,4.0663117503366677e-25,980.9 -> 679.9,TAG1,20218.561203005,20218.561203005,24893.94194031,24893.94194031,18940.461380005
TAG(54:7)_FA 18:0,-0.1556483542227333,10.551731892331109,107.52279296223962,3.4195010198299784e-25,6.75087057007671e-25,894.8 -> 593.8,TAG1,119001.46887211,119001.46887211,143948.26989749,143948.26989749,112596.486999511
TAG(56:1)_FA 20:4,0.18307887752715887,7.682014273837844,104.86469898980457,1.3076702735901246e-24,2.568398537359065e-24,934.9 -> 613.9,TAG2,19291.281311029,19291.281311029,18452.181167602,18452.181167602,12511.040817261
TAG(52:5)_FA 16:1,0.1510446076466743,11.201797156886942,104.81609458145716,1.3401437953452974e-24,2.618750375598209e-24,870.8 -> 599.8,TAG1,253049.699157844,253049.699157844,247477.716613668,247477.716613668,45620.763244645
TAG(58:5)_FA 20:0,-0.1825937539760011,7.738374298145612,104.68883667600082,1.4290390328143978e-24,2.778284007958956e-24,954.8 -> 625.8,TAG2,17244.44125366,17244.44125366,21252.741561892,21252.741561892,14446.560981749
TAG(58:2)_FA 18:1,-0.15309022177688883,10.199534051431254,102.91106554822329,3.505362200779341e-24,6.78057435807317e-24,960.9 -> 661.9,TAG2,103382.5872803,103382.5872803,124833.588745114,124833.588745114,55421.244201665
TAG(54:2)_FA 18:0,-0.14703129489505165,14.245200051337262,102.66582358399098,3.967299451287897e-24,7.635556230368163e-24,904.8 -> 603.8,TAG1,1558554.7363282,1558554.7363282,1874054.20996119,1874054.20996119,1408184.19921906
TAG(56:1)_FA 16:0,0.15775768094134596,9.39967342079419,102.14065595098324,5.171619364096801e-24,9.903651082245374e-24,934.9 -> 661.9,TAG1,61457.24450685,61457.24450685,59824.963623029,59824.963623029,45650.143035902
TAG(52:1)_FA 20:4,0.18641720350510418,7.433158596258129,101.80845622355514,6.115851948101762e-24,1.1653588537925248e-23,878.8 -> 557.8,TAG2,16136.601150518,16136.601150518,15399.041152959,15399.041152959,10898.6408615127
TAG(54:1)_FA 16:0,0.15501968707138522,9.716452945774638,101.17733070444719,8.410640305699512e-24,1.5946907114271848e-23,906.8 -> 633.8,TAG1,74788.78527828,74788.78527828,72940.725158704,72940.725158704,61838.664428679
TAG(48:2)_FA 18:2,0.14538844980641336,12.9209544602337,99.65550893252356,1.8134972757668233e-23,3.421524416840854e-23,820.8 -> 523.8,TAG2,759338.415039,759338.415039,745535.51367192,745535.51367192,360951.68237299
TAG(52:0)_FA 18:2,-0.1668603873252389,8.26578396144886,97.78652057374497,4.660090691623484e-23,8.749091837704874e-23,880.8 -> 583.8,TAG2,25096.461639396,25096.461639396,30594.402282733,30594.402282733,20486.561508174
TAG(50:2)_FA 16:1,-0.14254224084877173,13.083798758329104,95.79657863736203,1.2731554837190697e-22,2.378627074460506e-22,850.8 -> 579.8,TAG1,691764.449219,691764.449219,829214.70190396,829214.70190396,649199.9440917
TAG(52:5)_FA 18:0,-0.16200381454845977,8.695177445323907,92.41486461237716,7.028419765057654e-22,1.3067401796199426e-21,870.8 -> 569.8,TAG1,25381.321746826,25381.321746826,30837.682281503,30837.682281503,56652.923858638
TAG(50:0)_FA 16:0,-0.13803814632103492,13.03287483769703,89.79429976415953,2.642545511645798e-21,4.8893474925620315e-21,852.8 -> 579.8,TAG1,666435.430664,666435.430664,796362.79980454,796362.79980454,634365.98388711
TAG(58:2)_FA 16:0,0.16523892151095151,7.957509795461721,89.78255048801232,2.6582854436955754e-21,4.894823677574064e-21,960.9 -> 687.9,TAG1,22309.321594234,22309.321594234,21604.461639407,21604.461639407,18013.4413414032
TAG(60:5)_FA 16:0,0.187089709476085,7.089534772432085,89.49930058917306,3.0674689610324e-21,5.621246947729231e-21,982.9 -> 709.9,TAG1,11721.600799562,11721.600799562,11180.6207656834,11180.6207656834,11877.5208625792
TAG(52:1)_FA 16:0,-0.13770486051440636,12.76981783696204,89.12505659435126,3.706267986618256e-21,6.759526851784724e-21,878.8 -> 605.8,TAG1,557128.22216807,557128.22216807,665591.42480474,665591.42480474,523306.11779797
TAG(56:2)_FA 18:0,0.14432413932013605,9.494773397082565,86.27464901825428,1.5660324437471634e-20,2.842608653815941e-20,932.9 -> 631.9,TAG1,65391.144897445,65391.144897445,64249.864196756,64249.864196756,48642.103729236
TAG(56:8)_FA 20:0,-0.14075893238730716,10.060580908200864,86.01901339513498,1.782138853360349e-20,3.2196187775330836e-20,920.8 -> 591.8,TAG2,90883.98632814,90883.98632814,108807.62768554,108807.62768554,61440.784118648
TAG(60:9)_FA 20:4,-0.16438427182490595,7.760654405155233,85.32428878682937,2.5323344581477724e-20,4.553446466998107e-20,974.9 -> 653.9,TAG2,17631.041168213,17631.041168213,21456.661499024,21456.661499024,14674.521011354
TAG(54:4)_FA 16:0,0.15246621454833625,8.525050370170737,84.89220544912975,3.1508279955106467e-20,5.63909870224569e-20,900.8 -> 627.8,TAG1,32637.322662358,32637.322662358,31887.222290009,31887.222290009,27490.662017828
TAG(60:11)_FA 16:1,0.17531594115076946,7.143234312286082,81.00909371051755,2.2468138709971544e-19,4.0024637794972564e-19,970.9 -> 699.9,TAG1,12475.460891726,12475.460891726,11997.200782775,11997.200782775,11140.840789796
TAG(50:2)_FA 18:2,-0.13159750507427997,11.015778178368624,78.77647937581892,6.955022279312954e-19,1.2332284874892878e-18,850.8 -> 553.8,TAG2,182154.81372073,182154.81372073,216697.91467284,216697.91467284,102328.20690917
TAG(60:12)_FA 18:0,0.1638316989606232,7.398553121419658,78.11006521303574,9.745609732934979e-19,1.7200776625410584e-18,968.9 -> 667.9,TAG1,15736.341171271,15736.341171271,15254.021072391,15254.021072391,10315.140853881
TAG(58:2)_FA 20:0,-0.14235407210216197,8.624582033806034,76.08459069583841,2.717697581592544e-18,4.774670521788735e-18,960.9 -> 631.9,TAG2,33448.202331519,33448.202331519,40088.9830017,40088.9830017,22950.84152222
TAG(54:4)_FA 18:2,-0.1251618569121696,14.819416446011607,74.57010229649626,5.852281190397867e-18,1.023481139690586e-17,900.8 -> 603.8,TAG2,2538569.9414062,2538569.9414062,3006532.2382834,3006532.2382834,1472134.55224597
TAG(52:4)_FA 16:0,0.1269774004277343,11.227928924500606,74.13991895145435,7.27717646420889e-18,1.2668902662690934e-17,872.8 -> 599.8,TAG1,256027.63659674,256027.63659674,254602.156433161,254602.156433161,45338.363220197
TAG(54:3)_FA 18:1,-0.12217883479668831,14.574033078529169,70.98536764886008,3.598841007509784e-17,6.236905456453609e-17,902.8 -> 603.8,TAG1,1972262.9003907,1972262.9003907,2331006.89648432,2331006.89648432,1778007.96679718
TAG(52:0)_FA 20:0,-0.12526327726593559,10.694367500158627,70.44901108738954,4.723178781667102e-17,8.14854717738063e-17,880.8 -> 551.8,TAG2,143072.94970703,143072.94970703,169459.07189942,169459.07189942,91486.76623534
TAG(60:7)_FA 16:0,-0.13433123322696497,8.838691079367349,68.61151198842666,1.199021201286925e-16,2.0593054712685753e-16,978.9 -> 705.9,TAG1,35620.862823477,35620.862823477,42456.242950439,42456.242950439,37767.222717296
TAG(60:11)_FA 18:0,0.1566595531062058,7.238155215295509,67.4397543102598,2.1722441997294932e-16,3.714149680787482e-16,970.9 -> 669.9,TAG1,13637.141021727,13637.141021727,13285.0410118082,13285.0410118082,10579.4207305929
TAG(58:8)_FA 20:4,0.141454878039623,8.002884357218084,66.7324639386326,3.1097147150745514e-16,5.293425492771348e-16,948.8 -> 627.8,TAG2,23165.121643065,23165.121643065,22806.121566769,22806.121566769,17551.3412628181
TAG(58:9)_FA 20:4,-0.14184820881939045,7.91575245567138,65.75907326994773,5.095544634513201e-16,8.635369889462636e-16,946.8 -> 625.8,TAG2,19729.321380617,19729.321380617,23638.081817628,23638.081817628,16575.9212493891
TAG(60:7)_FA 16:1,-0.1454640161108512,7.770859559302137,65.20062658916483,6.764801366876024e-16,1.141373975116087e-15,978.9 -> 707.9,TAG1,16531.121246344,16531.121246344,19855.961410518,19855.961410518,19589.341476447
TAG(60:12)_FA 16:1,0.15157972300317862,7.458064875842778,65.161419595716,6.900739363386956e-16,1.1592031474461423e-15,968.9 -> 697.9,TAG1,14687.12110901,14687.12110901,14358.380996705,14358.380996705,16125.1412277163
TAG(56:3)_FA 18:2,-0.11902905364572537,10.636114469086026,63.5593493090629,1.5560733368585575e-15,2.6025156681957536e-15,930.8 -> 633.8,TAG2,141383.72985839,141383.72985839,166736.25305176,166736.25305176,76145.585235576
TAG(56:6)_FA 16:0,-0.12060305592182577,9.891124103607885,61.753161991663056,3.893258437283517e-15,6.4831216586069e-15,924.8 -> 651.8,TAG1,73255.524719251,73255.524719251,86485.806152359,86485.806152359,81056.4458008
TAG(58:5)_FA 16:1,0.14236524331682304,7.576111601210515,59.8677774677185,1.014488493895699e-14,1.6820307063292323e-14,954.8 -> 683.8,TAG1,16233.301254273,16233.301254273,15971.641143791,15971.641143791,16348.881378174
TAG(60:3)_FA 16:1,0.1486996255624936,7.285463896858586,59.64390545862431,1.1367073066774474e-14,1.8765469761097517e-14,986.9 -> 715.9,TAG1,13025.360923769,13025.360923769,12759.26081848,12759.26081848,14326.861053466
TAG(54:5)_FA 20:0,0.13645978326280475,8.05029232086856,59.51358645962189,1.214527317834323e-14,1.9964118572126424e-14,898.8 -> 569.8,TAG2,20212.021484371,20212.021484371,19967.801422118,19967.801422118,29862.362243653
TAG(58:10)_FA 16:0,-0.1363161839320088,7.7927130013030945,57.58791446762217,3.232053833901828e-14,5.290071018736753e-14,944.8 -> 671.8,TAG1,16852.021255493,16852.021255493,20113.461120612,20113.461120612,19840.021392822
TAG(60:10)_FA 20:0,0.12975331818061941,8.006841394840803,56.72430947386831,5.0139870101027623e-14,8.171732020720672e-14,972.9 -> 643.9,TAG2,23872.601577763,23872.601577763,23694.041687003,23694.041687003,15252.240997314
TAG(56:4)_FA 18:1,0.11645453540385187,9.329019439594184,55.520667577821385,9.248155528180852e-14,1.5008659183446043e-13,928.8 -> 629.8,TAG2,59474.36462401,59474.36462401,59576.183898952,59576.183898952,38154.782714822
TAG(54:5)_FA 16:1,0.12021630372564056,8.516278283027711,52.87504337424395,3.5545744704744476e-13,5.744312329922842e-13,898.8 -> 627.8,TAG1,32519.402313219,32519.402313219,32490.242340081,32490.242340081,25990.041717534
TAG(52:3)_FA 16:1,-0.10304316057217906,13.212422958119456,50.15234163730557,1.4226126763008916e-12,2.289330483290931e-12,874.8 -> 603.8,TAG1,800964.238281,800964.238281,934181.94531262,934181.94531262,604447.77929689
TAG(48:1)_FA 16:1,0.10106287484601423,13.891130986015153,48.44561543899379,3.3957670648742653e-12,5.4417522420370024e-12,822.8 -> 551.8,TAG1,1352025.1562499,1352025.1562499,1368866.4179689,1368866.4179689,1037444.11474611
TAG(54:4)_FA 18:0,0.10250437509772052,11.365814435914945,48.43203572813025,3.419363550514188e-12,5.456734332695559e-12,900.8 -> 599.8,TAG1,270560.88012712,270560.88012712,273657.49865716,273657.49865716,76013.00598142
TAG(54:1)_FA 16:1,-0.1001094732114942,9.854457001203603,42.662440942824105,6.50493864287981e-11,1.0337724067315217e-10,906.8 -> 635.8,TAG1,75495.28515624,75495.28515624,87872.92639159,87872.92639159,67597.744812014
TAG(58:4)_FA 18:2,0.10568162821010414,8.693383709380294,42.551596817884565,6.88420459595105e-11,1.089524942251757e-10,956.9 -> 659.9,TAG2,38954.82278441,38954.82278441,39313.982666044,39313.982666044,21978.60153198
TAG(54:0)_FA 18:2,0.10926803117008493,8.098743103221556,40.213913970038014,2.2762126792301494e-10,3.587610930638466e-10,908.9 -> 611.9,TAG2,23675.801727287,23675.801727287,23834.761611944,23834.761611944,21360.161499021
TAG(58:1)_FA 16:0,-0.1018891409838178,8.82009090726707,39.55251272621433,3.193552499287744e-10,5.012830357488549e-10,962.9 -> 689.9,TAG1,36341.762390129,36341.762390129,42352.303131078,42352.303131078,34752.702423101
TAG(58:10)_FA 20:0,-0.1028698073385336,8.307133780460854,37.59031722543533,8.727665556918362e-10,1.364365676857034e-9,944.8 -> 615.8,TAG2,26748.401855471,26748.401855471,31193.502075192,31193.502075192,20026.021347046
TAG(54:4)_FA 20:0,-0.11437186697476465,7.432210702486253,37.222472678761775,1.0539222459745294e-9,1.6408626837733527e-9,900.8 -> 571.8,TAG2,13537.261016844,13537.261016844,15913.281036377,15913.281036377,14435.26095581
TAG(54:5)_FA 18:0,0.09504832341490986,9.204391671321474,36.904430642995976,1.2406369723194944e-9,1.9237407303577585e-9,898.8 -> 597.8,TAG1,58123.364166258,58123.364166258,59093.204132063,59093.204132063,22818.321502687
TAG(48:3)_FA 18:0,-0.10987602987453131,7.703893556397857,36.857588216734946,1.2708051511201125e-9,1.962574084189529e-9,818.8 -> 517.8,TAG1,16295.421081547,16295.421081547,19095.94139099,19095.94139099,17634.96122742
TAG(54:8)_FA 20:0,0.09367301342658783,9.444161718709163,36.45020322417184,1.5661679880132006e-9,2.4090053791528345e-9,892.7 -> 563.7,TAG2,65615.56481932,65615.56481932,66774.04492186,66774.04492186,36181.202453616
TAG(56:4)_FA 16:1,0.10388938249975817,7.982102109981288,35.78306832146002,2.2055637952417154e-9,3.3789237343103083e-9,928.8 -> 657.8,TAG1,22422.621429432,22422.621429432,22657.481658936,22657.481658936,17703.841217045
TAG(56:7)_FA 20:4,0.0869957351232057,11.872357432762884,35.18546362207159,2.9975268276703838e-9,4.573915438238075e-9,922.8 -> 601.8,TAG2,354312.14648415,354312.14648415,362240.46459939,362240.46459939,190882.833312994
TAG(60:6)_FA 16:1,0.11413282241400377,7.2813519727639084,34.873696215997285,3.5180169351796354e-9,5.346827326086509e-9,980.9 -> 709.9,TAG1,12650.880825044,12650.880825044,12692.9409332255,12692.9409332255,14912.32121277
TAG(58:4)_FA 18:1,0.10117935746019799,8.019834416894733,34.457331015011405,4.3569864631414e-9,6.5957542110006164e-9,956.9 -> 657.9,TAG2,23555.481597906,23555.481597906,23846.961624144,23846.961624144,16365.481170653
TAG(60:5)_FA 18:1,-0.10653121143357354,7.5039173324623185,33.71838953623345,6.3695695740069745e-9,9.604508452144375e-9,982.9 -> 683.9,TAG2,15155.700927732,15155.700927732,17719.2213134751,17719.2213134751,11993.0808944681
TAG(52:4)_FA 16:1,-0.08445130247164165,12.130168310544487,33.36425417096523,7.641567221117148e-9,1.1477334296815168e-8,872.8 -> 601.8,TAG1,434257.88916014,434257.88916014,499999.25366192,499999.25366192,119366.34832762
TAG(52:0)_FA 20:4,0.1001455687121236,7.952364954459768,33.20627711271348,8.28825471308202e-9,1.2400006074650053e-8,880.8 -> 559.8,TAG2,22296.40170288,22296.40170288,22588.481613162,22588.481613162,16182.9012146
TAG(52:5)_FA 16:0,0.08868288585192274,9.306585948166282,32.5371679529152,1.1693466150342514e-8,1.7426449554790594e-8,870.8 -> 597.8,TAG1,63510.724334721,63510.724334721,64855.984863261,64855.984863261,20699.681396484
TAG(54:5)_FA 18:2,0.08235416239440276,12.976479762088104,32.01900069785995,1.526719711134115e-8,2.2664094936603337e-8,898.8 -> 601.8,TAG2,810970.13574226,810970.13574226,831788.74755867,831788.74755867,263485.03820812
TAG(58:6)_FA 18:2,-0.09141910488241893,8.73619356432515,31.721480560327365,1.7794315670090522e-8,2.6313601936852005e-8,952.8 -> 655.8,TAG2,35794.182556142,35794.182556142,41412.523254409,41412.523254409,28216.02200317
TAG(60:5)_FA 16:1,-0.11081964100033011,6.979402047422002,30.56595837461741,3.2270650543950694e-8,4.753715060897353e-8,982.9 -> 711.9,TAG1,10005.8807525648,10005.8807525648,11733.160816192,11733.160816192,10224.4006042472
TAG(54:2)_FA 20:0,0.08366081817726957,9.942970904614397,30.24684969998006,3.80408623762202e-8,5.5822414904568337e-8,904.8 -> 575.8,TAG2,92956.9466553,92956.9466553,95256.94641113,95256.94641113,49622.963806123
TAG(52:2)_FA 16:1,-0.07961296111617666,12.870459830786242,29.830750932826852,4.714545016972628e-8,6.891873059162277e-8,876.8 -> 605.8,TAG1,610324.90039111,610324.90039111,700367.91113274,700367.91113274,560083.97839337
TAG(56:7)_FA 18:2,0.09074491643203636,8.274686277351963,29.35573487286695,6.023798531173536e-8,8.77229976212724e-8,922.8 -> 625.8,TAG2,28935.841949451,28935.841949451,29506.541931148,29506.541931148,16566.5212554912
TAG(58:6)_FA 18:1,0.08943544384419015,8.25287775910712,28.07059431096891,1.1696970822652711e-7,1.6969469034378743e-7,952.8 -> 653.8,TAG2,27226.621978767,27226.621978767,27788.822021479,27788.822021479,20353.581329347
TAG(52:6)_FA 20:0,-0.08458264394499831,8.87922726433976,27.447888502764606,1.6138497835254807e-7,2.332469687133053e-7,868.7 -> 539.7,TAG2,37839.142745961,37839.142745961,43571.503021229,43571.503021229,37056.002838112
TAG(56:3)_FA 18:1,0.07817074746666461,10.240790552877844,26.884034878237625,2.1603611630762382e-7,3.1105952084894707e-7,930.8 -> 631.796,TAG2,113898.06774905,113898.06774905,117161.20947266,117161.20947266,61593.224609378
TAG(52:3)_FA 18:2,-0.07475438682569123,15.108428250281792,26.623936110302914,2.4716260579926116e-7,3.5454411243864055e-7,874.8 -> 577.8,TAG2,3171188.3398448,3171188.3398448,3626808.3437494,3626808.3437494,1758950.09814466
TAG(58:5)_FA 18:2,0.08494881570292163,8.271277559981659,25.44912811634106,4.5420287436578194e-7,6.491033615003526e-7,954.8 -> 657.8,TAG2,27693.50192261,27693.50192261,28353.382133484,28353.382133484,20103.781593312
TAG(54:8)_FA 18:0,-0.07411269833355173,11.796748255930286,25.424712216579277,4.59987781940012e-7,6.549268419443293e-7,892.7 -> 591.696,TAG1,288606.08007816,288606.08007816,329924.74340837,329924.74340837,272257.07885737
TAG(54:8)_FA 20:4,0.08487848126836144,8.073544225171927,24.123027721301476,9.037311370146181e-7,1.2819593536170324e-6,892.7 -> 571.7,TAG2,23016.321655273,23016.321655273,23565.901641847,23565.901641847,21182.301589976
TAG(58:5)_FA 18:0,-0.08352366439660193,8.065848975497282,23.665163432692005,1.1463904062980676e-6,1.6201753712625826e-6,954.8 -> 653.8,TAG1,22735.901657099,22735.901657099,26161.021850585,26161.021850585,17109.441177369
TAG(54:7)_FA 20:0,0.07416569330674376,9.818705424952066,23.543907509265104,1.2209542101134098e-6,1.7192112590935146e-6,894.8 -> 565.8,TAG2,84154.98559569,84154.98559569,86806.645446775,86806.645446775,48090.583496072
TAG(60:10)_FA 16:0,0.09594967945198017,7.000557214595062,23.386993458340864,1.3247120934313487e-6,1.8584788710044194e-6,972.9 -> 699.9,TAG1,11199.820877073,11199.820877073,11379.5807800318,11379.5807800318,9434.0006408708
TAG(54:7)_FA 18:1,0.0774146007336311,8.85271192040445,23.038132217187666,1.588198481522433e-6,2.2200000672375612e-6,894.8 -> 595.8,TAG1,40342.143127437,40342.143127437,41519.683105477,41519.683105477,33174.942352293
TAG(52:6)_FA 18:1,-0.0777415622997826,9.126762747730236,22.961929630547992,1.6524156296591872e-6,2.301364313307159e-6,868.7 -> 569.7,TAG1,36121.202316268,36121.202316268,41396.543151856,41396.543151856,73065.745330751
TAG(58:2)_FA 20:4,0.08142672669148616,8.112273188672804,22.816610066615553,1.7821875739979994e-6,2.4731081189899775e-6,960.9 -> 639.9,TAG2,25267.261886602,25267.261886602,25932.561965946,25932.561965946,16412.941116336
TAG(48:0)_FA 16:0,0.06915813752297746,13.874430671559168,22.685975286715344,1.9075507093856244e-6,2.63751596279673e-6,824.8 -> 551.8,TAG1,1317890.9472655,1317890.9472655,1364143.4921876,1364143.4921876,1038101.35058598
TAG(60:3)_FA 18:1,-0.07956105569264034,8.149337533716844,21.904673061029186,2.865353138650857e-6,3.947590834903879e-6,986.9 -> 687.9,TAG2,24425.201812744,24425.201812744,28027.722106923,28027.722106923,17107.201263423
TAG(60:9)_FA 20:0,-0.07623411235959293,8.394595342326397,21.052664833667944,4.468309794564485e-6,6.13391631296845e-6,974.9 -> 645.9,TAG2,29185.622085562,29185.622085562,33413.12251282,33413.12251282,19628.781448365
TAG(60:2)_FA 16:0,0.08677717404586298,7.25951157637629,20.71583317855315,5.327367395502182e-6,7.287077544561913e-6,988.9 -> 715.9,TAG1,13346.9609756437,13346.9609756437,13647.680870057,13647.680870057,11311.9007797245
TAG(54:5)_FA 16:0,0.0760363425504025,8.056636724583864,19.527831829466148,9.914459040107965e-6,1.3513301823350002e-5,898.8 -> 625.8,TAG1,23629.541717543,23629.541717543,24342.50170899,24342.50170899,17856.021331783
TAG(60:10)_FA 16:1,-0.07508891904634198,8.241092343090942,19.345354251012356,1.0908431320737825e-5,1.4815351758307045e-5,972.9 -> 701.9,TAG1,23722.461608884,23722.461608884,27137.08181761,27137.08181761,26202.101882926
TAG(60:11)_FA 20:4,-0.07024861245618615,8.908491012223005,19.302132772017774,1.1158164279616126e-5,1.5100978512696029e-5,970.9 -> 649.9,TAG2,42096.603088367,42096.603088367,47994.703277577,47994.703277577,27015.021972662
TAG(54:0)_FA 16:0,-0.06828283084041696,9.53022445891459,19.275262194926356,1.1316307944817468e-5,1.5261077263609473e-5,908.9 -> 635.9,TAG1,59910.56335448,59910.56335448,68211.544433612,68211.544433612,57513.824035636
TAG(56:1)_FA 18:0,-0.0671385531897157,9.91552745585131,19.24730373714269,1.1483244001473682e-5,1.5431868254612e-5,934.9 -> 633.9,TAG1,78452.64514159,78452.64514159,89251.926269585,89251.926269585,74464.645324697
TAG(60:9)_FA 16:0,0.07519749093293536,8.176817204171222,19.19395413985441,1.1808679699853863e-5,1.5813721416237867e-5,974.9 -> 701.9,TAG1,24026.721557631,24026.721557631,24766.061599725,24766.061599725,24721.361724852
TAG(56:5)_FA 18:0,0.07156891649142581,8.16078152346654,17.772774115719784,2.4891985276300586e-5,3.3218224253739106e-5,926.8 -> 625.8,TAG1,25944.481903084,25944.481903084,26810.181884768,26810.181884768,17297.901062011
TAG(60:11)_FA 18:2,-0.06768492874652635,8.832676961350122,17.661992893251014,2.638463462870867e-5,3.5087899523595216e-5,970.9 -> 673.9,TAG2,39002.782714823,39002.782714823,44388.463150018,44388.463150018,28831.861938475
TAG(52:3)_FA 16:0,-0.06027981303439804,12.081616412342838,16.988112384757965,3.7614589476078175e-5,4.9849092627466925e-5,874.8 -> 601.8,TAG1,423878.32934568,423878.32934568,479939.51440412,479939.51440412,114232.4680176
TAG(52:6)_FA 16:1,0.0631310984012475,9.548565740930357,16.82392959540287,4.101286685403914e-5,5.416526898309307e-5,868.7 -> 597.7,TAG1,73907.865325947,73907.865325947,76821.985534696,76821.985534696,26351.681823726
TAG(60:3)_FA 20:0,0.07482393776656099,7.537403066350878,16.764316108248043,4.232173726788986e-5,5.5701805407566385e-5,986.9 -> 657.9,TAG2,16441.581237791,16441.581237791,16951.901138304,16951.901138304,12601.5809173586
TAG(60:12)_FA 20:4,-0.06216646350197799,10.015898102283943,16.75042711792902,4.263266665115873e-5,5.5918874408882854e-5,968.9 -> 647.9,TAG2,91295.146179204,91295.146179204,103504.907287631,103504.907287631,57486.584350624
TAG(60:12)_FA 18:1,-0.07574569018464243,7.4446468602235765,16.70831357705048,4.358956208221608e-5,5.6978847363442857e-5,968.9 -> 669.9,TAG2,14532.041084291,14532.041084291,16631.361083986,16631.361083986,12136.440773012
TAG(60:4)_FA 20:0,-0.07345904352466069,7.691145020867716,16.62466143158405,4.555481807104384e-5,5.934522218098568e-5,984.9 -> 655.9,TAG2,16913.841140746,16913.841140746,19326.581451416,19326.581451416,15574.660980222
TAG(52:6)_FA 16:0,-0.06300340945283664,9.055936358902661,15.743037605702886,7.255447952972524e-5,9.410560033800802e-5,868.7 -> 595.7,TAG1,45665.023254396,45665.023254396,51802.283874498,51802.283874498,33480.022460937
TAG(60:11)_FA 18:1,0.07188878161369944,7.67698923198992,15.738489382645492,7.272913237611064e-5,9.410560033800802e-5,970.9 -> 671.9,TAG2,17196.481033321,17196.481033321,17766.341186526,17766.341186526,16851.4612083479
TAG(58:1)_FA 18:0,0.06063864611328994,9.848528173863247,15.66528878398657,7.559895117864014e-5,9.748955657043494e-5,962.9 -> 661.9,TAG1,80140.86572265,80140.86572265,83444.786010756,83444.786010756,65498.384704568
TAG(56:7)_FA 16:1,-0.060264690478007095,9.890095068457784,15.399877096491487,8.699395186266491e-5,1.1180766296443176e-4,922.8 -> 651.8,TAG1,73759.405273434,73759.405273434,83513.786132831,83513.786132831,84323.36584473
TAG(56:5)_FA 18:1,0.06286806778532557,8.674616114288918,14.94402770822001,1.1074806568596196e-4,1.418612346412155e-4,926.8 -> 627.796,TAG2,36979.642822274,36979.642822274,38444.722290025,38444.722290025,24595.441864016
TAG(56:3)_FA 20:0,-0.05631091111124717,10.310718680796512,13.98570872272415,1.842054566456944e-4,2.3516896631766985e-4,930.8 -> 601.8,TAG2,112392.40759281,112392.40759281,126907.56848146,126907.56848146,70084.445068336
TAG(50:0)_FA 16:1,-0.055421698695431815,9.823389080405574,13.031600539492144,3.062786780237571e-4,3.8971672319966435e-4,852.8 -> 581.8,TAG1,74245.64489746,74245.64489746,83782.60552978,83782.60552978,68801.964172374
TAG(52:2)_FA 16:0,-0.05242677304351392,13.101341209998552,12.973080355456611,3.160016890619438e-4,4.007571089759088e-4,876.8 -> 603.8,TAG1,755812.9160158,755812.9160158,851129.41455095,851129.41455095,557451.97900371
TAG(52:0)_FA 16:1,-0.05757704706950619,9.047190194916816,12.95613791438375,3.1887431286022e-4,4.0306555057909e-4,880.8 -> 609.8,TAG1,42079.282714822,42079.282714822,47555.423583978,47555.423583978,44338.643493641
TAG(60:9)_FA 18:0,-0.05644503614583898,8.649077858361709,11.823445259178735,5.848953293353907e-4,7.368911550508376e-4,974.9 -> 673.9,TAG1,32586.662536607,32586.662536607,36798.562499995,36798.562499995,31638.04228209
TAG(60:12)_FA 18:2,0.062023763154510206,7.652298419662078,11.719765436417488,6.183974875759036e-4,7.765450417756429e-4,968.9 -> 671.9,TAG2,17156.161132813,17156.161132813,17846.301208494,17846.301208494,15541.980941772
TAG(58:10)_FA 18:2,0.0497332497121959,12.358959152579972,11.586913239085078,6.641756583820715e-4,8.31304827321351e-4,944.8 -> 647.8,TAG2,484122.291504,484122.291504,507905.75402858,507905.75402858,285715.72009273
TAG(52:1)_FA 18:0,-0.04880041783647747,14.18623969353002,11.311570667436536,7.702558820481569e-4,9.609381199493294e-4,878.8 -> 577.8,TAG1,1550209.5546871,1550209.5546871,1741325.88818346,1741325.88818346,1350424.69409158
TAG(56:4)_FA 16:0,-0.05453450973153277,8.520950970002607,10.787767840146127,0.0010217301411202706,0.0012705280650943623,928.8 -> 655.8,TAG1,29554.982269291,29554.982269291,33330.862518304,33330.862518304,29915.102264414
TAG(56:2)_FA 16:0,0.054806204532269275,8.300200558267958,10.690430216522527,0.001076911592076311,0.0013348127500492787,932.9 -> 659.9,TAG1,28395.242095949,28395.242095949,29685.641998294,29685.641998294,19119.681457516
TAG(58:3)_FA 20:0,0.05627912720126331,7.810425795065627,10.135444821358774,0.0014544514060216866,0.0017969512532461484,958.9 -> 629.9,TAG2,19733.501205446,19733.501205446,20609.221481325,20609.221481325,15240.701080325
TAG(60:6)_FA 20:4,-0.05229137068552446,8.172278639494818,9.54361550274682,0.0020064611604344185,0.0024709794998275954,980.9 -> 659.9,TAG2,25429.161651607,25429.161651607,28633.382019048,28633.382019048,16139.201126097
TAG(54:1)_FA 20:4,-0.052871457159598595,7.93425800420236,9.116290021285007,0.0025334323500979684,0.003109950609254878,906.8 -> 585.8,TAG2,20169.601379397,20169.601379397,22720.221694947,22720.221694947,18394.621200559
TAG(58:9)_FA 16:0,0.048864408458180686,8.633445685393685,8.844929554906669,0.0029390424192401437,0.0035963362510190895,946.8 -> 673.8,TAG1,33481.882476812,33481.882476812,35147.902648936,35147.902648936,31186.762481682
TAG(58:1)_FA 20:4,-0.05294862995359078,7.678805636828624,8.720195969232984,0.003147042123466605,0.0038385895964576744,962.9 -> 641.9,TAG2,17497.461181635,17497.461181635,19711.22134399,19711.22134399,13352.380851745
TAG(54:8)_FA 18:2,-0.04478144137376788,9.38032399677738,8.261172804003698,0.004050195417370241,0.004924523316993023,892.7 -> 595.7,TAG2,58818.02404782,58818.02404782,65885.564758274,65885.564758274,37879.903076173
TAG(58:0)_FA 18:2,0.051164570757109624,7.573270196335252,7.947784264715187,0.004814628730667252,0.0058354519109036634,964.9 -> 667.9,TAG2,16931.62118531,16931.62118531,17745.8011932349,17745.8011932349,12202.6609191904
TAG(56:2)_FA 20:4,-0.04919845056924809,7.915935591004646,7.759118368254861,0.005344204076308083,0.006456877480208189,932.9 -> 611.9,TAG2,19148.281372069,19148.281372069,21514.901550289,21514.901550289,20872.54147339
TAG(58:9)_FA 18:1,0.039003191803534336,12.351770726538952,7.126634581265117,0.00759471443525282,0.009147093172018334,946.8 -> 647.8,TAG2,482502.23583957,482502.23583957,509985.059204208,509985.059204208,276720.0997314
TAG(60:6)_FA 18:1,-0.04895994201323661,7.4759437300314024,6.9745184844529255,0.008267846636731408,0.009926599566984731,980.9 -> 681.9,TAG2,14628.140945432,14628.140945432,16433.381210328,16433.381210328,13682.8409881612
TAG(60:0)_FA 16:0,-0.04615656979754951,7.7177673303114505,6.582537548625255,0.010298397782998993,0.012325894846526918,992.9 -> 719.9,TAG1,17207.601181028,17207.601181028,19293.641365047,19293.641365047,16519.781005855
TAG(52:6)_FA 18:0,0.04096038602435345,8.930995907446915,6.520629461651758,0.010663025661254965,0.012722550866855612,868.7 -> 567.7,TAG1,42188.20306397,42188.20306397,44530.743041982,44530.743041982,34621.242553716
TAG(60:10)_FA 18:2,0.037259386895054404,12.404938461949191,6.508691985553282,0.010734844266330026,0.012768463832311802,972.9 -> 675.9,TAG2,502024.83215322,502024.83215322,531261.39740006,531261.39740006,282049.25903316
TAG(48:0)_FA 16:1,-0.036853715155615856,10.335978777712684,5.977460532343647,0.014489851120920974,0.017181464332237564,824.8 -> 553.8,TAG1,109959.66699222,109959.66699222,122497.36840819,122497.36840819,87574.925842268
TAG(56:6)_FA 18:1,0.04069523418701331,8.317570679619553,5.924948969497825,0.014927970632526271,0.01764633565511593,924.8 -> 625.8,TAG2,28845.702117911,28845.702117911,30452.982299793,30452.982299793,18554.901290896
TAG(60:9)_FA 18:1,-0.035233418803369526,12.377958647192983,5.817544199776809,0.015867083910591225,0.01869874811617366,974.9 -> 675.896,TAG2,478782.83349646,478782.83349646,532775.37805193,532775.37805193,282027.86035146
TAG(60:5)_FA 18:0,0.04579660688414791,7.287780053773148,5.7254810756997,0.01672045511720824,0.019643970275738516,982.9 -> 681.9,TAG1,12925.9008712764,12925.9008712764,13597.9608840937,13597.9608840937,13223.7209701543
TAG(50:1)_FA 18:1,-0.03574599363659716,10.282824842410648,5.60177130972927,0.017942328247179184,0.021015020546390296,852.8 -> 553.8,TAG1,104845.38720703,104845.38720703,116710.30761716,116710.30761716,88087.785461441
TAG(58:0)_FA 16:1,0.03938952126147592,8.033669875412963,5.211602349563622,0.022436647404240975,0.026198890109220406,964.9 -> 693.9,TAG1,22901.841506963,22901.841506963,24199.821762095,24199.821762095,17783.021316526
TAG(60:8)_FA 20:4,0.04117098297739263,7.580305997493749,5.111791132724131,0.023763774670819138,0.027664211850832007,976.9 -> 655.9,TAG2,16568.021102908,16568.021102908,17485.421203612,17485.421203612,13568.140827182
TAG(60:8)_FA 20:0,-0.03191919520146575,9.771055570569349,4.341293798606515,0.03719864598961181,0.0431729739818828,976.9 -> 647.9,TAG2,77793.745391814,77793.745391814,86367.94543459,86367.94543459,48711.083435052
TAG(60:5)_FA 20:0,-0.03638698272568902,7.755789677427676,4.207617352668729,0.04024282545946966,0.04656496118119903,982.9 -> 653.9,TAG2,18734.001205445,18734.001205445,20863.321334836,20863.321334836,13508.701049803
TAG(60:4)_FA 16:1,0.0384881139486824,7.299611660524388,4.122643704636266,0.042312906830204895,0.048812781072194195,984.9 -> 713.9,TAG1,13495.1608924813,13495.1608924813,14268.921081542,14268.921081542,11631.9008560163
TAG(58:2)_FA 16:1,0.03241940472348505,8.876657725721955,4.048858620446061,0.04420122079839982,0.050838040738099485,960.9 -> 689.9,TAG1,40155.762878411,40155.762878411,42637.123077384,42637.123077384,34469.822372424
TAG(52:5)_FA 18:1,-0.034361692061331925,8.11994037357563,4.016790171940102,0.0450493743514986,0.05165841430126935,870.8 -> 571.8,TAG1,23334.321899417,23334.321899417,25950.0618324377,25950.0618324377,20081.181518553
TAG(56:5)_FA 16:1,0.03279096087266987,8.564752306757267,3.9440667516026435,0.047036937197741435,0.05377655804995513,926.8 -> 655.8,TAG1,31896.002410883,31896.002410883,33858.242370602,33858.242370602,29277.802185054
TAG(58:6)_FA 16:0,0.03331234695657099,8.358382481299342,3.9175020173553303,0.047785834701757436,0.05447016277015803,952.8 -> 679.8,TAG1,27312.721817018,27312.721817018,28982.522064207,28982.522064207,26507.141723638
TAG(54:3)_FA 20:0,0.03249858994394789,8.262601665374822,3.7382617920755514,0.05317974002399606,0.06043869563558009,902.8 -> 573.8,TAG2,27582.381927477,27582.381927477,29285.182067856,29285.182067856,18202.42123413
TAG(58:3)_FA 18:1,-0.03134651841964995,8.659572247735898,3.729084422437964,0.053472697103451566,0.06059184316752056,958.9 -> 659.896,TAG2,36472.282562269,36472.282562269,40476.082763674,40476.082763674,20881.2816009531
TAG(60:2)_FA 20:0,-0.032433602517380686,8.147207304380268,3.6757924162367575,0.05520800493285481,0.06237364569110146,988.9 -> 659.896,TAG2,25707.261810302,25707.261810302,28550.821716311,28550.821716311,14049.040977474
TAG(50:1)_FA 18:0,-0.026809207897239062,13.260724419101761,3.3960954928983784,0.06535093917763969,0.07361591089716471,852.8 -> 551.8,TAG1,833826.076172,833826.076172,922454.82373059,922454.82373059,676824.68945302
TAG(56:0)_FA 20:4,-0.03064459077311039,8.228352547360931,3.308909643711471,0.06890519682828902,0.07739205391564426,936.9 -> 615.9,TAG2,26541.441680896,26541.441680896,29440.741943365,29440.741943365,17120.1012344377
TAG(60:0)_FA 20:4,-0.03219603897612933,7.526537974417553,3.0518634458300595,0.08064456460085807,0.09031248024014224,992.9 -> 671.9,TAG2,15165.0409774747,15165.0409774747,16839.7212600727,16839.7212600727,14429.4208526611
TAG(54:4)_FA 18:1,-0.024631910489389952,12.67569985414465,2.8547387919435065,0.0911050366827345,0.10169888127497419,900.8 -> 601.8,TAG1,605220.02148421,605220.02148421,668540.14111318,668540.14111318,302806.87841801
TAG(54:6)_FA 16:1,-0.029044078652018607,8.057733597448811,2.8505423015841624,0.09134312051851468,0.10169888127497419,896.8 -> 625.8,TAG1,22840.961547852,22840.961547852,25307.941757197,25307.941757197,17726.941345216
TAG(60:4)_FA 18:0,0.03160190658145435,7.348001819023921,2.797478030371852,0.0944127056182689,0.10481178623709271,984.9 -> 683.9,TAG1,13675.4409904422,13675.4409904422,14528.721046448,14528.721046448,12869.3609008776
TAG(56:5)_FA 20:0,0.028528439427350467,7.922884802499173,2.6887896445090544,0.10105655040078897,0.11186317573266524,926.8 -> 597.8,TAG2,21600.701568605,21600.701568605,22997.421569826,22997.421569826,14906.561065672
TAG(60:6)_FA 16:0,-0.03013815996578204,7.7012275638889784,2.663094813574186,0.10270073456939158,0.11335556582154747,980.9 -> 707.9,TAG1,15012.381042479,15012.381042479,16646.441230779,16646.441230779,23527.041641237
TAG(48:1)_FA 18:2,0.024992688165688084,9.586004990017027,2.6221913108678137,0.10537882483392384,0.11597726986032424,822.8 -> 525.8,TAG2,69622.44519043,69622.44519043,74306.185241697,74306.185241697,43362.703033434
TAG(58:5)_FA 18:1,0.025532912452106867,8.680644488137808,2.4631326389710395,0.11654613780642513,0.12790020280762415,954.8 -> 655.8,TAG2,36381.362243651,36381.362243651,38814.322814941,38814.322814941,25593.461990352
TAG(58:8)_FA 20:0,0.02260160926839347,9.720537983373552,2.1664546888084844,0.1410510875140028,0.15435019005103737,948.8 -> 619.796,TAG2,75907.22570802,75907.22570802,81148.145965576,81148.145965576,49043.503509492
TAG(60:0)_FA 18:1,-0.025751629121817467,7.776841585281693,2.1266158613190322,0.14476004565044565,0.15795754268980253,992.9 -> 693.9,TAG2,19320.621398923,19320.621398923,21358.581695558,21358.581695558,12891.5608406076
TAG(60:4)_FA 18:2,0.024907491323109487,8.069762409069131,2.0979704143834974,0.14749480849239643,0.1604844081039427,984.9 -> 687.9,TAG2,23317.261596671,23317.261596671,24887.361633293,24887.361633293,18387.561195379
TAG(60:12)_FA 16:0,0.02690764649937366,7.303807177706256,1.977709143283929,0.15963195191678028,0.1731984067539004,968.9 -> 695.9,TAG1,12861.7008361832,12861.7008361832,13708.740982054,13708.740982054,13791.4010353097
TAG(60:0)_FA 18:2,-0.0257544644499214,7.0992332807061365,1.7205280165884305,0.18962509182552728,0.20515935076038688,992.9 -> 695.9,TAG2,11243.100852966,11243.100852966,12429.060905457,12429.060905457,10985.3207397472
TAG(60:1)_FA 16:0,0.02269439928403739,7.9375287933479814,1.6864194165415294,0.19407364215195472,0.20938085899774267,990.9 -> 717.9,TAG1,20950.2215118448,20950.2215118448,22395.261566155,22395.261566155,17808.541122436
TAG(54:3)_FA 18:0,-0.0185656359381959,12.377462482119054,1.6163389374874653,0.20360302705015274,0.219044829663507,902.8 -> 601.8,TAG1,497727.75683588,497727.75683588,547494.71606467,547494.71606467,232494.875793416
TAG(58:9)_FA 18:0,-0.019315809455533437,9.49283800815049,1.5312019941374488,0.21593213646536666,0.23165828646004322,946.8 -> 645.8,TAG1,57724.084106422,57724.084106422,63528.844787604,63528.844787604,61349.48454286
TAG(50:2)_FA 18:1,-0.016853439271578487,13.718631532373427,1.3460772892999862,0.24596506279267288,0.2631413939932785,850.8 -> 551.8,TAG1,1132905.9687505,1132905.9687505,1244705.22558586,1244705.22558586,978995.17041022
TAG(56:4)_FA 18:2,-0.016205626938485356,10.178551600193135,1.151084911183674,0.28332215485761,0.3022629117283137,928.8 -> 631.8,TAG2,105225.76757814,105225.76757814,115557.92761232,115557.92761232,60145.564392116
TAG(58:7)_FA 20:4,0.017025407442041163,8.599686560359997,1.0800060624496077,0.29869619978778217,0.31777956810755714,950.8 -> 629.8,TAG2,33996.902404774,33996.902404774,36484.922454821,36484.922454821,25154.241790776
TAG(58:7)_FA 18:2,-0.017083980879809297,8.28867557280473,1.033761952092907,0.3092767281885312,0.3281246174410179,950.8 -> 653.8,TAG2,27199.681793206,27199.681793206,29888.622131348,29888.622131348,19873.521270752
TAG(58:6)_FA 16:1,-0.018080643278992562,7.683044323357593,0.9980179983854462,0.3177905699716011,0.33622593452796473,952.8 -> 681.8,TAG1,16794.8412170398,16794.8412170398,18467.921325684,18467.921325684,16720.021118165
TAG(58:3)_FA 20:4,0.01664469466505163,8.304633987356517,0.9909826118351323,0.3195023341181988,0.3371057685048764,958.9 -> 637.9,TAG2,28589.722076425,28589.722076425,30690.122039787,30690.122039787,17605.881286619
TAG(58:10)_FA 18:1,0.014475629095225257,9.798542467446259,0.8948030677860678,0.3441790325041657,0.3621444215634491,944.8 -> 645.8,TAG2,80598.125488277,80598.125488277,86649.60603331,86649.60603331,49613.923553463
TAG(48:0)_FA 18:2,0.016069142001728213,7.754010093479839,0.8035984139190496,0.3700196759209975,0.3882672215828549,824.8 -> 527.796,TAG2,17933.221237185,17933.221237185,19258.401412969,19258.401412969,17285.6612777734
TAG(56:2)_FA 16:1,-0.01267157140934731,9.446059118501939,0.6620092652872983,0.41585149204101457,0.43516699850193596,932.9 -> 661.9,TAG1,59792.54431154,59792.54431154,65502.944335932,65502.944335932,47459.562988279
TAG(58:3)_FA 18:0,0.013704959095414589,7.805713590441026,0.6006481772538858,0.4383308239149942,0.45744061460338636,958.9 -> 657.9,TAG1,19412.201370238,19412.201370238,20880.861534124,20880.861534124,15085.181060791
TAG(60:11)_FA 20:0,0.0140555905332979,7.444805221338129,0.5742014048877241,0.4485942034106188,0.4668792932235516,970.9 -> 641.9,TAG2,14898.841049196,14898.841049196,16022.141128537,16022.141128537,12503.24098205
TAG(52:2)_FA 18:1,-0.009921090979639594,14.742601174384431,0.46843339883771384,0.49370876248671636,0.51244026025044,876.8 -> 577.8,TAG1,2302868.3750001,2302868.3750001,2517995.3193339,2517995.3193339,2009908.42675761
TAG(54:6)_FA 18:0,0.010652722880475847,8.643208329058844,0.42361299161675575,0.515139715164382,0.5332392186701576,896.8 -> 595.8,TAG1,34215.82232666,34215.82232666,36882.422424328,36882.422424328,28329.902130133
TAG(58:9)_FA 20:0,0.009993856580219026,9.045182382722336,0.395770120568902,0.5292818680063582,0.5464014971602027,946.8 -> 617.8,TAG2,46529.323242203,46529.323242203,50178.483703613,50178.483703613,33157.742462141
TAG(58:10)_FA 20:4,0.009813089029446371,8.540058668302073,0.35667236134536506,0.5503601541922007,0.5666342447731529,944.8 -> 623.8,TAG2,33023.762130748,33023.762130748,35618.182800292,35618.182800292,22561.081558229
TAG(60:2)_FA 18:0,-0.00712320434933261,7.999991097910226,0.16745441193301233,0.68238413271605,0.7006786134859173,988.9 -> 687.9,TAG1,21270.88154602,21270.88154602,23212.881622313,23212.881622313,19860.781463625
TAG(56:5)_FA 16:0,-0.005383678179845659,8.92830401389963,0.11162481858583576,0.738301831860767,0.756068453483085,926.8 -> 653.8,TAG1,39591.282531733,39591.282531733,43153.843383785,43153.843383785,40484.902587897
TAG(58:10)_FA 16:1,-0.005160038317608455,8.645342078748959,0.09843651465083253,0.7537140063725667,0.767745916065673,944.8 -> 673.8,TAG1,32588.942382786,32588.942382786,35515.902526846,35515.902526846,33205.982421872
TAG(60:7)_FA 20:4,-0.00569447491443769,7.651124060348924,0.09997101967661592,0.7518644143346641,0.767745916065673,978.9 -> 657.9,TAG2,17332.621307375,17332.621307375,18896.341339116,18896.341339116,13517.1808776822
TAG(56:6)_FA 18:2,0.004191866511994328,8.79801078927812,0.06765682702724007,0.7947794954277422,0.8074285059650538,924.8 -> 627.8,TAG2,39668.30276489,39668.30276489,42951.762969965,42951.762969965,26175.681900023
TAG(58:5)_FA 16:0,0.0033043135769209708,7.724256454472461,0.033579838226201274,0.8546034147295999,0.8637405967350666,954.8 -> 681.8,TAG1,17267.18118286,17267.18118286,18707.941268918,18707.941268918,17688.361190794
TAG(60:2)_FA 16:1,0.0032600753567933703,7.7938359543470925,0.03352549264791738,0.8547198072130294,0.8637405967350666,988.9 -> 717.9,TAG1,18570.441406248,18570.441406248,20120.561492921,20120.561492921,17027.701126099
TAG(56:6)_FA 16:1,-0.0017579245908783741,8.950874537526252,0.011933961973531353,0.9130100133223698,0.9202179871117568,924.8 -> 653.8,TAG1,40201.922851563,40201.922851563,43709.442993181,43709.442993181,41322.782897975
TAG(60:0)_FA 16:1,-0.0013245495391349734,7.258938887059186,0.004736464773427633,0.9451313229692122,0.9500926422498904,992.9 -> 721.9,TAG1,12398.3810272222,12398.3810272222,13476.061019893,13476.061019893,13191.540946961
TAG(58:2)_FA 18:0,8.810145956668376e-4,8.500258416802254,0.0028465540504842533,0.9574505669753711,0.9599569820721654,960.9 -> 659.9,TAG1,31528.742309562,31528.742309562,34216.902374287,34216.902374287,23562.841735843
TAG(60:10)_FA 18:0,-2.7073483912656404e-4,7.409018618685903,2.088121164501878e-4,0.9884707038482375,0.9884707038482375,972.9 -> 671.9,TAG1,14099.120910644,14099.120910644,15313.441070558,15313.441070558,13447.340950011
