lipid,logFC,logCPM,LR,PValue,FDR,Transition,type,5GFP1,5GFP2,5GFP3,5GFP4,5GFP5,40GFP1,40GFP2,40GFP3,40GFP4,40GFP5,SolventBlank1,,Name,5 GFP,40 GFP
TAG(60:11)_FA 20:4,-2.16749482,10.48726217,223.7229989,1.39E-50,5.34E-48,970.9 -> 649.9,TAG2,77275.30524,92287.78662,93562.94678,83632.28583,116514.2675,477913.5094,403559.8047,131491.5692,1076784.836,298275.2035,20366.30129,,TAG(60:11)_FA 20:4,92654.51838,477604.9845
TAG(60:7)_FA 20:0,-1.884489027,10.22196938,172.4300345,2.18E-39,4.17E-37,978.9 -> 649.9,TAG2,80989.20496,91331.66693,91597.00598,85485.40631,101364.4472,546686.7534,359981.9998,129071.4289,526453.6536,356377.1259,16037.30103,,TAG(60:7)_FA 20:0,90153.54628,383714.1923
TAG(60:12)_FA 20:0,-1.144250593,8.849586609,66.18417901,4.11E-16,5.24E-14,968.9 -> 639.9,TAG2,43749.96307,51515.96332,56826.76431,45317.90323,51765.664,148065.4297,111652.2674,92733.28662,127537.81,154096.9111,12170.00084,,TAG(60:12)_FA 20:0,49835.25159,126817.141
TAG(58:9)_FA 18:2,-0.77867504,11.01096449,31.07991569,2.48E-08,2.37E-06,946.8 -> 649.8,TAG2,238803.2769,275675.6208,284791.1201,233781.8157,278670.958,550740.8882,373642.7065,363746.2056,885079.6382,424214.8867,60003.02407,,TAG(58:9)_FA 18:2,262344.5583,519484.865
TAG(58:2)_FA 20:4,-0.769867827,9.125501953,30.37930917,3.55E-08,2.72E-06,960.9 -> 639.9,TAG2,63048.26447,64603.4046,94564.72559,62855.58472,75271.52515,164474.8713,125689.8491,105324.9673,143541.4504,168038.7912,12737.58069,,TAG(58:2)_FA 20:4,72068.7009,141413.9859
TAG(58:4)_FA 20:0,-0.736382882,8.295133998,27.81182519,1.34E-07,8.53E-06,956.9 -> 627.9,TAG2,38115.20245,42578.42303,42140.66302,37091.92255,42429.32297,91520.08655,76183.3653,68620.70477,73114.06543,78495.16559,9830.32069,,TAG(58:4)_FA 20:0,40471.10681,77586.67753
TAG(48:3)_FA 16:1,0.682225475,11.00776909,23.92324364,1.00E-06,5.49E-05,818.8 -> 547.8,TAG1,460778.3328,415738.0906,434885.7554,371245.6648,419713.6653,275297.5588,256230.7156,403323.8696,307544.3835,271089.4775,103614.3469,,,,
TAG(48:2)_FA 16:0,0.657759384,10.97521043,22.2523978,2.39E-06,1.14E-04,820.8 -> 547.8,TAG1,425302.9727,419572.6313,426653.6133,370107.8271,405297.0093,273721.5396,250454.2375,394487.3057,301300.821,278237.3401,99298.48672,,,,
TAG(56:7)_FA 16:0,-0.652137266,11.13786759,21.8769749,2.91E-06,1.24E-04,922.8 -> 649.8,TAG1,276321.759,310090.8826,292913.3015,274123.8389,291226.6003,507615.7891,450643.6155,439733.8511,782264.6436,435739.3496,121532.5293,,,,
TAG(52:1)_FA 20:4,-0.628252732,7.918019481,20.29758738,6.63E-06,2.54E-04,878.8 -> 557.8,TAG2,30365.10217,33097.04258,35845.10248,25638.4218,35841.94272,59490.1441,51695.96393,48660.6833,66201.00476,59267.20367,9947.90065,,,,
TAG(58:7)_FA 18:0,-0.623781021,10.93348816,20.02972989,7.62E-06,2.65E-04,950.8 -> 649.8,TAG1,246353.1587,266161.5193,247772.4192,248131.1575,255015.1982,467406.9346,355213.8262,385916.1692,664908.9451,377613.4241,109017.1678,,,,
TAG(58:8)_FA 18:1,-0.577976292,10.89905444,17.21485844,3.34E-05,9.38E-04,948.8 -> 649.8,TAG2,248044.0583,277045.6406,272248.458,236506.8186,285132.821,511594.0552,348259.5642,364548.927,607640.667,441610.031,57686.32404,,,,
TAG(60:11)_FA 20:0,-0.577338822,8.150825784,17.16444573,3.43E-05,9.38E-04,970.9 -> 641.9,TAG2,36933.72269,40212.94296,42351.16284,32752.66235,40065.04263,83743.86694,51835.22354,43816.00302,70473.3241,81506.34525,12032.34092,,,,
TAG(60:8)_FA 18:2,-0.580366901,8.750855806,17.34903052,3.11E-05,9.38E-04,976.9 -> 679.9,TAG2,55118.40411,62391.54474,60231.2442,53107.14392,64683.92413,110874.5476,71018.88501,67759.94506,169226.2318,91718.14587,14474.20111,,,,
TAG(56:8)_FA 16:1,-0.566916117,11.13179222,16.56667793,4.70E-05,0.001199277,920.8 -> 649.796,TAG1,279578.0012,317565.741,287816.2192,301165.8408,297413.8984,551484.998,464766.5313,479713.7759,501336.7588,538612.8613,125655.7084,,,,
TAG(58:1)_FA 20:4,-0.526926124,8.194758411,14.3139806,1.55E-04,0.003703409,962.9 -> 641.9,TAG2,38896.62292,45111.96307,42337.34308,37766.90268,39522.44318,83293.94666,55137.14343,48597.80371,74737.92554,77247.70581,11179.76084,,,,
TAG(60:7)_FA 18:1,-0.52403186,8.772789614,14.16197944,1.68E-04,0.003778762,978.9 -> 679.896,TAG2,60003.88403,67188.92487,59736.20416,55818.76337,64303.96423,115573.7075,74482.72571,68727.62461,171788.2536,79952.68555,14521.08098,,,,
TAG(60:6)_FA 18:0,-0.489622312,8.858691162,12.37184348,4.36E-04,0.009274069,980.9 -> 679.9,TAG1,59064.74438,68247.9646,60214.84399,64015.36444,63454.96484,116666.5479,76382.60498,80768.12628,161508.9139,77004.90576,27466.32203,,,,
TAG(48:2)_FA 16:1,0.479236356,12.65859366,11.86090749,5.73E-04,0.011555433,820.8 -> 549.8,TAG1,1299249.47,1261186.604,1319583.132,1126793.561,1231111.983,873757.9033,936510.3438,1406220.106,1016398.596,923575.2432,328307.0631,,,,
TAG(48:1)_FA 16:0,0.462450646,12.63218023,11.04803431,8.88E-04,0.017001615,822.8 -> 549.8,TAG1,1233867.531,1240873.241,1299174.01,1119649.397,1209000.561,872623.3008,902253.4229,1403285.343,989923.5166,937695.9795,318746.3014,,,,
TAG(58:10)_FA 16:0,-0.450966423,8.45891333,10.50082114,0.001193215,0.02176197,944.8 -> 671.8,TAG1,43217.32333,50020.70306,45097.48352,45370.46292,47358.96326,96874.20691,68450.30438,59433.12396,71489.40503,68492.2854,30070.56218,,,,
TAG(50:4)_FA 16:0,0.44374598,9.82321579,10.17345598,0.00142477,0.023725511,846.8 -> 573.8,TAG1,166223.3319,156149.0903,175970.4138,166811.9508,193401.6321,145009.9319,135166.8693,173957.6337,138917.6102,134999.7297,49556.24322,,,,
TAG(52:6)_FA 18:1,0.443983728,9.028264638,10.18230525,0.001417948,0.023725511,868.7 -> 569.7,TAG1,100378.3866,97109.38684,107275.1285,100516.4481,88810.48663,116380.0499,75500.32471,84248.04614,78196.08557,67146.88452,28466.94202,,,,
TAG(52:6)_FA 16:1,0.420838391,9.734041143,9.153714127,0.002482137,0.039610776,868.7 -> 597.7,TAG1,176479.4126,157766.2704,167145.2517,132248.2888,192321.6923,147646.8102,128506.8878,178978.7538,119363.4886,136377.1895,33402.70241,,,,
TAG(58:8)_FA 20:4,-0.417109417,8.24752324,8.988067686,0.002717482,0.041631825,948.8 -> 627.8,TAG2,42085.12323,43339.12305,45923.20361,41264.2829,46407.42352,74301.04504,62120.70435,62622.66431,68880.20526,69191.58527,12852.00076,,,,
TAG(50:4)_FA 16:1,0.409897643,12.13531743,8.687472204,0.003204047,0.045449997,846.8 -> 575.8,TAG1,807016.9004,830758.5229,867761.6982,809204.7109,924463.8438,657618.605,658824.9648,921760.0068,726110.3369,712187.7681,237597.7781,,,,
TAG(60:11)_FA 18:1,-0.411390896,8.171476569,8.743637924,0.003106841,0.045449997,970.9 -> 671.9,TAG2,38961.84283,41547.14276,39855.40277,37727.74255,46871.74347,82120.36664,56460.92432,43707.3428,73853.32416,58418.38422,14905.56109,,,,
TAG(60:12)_FA 18:2,-0.394513643,8.119634034,8.042961069,0.004568081,0.062484816,968.9 -> 671.9,TAG2,37255.20285,40410.52258,43384.80347,35369.54263,45344.16293,73076.60547,55261.12408,46237.68326,69732.98474,61008.80389,12468.14079,,,,
TAG(48:3)_FA 18:2,0.388263567,11.37885579,7.797057309,0.005233139,0.062943795,818.8 -> 521.8,TAG2,477609.3569,528645.7764,623331.4858,456264.4478,540861.6411,427600.2705,422711.334,529222.7939,470000.373,456142.0508,65438.10472,,,,
TAG(52:5)_FA 16:0,0.38974342,9.433903824,7.854372934,0.005069793,0.062943795,870.8 -> 597.8,TAG1,134827.1892,127154.5688,135648.449,108575.0475,147556.8902,124313.8686,100427.2272,136692.8301,102424.1871,111606.7477,33542.56191,,,,
TAG(54:5)_FA 16:1,-0.388115324,9.106490051,7.788146625,0.005259012,0.062943795,898.8 -> 627.8,TAG1,74494.28564,77054.40491,79044.74536,72767.32562,74637.28528,126586.9691,104387.5684,116441.2076,112442.7682,111181.2072,41538.88288,,,,
TAG(60:7)_FA 20:4,-0.38903248,8.081795477,7.821630578,0.00516246,0.062943795,978.9 -> 657.9,TAG2,41596.46304,40736.78271,40550.66275,35373.04245,41802.26288,74634.24561,52328.92361,42251.46274,78742.70636,54618.12354,9416.600674,,,,
TAG(60:0)_FA 20:4,-0.379782558,8.003716445,7.454764305,0.006326876,0.073430109,992.9 -> 671.9,TAG2,39725.30292,36860.98253,37134.04261,34180.56256,41177.90287,77515.96539,47331.44327,36733.82271,60895.62383,62384.24513,9694.960762,,,,
TAG(50:3)_FA 16:0,0.371851718,12.05320804,7.153812493,0.007480481,0.08185783,848.8 -> 575.8,TAG1,764442.2617,767029.9893,803921.5234,721878.6743,883864.5815,630460.8022,614472.0625,876954.0991,692785.5312,694386.6494,236530.4568,,,,
TAG(54:4)_FA 16:0,-0.372043344,9.082745755,7.158149711,0.007462414,0.08185783,900.8 -> 627.8,TAG1,72208.60455,76537.78571,80237.76575,70813.64496,72187.36548,123447.0895,100445.9466,110707.6871,107416.0281,113544.1879,42685.22295,,,,
TAG(60:10)_FA 20:0,-0.356504007,8.153513473,6.571744801,0.010361033,0.110229875,972.9 -> 643.9,TAG2,40617.00278,46906.92337,41218.38312,39126.40271,43512.54318,77102.56549,53026.16394,48804.56329,73198.10489,60397.16394,11220.20082,,,,
TAG(60:10)_FA 18:0,-0.354326026,8.319861999,6.492094535,0.010835524,0.112162313,972.9 -> 671.9,TAG1,42956.7431,44017.38312,44845.36304,44241.1037,43339.42307,78802.76633,55835.78339,51851.00385,81699.78598,56413.38342,25948.30177,,,,
TAG(60:6)_FA 20:0,-0.346701934,8.433988149,6.217170908,0.012651712,0.127515937,980.9 -> 651.9,TAG2,52420.44388,51191.54361,54301.74359,46583.68329,56134.86389,105038.5266,61933.76431,47966.04358,103533.3684,65173.94434,11314.96078,,,,
TAG(58:4)_FA 18:1,-0.344818266,8.351262907,6.149630108,0.013143959,0.129080417,956.9 -> 657.9,TAG2,47034.20319,48270.64331,50268.14362,44838.42291,51780.12402,83340.36584,55990.5036,53939.02356,96522.9668,65836.1449,13794.56096,,,,
TAG(52:5)_FA 18:0,0.343312232,8.660447515,6.096985761,0.013541267,0.129657628,870.8 -> 569.8,TAG1,70807.9848,72362.24545,81814.76624,78188.30576,66336.98462,96902.24664,59753.70493,65593.30447,62314.24408,53644.74396,23283.20147,,,,
TAG(60:2)_FA 20:4,-0.339840095,7.551244702,5.970510177,0.014547072,0.135890936,988.9 -> 667.9,TAG2,25409.02188,28986.92206,32725.9426,24964.5818,28009.8819,53403.96346,34364.36243,31681.36239,44796.10287,40447.04297,7551.100586,,,,
TAG(50:4)_FA 18:1,0.338140279,10.71294334,5.917798016,0.01498868,0.136682483,846.8 -> 547.8,TAG1,310244.5417,317010.2605,308273.1636,276414.519,319141.5447,270156.72,248282.5769,338526.0046,272974.939,266415.0193,98864.6275,,,,
TAG(52:4)_FA 18:1,0.332312316,10.06029198,5.715541925,0.016815373,0.149774139,872.8 -> 573.8,TAG1,185994.2139,184231.8928,206518.3158,187803.4541,216050.3153,169018.1122,173228.9325,206852.6945,169373.1115,177834.6516,57604.94394,,,,
TAG(52:3)_FA 16:0,0.324936733,11.58467293,5.466000395,0.019389951,0.162939744,874.8 -> 601.8,TAG1,584558.8191,564728.9399,580091.4219,512791.3376,643765.7988,468269.7925,466593.2712,677457.4636,481547.9709,560410.5229,123612.968,,,,
TAG(52:4)_FA 16:1,0.324455643,11.61400634,5.44986968,0.019569786,0.162939744,872.8 -> 601.8,TAG1,589543.8843,586367.4639,610059.3872,524862.8748,636680.7122,496079.9924,478781.2939,698218.1929,484339.1143,554795.3767,124780.2292,,,,
TAG(58:0)_FA 20:4,-0.326256842,8.12436589,5.506083395,0.018950437,0.162939744,964.9 -> 643.9,TAG2,39961.50287,41365.6828,44783.90311,39771.80252,43330.98297,77781.54474,47529.04343,49389.36346,71883.00531,57237.18414,11137.50088,,,,
TAG(60:10)_FA 20:4,-0.320060587,8.374218902,5.300085337,0.02132438,0.173771008,972.9 -> 651.9,TAG2,47714.9834,50158.96368,49926.70361,46960.48322,55366.36395,91206.34601,61825.94415,52660.28389,85342.72632,69702.68442,12763.06079,,,,
TAG(54:6)_FA 18:1,0.318187303,9.352340076,5.240183508,0.022070946,0.176107755,896.8 -> 597.8,TAG1,117056.8878,111727.7073,123068.228,100318.1656,143299.7303,116562.188,97131.9057,132533.9293,102666.9269,101406.4476,37363.80275,,,,
TAG(60:4)_FA 16:0,-0.31614451,7.625051392,5.168190042,0.023004172,0.17980812,984.9 -> 711.9,TAG1,27696.60181,26166.48191,24785.18175,27269.90198,27804.34207,59273.90387,33686.12233,30534.14236,40527.14287,29472.2222,18820.56133,,,,
TAG(56:0)_FA 16:0,0.312209594,13.48998613,5.047310476,0.024664194,0.188706544,936.9 -> 663.9,TAG1,908238.842,6856265.931,1126233.008,1714235.788,1034164.113,2835180.513,571544.4026,4598288.821,1158825.317,1647667.768,76772.12541,,,,
TAG(60:3)_FA 20:0,-0.31134001,8.107681722,5.015041612,0.025128025,0.188706544,986.9 -> 657.9,TAG2,43383.48273,41127.54312,42695.72313,38087.32257,44695.76312,68037.64523,55919.14404,45489.44313,71497.70508,59433.80417,9458.520729,,,,
TAG(58:0)_FA 18:0,0.310112721,13.49455795,4.979870216,0.025643907,0.188877237,964.9 -> 663.9,TAG1,874718.6555,6916722.247,1132714.042,1647591.623,1110761.761,2930379.499,576557.9791,4651277.989,1172731.18,1529949.287,76068.10501,,,,
TAG(58:0)_FA 16:1,0.306644233,10.4858286,4.868616615,0.027349417,0.197638236,964.9 -> 693.9,TAG1,238613.6206,227665.7354,305115.0833,322215.1433,287640.4984,213878.8382,235438.377,331878.503,239219.0991,269979.1174,29021.1219,,,,
TAG(58:3)_FA 18:0,-0.296301579,8.440203036,4.543639856,0.033041263,0.227174093,958.9 -> 657.9,TAG1,48497.36322,49967.62335,50041.58368,47302.86359,48867.42334,77627.42523,56066.76389,56552.6839,91839.96539,65445.98462,27749.96183,,,,
TAG(58:6)_FA 16:0,-0.295968674,9.014159801,4.534608418,0.033216055,0.227174093,952.8 -> 679.8,TAG1,74788.58539,78206.646,73357.7251,74042.96527,71007.04553,118551.1084,79626.14581,102122.967,137057.1088,91433.0863,35730.34229,,,,
TAG(60:5)_FA 16:1,-0.296502371,7.671075657,4.547310463,0.032970497,0.227174093,982.9 -> 711.9,TAG1,27102.2619,26699.08202,27374.76181,30534.90222,29324.00223,58905.18372,34387.54285,31758.74225,42323.00299,33913.50241,17949.84134,,,,
TAG(60:3)_FA 18:0,0.293512091,10.34557945,4.461176763,0.034673603,0.23298228,986.9 -> 685.9,TAG1,270605.8582,253017.1157,182024.0726,278746.2609,259497.1739,376396.4684,146615.5903,155256.293,331853.7405,179647.1917,27570.32199,,,,
TAG(56:1)_FA 16:1,0.286844754,12.97872225,4.261763053,0.038979446,0.257398758,934.9 -> 663.9,TAG1,815467.5779,3911806.281,1012060.091,1333234.186,941287.6367,1861173.348,524329.5767,2864156.761,1040076.473,1303276.001,78584.66555,,,,
TAG(60:9)_FA 20:0,-0.282605502,8.415991643,4.134123426,0.042026828,0.272818224,974.9 -> 645.9,TAG2,51096.86359,54105.004,54136.12372,46122.40314,54781.68353,78515.12598,62727.70435,63592.76426,83613.0661,76421.74536,13979.84103,,,,
TAG(52:3)_FA 18:0,0.276968049,9.767017631,3.972761811,0.046241869,0.295177267,874.8 -> 573.8,TAG1,151931.1901,149131.3098,160039.5504,152413.7312,165788.4722,143535.9498,142018.0903,169164.2928,141594.9097,144803.3701,51067.06368,,,,
TAG(60:5)_FA 20:4,-0.272074077,9.269268059,3.833415578,0.050240454,0.315444163,982.9 -> 661.9,TAG2,88650.18634,105546.2878,96275.82654,88451.40625,99116.26685,137899.9885,120118.2289,119599.9688,157565.6096,129127.4495,20928.68147,,,,
TAG(52:5)_FA 16:1,0.270169964,10.75250402,3.780971636,0.05183855,0.320228463,870.8 -> 599.8,TAG1,344051.7025,312430.4421,348168.9062,259232.6184,362975.7867,299563.3196,291644.5195,404338.2087,247515.7182,308745.5825,50146.36338,,,,
TAG(54:8)_FA 18:2,-0.265055194,9.538318596,3.638683662,0.056451551,0.337827248,892.7 -> 595.7,TAG2,106007.6079,110594.9681,129937.9681,101818.6877,125249.9287,155110.0321,158548.7317,177533.3129,153556.4302,146571.4114,28311.92229,,,,
TAG(56:4)_FA 20:0,-0.265690819,9.013527195,3.655630406,0.055880004,0.337827248,928.8 -> 599.8,TAG2,77590.66583,85925.82605,82050.38568,71587.48486,84395.32587,98261.10742,87572.74646,107707.9673,170076.1721,92660.82617,17372.4612,,,,
TAG(58:3)_FA 16:0,0.262524293,10.34724651,3.570141554,0.058827296,0.346628531,958.9 -> 685.9,TAG1,257671.64,253820.0996,181228.7908,262374.5792,272767.8402,387695.3682,147344.5104,166602.6117,311532.2194,185113.6731,32422.42221,,,,
TAG(48:2)_FA 18:1,0.259462662,10.84152306,3.487612283,0.061829704,0.358799645,820.8 -> 521.8,TAG1,320241.0623,332052.8835,331430.6816,307256.8833,328178.5239,286216.1978,270437.7585,388569.509,311538.7021,303871.0435,116155.8883,,,,
TAG(50:3)_FA 18:1,0.258374066,12.57149028,3.458774277,0.062916939,0.359659515,848.8 -> 549.8,TAG1,1044548.139,1130725.925,1122220.661,994029.2266,1121469.118,940939.7803,931678.2217,1311736.758,1013654.02,1013463.634,362208.9865,,,,
TAG(54:5)_FA 18:0,0.256995838,9.274781893,3.42082293,0.064378914,0.362604763,898.8 -> 597.8,TAG1,118999.7278,110586.1682,112390.7482,95988.52625,120031.8677,114193.3675,90176.80627,132671.3093,98875.82678,103650.307,32107.48223,,,,
TAG(54:0)_FA 18:0,0.254568596,12.68405391,3.35778111,0.066888137,0.371277631,908.9 -> 607.896,TAG1,1083169.792,1331019.202,1182963.064,1147087.93,1140558.288,1124333.84,1049588.417,1237657.363,1112658.252,1155996.14,366303.6252,,,,
TAG(58:4)_FA 16:1,0.252308428,10.3528201,3.298038917,0.069362647,0.379512769,956.9 -> 685.9,TAG1,255773.1221,252565.1975,184171.9518,264068.0394,270639.6597,404295.0088,150019.4527,162128.2512,312948.4812,177342.0325,33374.76245,,,,
TAG(52:4)_FA 16:0,0.244483456,10.7745881,3.097018844,0.078435805,0.423111457,872.8 -> 599.8,TAG1,350499.4469,295922.7795,343170.2844,270142.6809,381593.7866,305626.1212,304435.8617,416907.8096,256117.6582,311405.8622,48365.30326,,,,
TAG(54:5)_FA 20:0,0.240959467,8.129184254,3.006352633,0.082938723,0.44118793,898.8 -> 569.8,TAG2,46699.84322,48785.40364,60524.60474,47613.62299,54368.34387,61592.24451,45629.10358,44769.32299,54765.86414,45003.26331,10298.44061,,,,
TAG(58:5)_FA 20:0,-0.238678001,7.967246607,2.949359836,0.085911583,0.450741594,954.8 -> 625.8,TAG2,35797.92255,39680.32288,43092.26288,33480.98233,38392.30298,67202.96484,43032.00345,42515.12302,54307.94397,52484.12415,12846.54097,,,,
TAG(50:4)_FA 18:2,0.236937931,12.94360783,2.909312967,0.088069384,0.45581857,846.8 -> 549.8,TAG2,1330732.176,1510468.925,1683216.547,1252488.626,1646794.293,1272761.188,1298756.095,1678666.011,1505931.323,1473703.041,192816.4519,,,,
TAG(58:0)_FA 18:2,-0.235604181,7.735884758,2.873504489,0.090048593,0.45984815,964.9 -> 667.9,TAG2,32177.26227,35065.14236,31410.58212,30772.10196,34174.54242,57487.98401,37931.58286,39186.8631,44640.08316,43558.74304,9860.080685,,,,
TAG(54:6)_FA 18:0,-0.232317716,9.069555217,2.795837774,0.094509359,0.464065184,896.8 -> 595.8,TAG1,81766.66608,78852.24548,83752.72632,69676.60449,80829.88531,105744.1265,118379.5881,132137.5691,86877.40582,89274.02606,38006.96278,,,,
TAG(58:3)_FA 18:2,-0.232702475,10.11663238,2.805823449,0.09392261,0.464065184,958.9 -> 661.9,TAG2,155397.6516,205797.9746,181092.7129,155389.032,175158.4319,238899.7346,212001.0747,236256.7347,255393.0374,236076.3367,38756.92273,,,,
TAG(58:7)_FA 16:1,-0.233722028,9.020844968,2.829657473,0.092538094,0.464065184,950.8 -> 679.8,TAG1,74811.74487,80368.86566,77594.26599,72554.58508,75512.30505,114315.0685,96616.44666,90249.52661,123421.2908,91640.98615,37150.76255,,,,
TAG(56:8)_FA 20:4,-0.223778212,10.03306187,2.594920593,0.107206812,0.519749483,920.8 -> 599.8,TAG2,144451.8904,174556.7136,192773.2937,142306.7498,175003.8512,191489.2537,192344.3752,266814.8162,265497.0996,195726.9946,35006.00273,,,,
TAG(58:5)_FA 18:2,-0.222229716,8.473773765,2.558008151,0.109736765,0.525364763,954.8 -> 657.8,TAG2,51678.00372,59320.92401,58770.86414,49991.68347,55786.86469,87090.08588,67974.46497,61026.12421,89431.20581,64717.78494,15755.28092,,,,
TAG(54:1)_FA 18:1,0.218018645,13.39483254,2.463690125,0.11650479,0.550880674,906.8 -> 607.8,TAG1,1800437.441,2010810.188,1921162.24,1881088.76,1918563.352,1826153.398,1769925.939,1990170.514,1899933.191,1952702.783,586880.7474,,,,
TAG(56:1)_FA 16:0,-0.212192468,9.876160829,2.333319317,0.126631598,0.591462219,934.9 -> 661.9,TAG1,126816.3892,174184.7307,137247.4099,138892.95,124503.7695,200733.2555,164919.6313,214007.4948,175219.7107,182761.7329,62604.3842,,,,
TAG(56:2)_FA 16:1,-0.209999222,9.864473632,2.285373079,0.130598735,0.602642354,932.9 -> 661.9,TAG1,136609.3098,171188.0125,127935.049,133164.9496,129806.6293,200004.8929,162430.2292,199892.3325,210692.7755,159671.4114,60341.24402,,,,
TAG(52:3)_FA 18:1,0.207520714,12.69159591,2.232308204,0.135151811,0.6162279,874.8 -> 575.8,TAG1,1088257.935,1209220.401,1154397.129,1100653.056,1228300.229,1026127.832,1035118.308,1408662.824,1159081.031,1135852.101,397405.4472,,,,
TAG(56:3)_FA 16:0,-0.20496542,8.532867128,2.176269245,0.140153844,0.631516731,930.8 -> 657.8,TAG1,51955.34369,58805.18423,51739.38379,49691.46344,55214.04413,80302.58563,56605.56348,59888.94415,95882.92712,63472.40417,31788.14238,,,,
TAG(58:9)_FA 20:4,-0.202280007,7.96905107,2.119111614,0.145470904,0.647852978,946.8 -> 625.8,TAG2,34015.64224,36773.18265,46242.22345,34110.24249,44269.16284,68035.88556,43773.70319,43437.26294,54996.30377,49127.92352,11486.18071,,,,
TAG(50:3)_FA 16:1,0.200069459,13.71930778,2.075044415,0.149725581,0.652656881,848.8 -> 577.8,TAG1,2254778.037,2394664.74,2427395.805,2213679.48,2417780.389,2154401.856,2147105.469,2735286.246,2348398.824,2352313.578,838448.8766,,,,
TAG(56:4)_FA 16:1,-0.200023293,8.551514248,2.07268092,0.149957717,0.652656881,928.8 -> 657.8,TAG1,52259.98352,55699.88354,50446.22357,54515.52423,56922.38403,87388.00598,59787.12439,60143.42407,90123.04663,61434.3844,32944.32215,,,,
TAG(60:1)_FA 20:0,-0.196076058,9.590038607,1.992537468,0.158075817,0.680258855,990.9 -> 661.9,TAG2,87696.9468,221145.8777,105955.3279,101794.707,113267.5079,223155.1144,113243.4681,190414.7939,156002.0309,147867.2098,18868.26143,,,,
TAG(60:1)_FA 16:1,0.194365663,8.382370751,1.957039607,0.161830281,0.688677753,990.9 -> 719.9,TAG1,66859.96477,65220.40446,44727.60327,42898.20296,59375.92424,61986.86408,49909.4833,53534.94325,64651.64471,51164.76394,27183.90184,,,,
TAG(48:3)_FA 16:0,0.19330706,9.71683387,1.93673699,0.164023265,0.690339676,818.8 -> 545.8,TAG1,140195.5092,143453.2496,184356.3563,131889.9287,163388.4098,140415.0497,117382.1678,185131.5554,128542.5304,198247.2145,31719.74248,,,,
TAG(60:1)_FA 20:4,-0.190993657,7.457436546,1.888597249,0.169360223,0.705053972,990.9 -> 669.9,TAG2,26080.76196,28295.52214,28341.78186,24949.02161,28132.20218,49679.4039,30682.60223,29266.76198,34607.70247,35077.5824,9162.460682,,,,
TAG(50:3)_FA 18:0,0.184521377,10.29424076,1.764952715,0.184007956,0.757796205,848.8 -> 547.8,TAG1,214956.3147,221977.7957,214782.1344,199029.7346,226337.856,208439.7747,190946.0117,266236.8601,216068.217,211440.8761,82758.64605,,,,
TAG(60:3)_FA 20:4,-0.183356923,8.527951053,1.742007313,0.186884688,0.761455696,986.9 -> 665.9,TAG2,46425.58311,79470.60599,59874.68378,50586.66344,63602.4245,97940.20728,52041.9834,75003.20512,88294.52606,79720.86526,10501.60071,,,,
TAG(50:2)_FA 16:0,0.180340506,13.64438493,1.686230981,0.194098555,0.77684881,850.8 -> 577.8,TAG1,2106769.496,2248054.084,2245238.098,2126007.219,2289206.043,2040163.714,2109899.164,2578141.748,2207921.329,2253781.904,812698.0368,,,,
TAG(52:5)_FA 18:2,0.177907955,10.07062253,1.6407534,0.20022213,0.77684881,870.8 -> 573.8,TAG2,171910.7721,189109.8339,232418.2769,153418.9911,240427.1364,191956.7722,185177.2532,210991.7543,204163.1356,207426.2933,31843.4821,,,,
TAG(58:2)_FA 18:1,-0.17869565,10.12037781,1.655312144,0.198237459,0.77684881,960.9 -> 661.9,TAG2,155563.8319,210867.3943,180498.6924,166033.3722,182605.5326,235784.4163,205373.856,237589.2377,239658.8359,247441.7783,36648.50242,,,,
TAG(58:7)_FA 18:1,-0.177701366,8.977574037,1.636515245,0.200804262,0.77684881,950.8 -> 651.8,TAG2,76055.3855,79460.90619,85335.66687,72606.38489,81549.12531,114278.787,91734.42651,99519.22672,115185.2084,94554.86676,23666.28173,,,,
TAG(60:0)_FA 16:0,0.177727495,8.388974954,1.636545707,0.200800071,0.77684881,992.9 -> 719.9,TAG1,67636.40488,64941.08517,47178.30298,44457.58313,57187.34418,63390.66449,50705.82343,54790.6438,61552.06458,56656.06409,25576.68181,,,,
TAG(48:1)_FA18:0,0.174918455,10.74710152,1.586221733,0.207866774,0.796129746,822.8 -> 521.8,TAG1,285602.9207,306553.8218,297262.1809,264920.1584,311876.543,271072.6982,262825.7788,376282.2673,293135.8823,292601.2583,116301.3881,,,,
TAG(58:8)_FA 18:2,-0.172065666,8.961907799,1.534420005,0.215450291,0.817004569,948.8 -> 651.8,TAG2,73136.34619,85436.10602,81080.86639,70920.76471,85838.96655,121963.5486,95989.52722,92593.70636,111746.2485,91797.34637,20384.62144,,,,
TAG(54:0)_FA 18:1,0.170213516,9.365550785,1.501725156,0.220406109,0.827603332,908.9 -> 609.9,TAG1,105242.2476,113703.3284,110342.3278,109988.5676,111264.5284,123216.5292,104267.3872,111830.2474,114441.1696,110868.6078,51167.30368,,,,
TAG(52:6)_FA 16:0,-0.167439208,9.611614456,1.45329479,0.22800001,0.831657181,868.7 -> 595.7,TAG1,115756.9482,112754.2278,125961.5687,110707.7069,132792.3291,143193.7695,156472.0503,195916.8129,139775.5692,136554.7106,48965.46345,,,,
TAG(56:0)_FA 18:2,-0.168178027,8.732263401,1.465796083,0.22601015,0.831657181,936.9 -> 639.896,TAG2,58159.34387,66813.30511,82805.28717,61210.04465,75168.92529,91935.90625,85637.20581,84453.68646,88547.14651,93171.32727,13627.60103,,,,
TAG(58:2)_FA 20:0,-0.168503987,8.916244291,1.471572257,0.225097791,0.831657181,960.9 -> 631.9,TAG2,73303.10486,81256.66534,80737.90552,69274.10492,82820.44629,102655.108,90702.78625,97562.78668,99456.48633,110592.1685,17591.5613,,,,
TAG(50:2)_FA 18:0,0.165064961,12.18998328,1.412769923,0.234597114,0.847648063,850.8 -> 549.8,TAG1,742225.752,815917.5771,828997.3037,764415.1875,841655.4648,748995.8945,734885.9302,991783.9521,817370.793,809208.9512,302219.7613,,,,
TAG(54:7)_FA 18:2,0.163534223,9.311543655,1.386270164,0.239035991,0.855614808,894.8 -> 597.8,TAG2,112971.6483,109396.4277,132426.5292,81689.48536,144680.8706,126576.4487,101833.9471,131875.8886,115636.2682,120202.2694,18437.10131,,,,
TAG(58:5)_FA 16:1,-0.161832146,8.295033792,1.356962912,0.24406453,0.865525138,954.8 -> 683.8,TAG1,43410.44293,48857.94363,45787.82367,45995.70361,48574.52356,82561.84625,53783.94397,49972.06372,65594.66425,49133.84357,25238.58168,,,,
TAG(60:4)_FA 18:1,0.160262505,10.22073924,1.331620373,0.248517156,0.873230007,984.9 -> 685.896,TAG2,229073.777,231763.1754,177157.5321,214792.5957,264277.2971,394540.9889,139565.77,142922.1299,326247.442,164743.7525,13406.96101,,,,
TAG(56:6)_FA 16:1,0.158627143,8.573509211,1.303934716,0.253495751,0.875862077,924.8 -> 653.8,TAG1,62260.42468,61144.98462,59514.40405,59917.26422,60538.96423,77214.6051,53742.80371,56521.26404,62636.50476,64689.26526,37882.78283,,,,
TAG(60:3)_FA 16:1,-0.158543724,7.917407064,1.302045523,0.253839923,0.875862077,986.9 -> 715.9,TAG1,37435.62283,34321.68231,32947.96234,32552.52216,36797.92273,60701.80359,37651.44278,39781.06281,50667.58435,36525.70226,22963.30151,,,,
TAG(60:0)_FA 18:1,-0.157725712,8.087385712,1.288924977,0.256246158,0.876270345,992.9 -> 693.9,TAG2,38708.64276,46231.88315,45023.56342,39479.04279,47304.26329,63439.32454,48179.78339,52243.2235,61204.60434,53531.42371,11560.2408,,,,
TAG(52:0)_FA 20:0,-0.155766327,11.0090083,1.258080822,0.262014678,0.879218846,880.8 -> 551.8,TAG2,278404.5404,352898.2467,387172.9858,288908.9033,380298.585,478182.697,368315.7854,415946.2664,414461.708,484508.4363,59062.38404,,,,
TAG(60:4)_FA 18:2,-0.155168277,8.359398324,1.247684352,0.263995215,0.879218846,984.9 -> 687.9,TAG2,51557.28387,55119.58386,53899.04364,49460.90338,54176.54388,94117.62677,53947.26373,54512.0842,79922.62561,58507.84442,11973.70079,,,,
TAG(60:4)_FA 20:0,-0.15649533,7.744471457,1.268613109,0.260027021,0.879218846,984.9 -> 655.9,TAG2,29871.94202,36640.00244,37255.20288,32225.76227,36021.10278,54131.52417,39074.4227,38210.46281,44152.82309,45443.16345,8340.500614,,,,
TAG(52:2)_FA 18:0,0.154284752,12.16717467,1.234346824,0.266563347,0.879468814,876.8 -> 575.8,TAG1,741217.1514,814846.2197,801428.2578,741392.332,818924.7783,735111.2292,727875.2275,988755.6172,792893.6367,809931.5986,296840.3187,,,,
TAG(60:12)_FA 18:1,-0.153411065,7.673719652,1.219016581,0.269553735,0.879468814,968.9 -> 669.9,TAG2,27157.52188,34823.34259,33115.84238,29826.9223,34460.12265,54372.20386,35181.88251,32401.8024,42531.34247,40052.26297,11244.14083,,,,
TAG(60:2)_FA 16:0,-0.152953546,7.906503164,1.21188532,0.27095906,0.879468814,988.9 -> 715.9,TAG1,36701.06281,33717.7023,34572.08282,33056.88239,35990.34256,60466.86438,36627.28278,41336.70303,48969.10336,37178.84253,22110.88146,,,,
TAG(48:3)_FA 18:1,0.151955636,8.984899485,1.196845005,0.273953173,0.881714834,818.8 -> 519.8,TAG1,83445.5658,86501.58594,89444.76642,81088.32605,82078.4859,95504.22601,74121.96558,99008.68695,84628.12549,86500.56604,37941.40276,,,,
TAG(48:1)_FA 18:2,-0.144371187,9.735148665,1.080646738,0.298552921,0.952881407,822.8 -> 525.8,TAG2,124527.1093,153317.7914,151978.13,112240.5477,165957.1909,221637.6748,134438.6689,161530.4309,172711.472,211785.5364,19716.60142,,,,
TAG(52:6)_FA 20:0,0.141125512,8.743623691,1.032347701,0.309607897,0.979998551,868.7 -> 539.7,TAG2,98606.20703,110646.7678,49785.06375,40707.00299,94289.94586,82340.24554,101371.3077,77174.98569,57128.90442,87967.9071,9644.200653,,,,
TAG(56:0)_FA 20:0,0.139119758,11.86060236,1.003700153,0.316416833,0.985265422,936.9 -> 607.9,TAG2,545758.2607,839110.9761,737741.7266,575936.6631,701170.6094,755781.957,607842.1411,796379.5181,673176.0093,711988.5259,92726.246,,,,
TAG(60:12)_FA 18:0,-0.139712055,7.863655463,1.011184371,0.314619267,0.985265422,968.9 -> 667.9,TAG1,33777.38229,36233.34277,32102.48215,33534.00241,34385.3624,56966.08441,35099.58221,37058.78235,44593.14334,43459.26321,21342.00157,,,,
TAG(48:0)_FA 16:0,0.065729142,13.73784874,0.22412583,0.635914066,0.999345107,824.8 -> 551.8,TAG1,2142504.82,2382334.084,2346433.289,2126726.461,2262265.111,2242095.463,2299054.994,2830170.527,2551498.328,2457255.951,906740.4431,,,,
TAG(48:0)_FA 16:1,0.087119099,10.11257444,0.393625747,0.530399686,0.999345107,824.8 -> 553.8,TAG1,181324.772,195588.593,178147.5718,171428.5107,182027.1152,199652.3552,171406.8318,219963.0552,197052.7539,199066.1536,79988.56588,,,,
TAG(48:0)_FA 18:0,0.130092055,11.56377293,0.877688639,0.348835525,0.999345107,824.8 -> 523.8,TAG1,501368.7197,540689.3784,534549.4385,474633.9941,517120.2607,497776.8745,479542.2144,665505.0493,545810.3379,515658.998,188790.5133,,,,
TAG(48:0)_FA 18:1,-0.075895045,9.674651678,0.298724589,0.584683096,0.999345107,824.8 -> 525.8,TAG1,127090.4302,152871.6901,123807.0676,124485.5874,139121.5103,198563.374,114175.408,183670.0521,137949.6104,181266.8332,36564.64267,,,,
TAG(48:0)_FA 18:2,-0.00602416,8.4170312,0.001881541,0.965401227,0.999345107,824.8 -> 527.796,TAG2,54769.06396,55436.78397,63574.30444,52372.72333,63592.10486,84010.74579,60729.06421,56089.36382,69327.56488,65463.58508,12813.88095,,,,
TAG(48:1)_FA 16:1,0.057327292,13.76450059,0.170493552,0.679673545,0.999345107,822.8 -> 551.8,TAG1,2191628.498,2427658.15,2320430.809,2162805.051,2328000.18,2341530.342,2313575.242,2863594.902,2583077.771,2546336.09,927480.0617,,,,
TAG(48:1)_FA 18:1,0.117331556,11.72127766,0.714002153,0.398118387,0.999345107,822.8 -> 523.8,TAG1,556464.8188,601623.1821,580953.9219,540153.2583,558056.4985,566506.5576,531526.1982,724338.8926,590327.146,603926.4863,219186.1345,,,,
TAG(48:2)_F A18:0,0.124185098,8.920682063,0.799464461,0.371253535,0.999345107,820.8 -> 519.8,TAG1,80219.54553,80438.68604,81355.38611,75843.3252,81089.16602,95688.22656,70867.04517,93797.34631,83744.2854,79425.52582,37257.44283,,,,
TAG(48:2)_FA 18:2,-0.013414916,12.29563866,0.009336321,0.923024486,0.999345107,820.8 -> 523.8,TAG2,762179.5889,924291.2041,976046.0654,710666.6675,969002.8271,921505.2549,908282.6895,1108058.864,1046144.213,1041209.243,137061.8893,,,,
TAG(48:3)_FA 18:0,-0.020925958,8.088601293,0.02269727,0.880246981,0.999345107,818.8 -> 517.8,TAG1,42373.74304,44227.40305,40508.54285,40404.98322,41172.38293,49526.36353,40605.9827,46572.16339,66255.68475,41737.82275,24001.24165,,,,
TAG(50:0)_FA 16:0,0.061462372,13.07100521,0.195972328,0.657991699,0.999345107,852.8 -> 579.8,TAG1,1371895.118,1509743.486,1423145.064,1374968.27,1446125.064,1523997.534,1444600.343,1682116.271,1606754.18,1609894.475,539857.4401,,,,
TAG(50:0)_FA 16:1,0.043248373,9.822792579,0.097011483,0.755445882,0.999345107,852.8 -> 581.8,TAG1,140477.4297,149894.9709,148148.4106,141020.8103,147788.8298,179119.3127,147603.9103,169256.9316,161708.1721,157014.812,68583.32469,,,,
TAG(50:1)_FA 18:0,0.032228048,13.29158295,0.053885223,0.816435563,0.999345107,852.8 -> 551.8,TAG1,1545200.986,1740167.16,1652756.369,1551080.148,1710415.336,1784683.107,1681847.098,2057831.686,1827276.928,1881848.463,647376.7663,,,,
TAG(50:1)_FA 18:1,0.08677185,10.105616,0.390494037,0.532039829,0.999345107,852.8 -> 553.8,TAG1,183725.2734,195140.0942,181571.3328,161534.9316,181649.4937,200872.1746,174021.1731,211919.895,195708.4143,198396.854,80324.4463,,,,
TAG(50:1)_FA 18:2,0.021076133,8.069176301,0.023025915,0.8793897,0.999345107,852.8 -> 555.8,TAG2,42512.62299,47774.02308,49862.78351,38181.98315,51465.70349,57059.68411,44894.90295,47923.08326,58588.0838,52068.18335,10418.76075,,,,
TAG(50:2)_FA 16:1,0.072960498,13.16573238,0.276146176,0.599238347,0.999345107,850.8 -> 579.8,TAG1,1456734.806,1637444.161,1556668.707,1462264.665,1513929.213,1614381.66,1533331.11,1829167.25,1700126.176,1675228.968,585730.2822,,,,
TAG(50:2)_FA 18:1,0.058883902,13.90941127,0.179877745,0.671478326,0.999345107,850.8 -> 551.8,TAG1,2419617.043,2671409.516,2558566.291,2385535.346,2605006.32,2636326.705,2620439.58,3081717.855,2792593.705,2833227.934,1029334.53,,,,
TAG(50:2)_FA 18:2,-0.004810021,10.35805178,0.001200155,0.972364214,0.999345107,850.8 -> 553.8,TAG2,205104.0547,237372.9763,235136.8374,193332.6536,246466.3979,238841.7964,231241.4167,269463.8556,271528.9775,276622.6599,47583.78296,,,,
TAG(50:3)_FA 18:2,-0.033555037,14.19835724,0.058414645,0.809019435,0.999345107,848.8 -> 551.8,TAG2,2889955.803,3416690.538,3511593.223,2803696.237,3453896.061,3477121.974,3514505.426,4050463.147,3858502.646,3982547.756,526914.9184,,,,
TAG(50:4)_FA 18:0,-0.026609617,9.407591005,0.036723211,0.848029682,0.999345107,846.8 -> 545.8,TAG1,102005.6669,108527.7086,139181.8322,96190.68701,123185.2881,120750.448,91303.88757,168488.9536,114401.0068,174141.7905,27933.22217,,,,
TAG(52:0)_FA 16:0,0.122979303,12.06523905,0.784384769,0.375803467,0.999345107,880.8 -> 607.8,TAG1,672599.6084,810736.2959,723269.1533,708245.8691,732215.1514,793112.3994,711339.6123,781131.0166,808815.5791,762704.4731,254866.058,,,,
TAG(52:0)_FA 16:1,0.032466165,9.387461923,0.054664869,0.815136217,0.999345107,880.8 -> 609.8,TAG1,99774.78625,112043.9673,101244.5282,107276.5076,110505.2284,139037.9701,108356.6873,120405.5676,119906.0287,111884.9083,53978.36429,,,,
TAG(52:0)_FA 18:0,0.118308852,13.57011143,0.725981253,0.39418893,0.999345107,880.8 -> 579.8,TAG1,1987432.438,2134348.734,2109682.184,1939910.182,2056178.215,2069403.878,2093282.869,2326603.949,2120320.442,2231699.223,788117.7762,,,,
TAG(52:0)_FA 18:1,0.120240012,10.34522828,0.749737578,0.386559328,0.999345107,880.8 -> 581.8,TAG1,206182.3945,220870.6765,219165.6567,205996.8542,220837.2168,233616.917,207953.3755,235150.157,229016.3538,232302.7351,98146.40711,,,,
TAG(52:0)_FA 18:2,0.053410126,8.21835715,0.147873314,0.700576037,0.999345107,880.8 -> 583.8,TAG2,46463.30309,52219.08404,54947.82416,44187.76325,52965.90405,65515.72412,50047.00391,51082.50354,58269.42438,53453.86414,15883.76109,,,,
TAG(52:0)_FA 20:4,-0.005371572,7.850499163,0.001495457,0.969152581,0.999345107,880.8 -> 559.8,TAG2,34192.70211,41664.30263,39797.40297,37571.72255,40348.34274,52332.52393,40888.04279,40322.64288,44738.98325,45650.9834,10069.56076,,,,
TAG(52:1)_FA 16:0,0.087752652,12.97543852,0.399449172,0.527373864,0.999345107,878.8 -> 605.8,TAG1,1287213.27,1408634.23,1348781.224,1289309.218,1327452.016,1346181.216,1385749.646,1570624.078,1419588.856,1491706.043,548313.6193,,,,
TAG(52:1)_FA 16:1,0.120379942,12.17072971,0.751589256,0.385973529,0.999345107,878.8 -> 607.8,TAG1,724887.3262,853938.04,786877.2773,759447.8916,786663.79,832653.3379,759355.9326,858480.9033,853028.5654,841457.5601,279329.0617,,,,
TAG(52:1)_FA 18:0,0.082955415,14.27801058,0.356981436,0.550187467,0.999345107,878.8 -> 577.8,TAG1,3143547.622,3389272.912,3356210.863,3146651.322,3333954.75,3343232.074,3328123.779,3978705.15,3529445.012,3616460.516,1377658.163,,,,
TAG(52:1)_FA 18:1,0.103201745,14.12943115,0.552455005,0.457316312,0.999345107,878.8 -> 579.8,TAG1,2866836.336,3169049.998,3029583.824,2809741.492,3063084.703,3035433.569,3039500.678,3351223.67,3263426.354,3307462.418,1202944.222,,,,
TAG(52:1)_FA 18:2,-0.022497898,10.29306514,0.026255418,0.871278106,0.999345107,878.8 -> 581.8,TAG2,188523.2737,224596.5172,219354.155,191055.0737,234788.9756,247878.0364,229236.1368,253607.1372,256208.877,248233.1772,47482.30334,,,,
TAG(52:1)_FA20:0,-0.067709929,9.381766754,0.237755476,0.625831949,0.999345107,878.8 -> 549.8,TAG2,100709.1866,116221.228,115076.9879,96533.30724,120487.7878,124436.3488,123936.5287,145718.0491,137263.1503,129392.6086,28543.82196,,,,
TAG(52:2)_FA 16:0,0.125424496,13.16610949,0.81590158,0.366381179,0.999345107,876.8 -> 603.8,TAG1,1512257.549,1614267.727,1579766.165,1449308.971,1627089.17,1539559.628,1517500.772,1855161.206,1622434.151,1678703.296,575327.4188,,,,
TAG(52:2)_FA 16:1,0.08954509,13.07731111,0.415932407,0.518973704,0.999345107,876.8 -> 605.8,TAG1,1387143.583,1545628.191,1427268.143,1365937.712,1437902.489,1427925.899,1487274.886,1687539.602,1544510.469,1597398.104,583148.8847,,,,
TAG(52:2)_FA 18:1,0.0989317,14.75982816,0.507695604,0.476138117,0.999345107,876.8 -> 577.8,TAG1,4410229.52,4795011.723,4599860.855,4405398.621,4747805.75,4555636.278,4585828.25,5629895.324,4887753.023,5023139.219,1941547.847,,,,
TAG(52:2)_FA 18:2,0.00645851,14.08950307,0.002164112,0.962895781,0.999345107,876.8 -> 579.8,TAG2,2755517.473,3173064.494,3198665.756,2617732.593,3279592.27,3153767.079,3257261.633,3587864.795,3538920.097,3623390.592,547438.5953,,,,
TAG(52:2)_FA 20:0,0.015251578,8.383986208,0.012059803,0.912554401,0.999345107,876.8 -> 547.8,TAG2,52859.20417,60795.06432,62709.86438,48471.28313,59258.36414,68956.005,54622.92371,63127.64426,69067.16483,67894.72491,13628.12088,,,,
TAG(52:2)_FA 20:4,-0.035360492,7.76774047,0.064799359,0.799065134,0.999345107,876.8 -> 555.8,TAG2,34147.64246,37796.88284,40979.60312,30524.16184,37835.02304,50662.98343,42016.78281,39147.76257,42035.46329,39629.14294,9431.440578,,,,
TAG(52:3)_FA 16:1,0.128225489,13.27950006,0.852739667,0.355778453,0.999345107,874.8 -> 603.8,TAG1,1607533.745,1763573.064,1693249.28,1567570.61,1779283.061,1651521.099,1639957.492,2006151.773,1766232.991,1792041.204,634145.5049,,,,
TAG(52:3)_FA 18:2,0.013461269,14.75207035,0.009401302,0.922757913,0.999345107,874.8 -> 577.8,TAG2,4270039.436,5024256.745,5076817.523,4187158.552,5238082.109,4896532.403,5038511.855,5886714.779,5625348.128,5608205.174,898082.2334,,,,
TAG(52:3)_FA 20:0,-0.121959778,8.481089536,0.770981995,0.379913436,0.999345107,874.8 -> 545.8,TAG2,48479.52335,51752.46376,81961.42609,43247.52292,73386.78485,86153.58572,58908.14456,50713.56363,73200.245,104285.1266,8930.240597,,,,
TAG(52:3)_FA 20:4,-0.03445329,9.385295901,0.061562921,0.804042518,0.999345107,874.8 -> 553.8,TAG2,102372.4074,120876.4084,117510.1073,95172.4465,127532.6295,138025.5902,113024.368,134706.5894,132483.2097,145511.8492,24523.50163,,,,
TAG(52:4)_FA 18:0,0.077807959,8.297342029,0.313812331,0.575350155,0.999345107,872.8 -> 571.8,TAG1,51562.92365,51661.92334,55836.04358,48579.16354,49916.82336,68655.48529,50278.58319,55510.46429,56285.64368,51397.98358,22527.74152,,,,
TAG(52:4)_FA 18:2,0.11837223,12.75757865,0.726749636,0.393938791,0.999345107,872.8 -> 575.8,TAG2,1081305.23,1256822.146,1369615.9,1057905.26,1497873.493,1181852.923,1195154.602,1535911.569,1326822.371,1378527.522,181849.4319,,,,
TAG(52:4)_FA 20:0,-0.070468975,7.472080769,0.257273289,0.611999661,0.999345107,872.8 -> 543.8,TAG2,28879.58207,29671.08195,30298.4621,25033.94168,33055.98245,42375.5632,27900.52216,38092.86282,38083.08273,31901.60226,6863.240402,,,,
TAG(52:4)_FA 20:4,-0.065337692,13.03439241,0.221462342,0.637927939,0.999345107,872.8 -> 551.8,TAG2,1235509.847,1520986.277,1542195.27,1236524.689,1579013.799,1657606.875,1545833.314,1783745.681,1728879.042,1829565.623,224817.2168,,,,
TAG(52:5)_FA 18:1,0.121471713,8.427086992,0.764766464,0.381840974,0.999345107,870.8 -> 571.8,TAG1,56536.30414,57102.58411,58704.30377,56576.66412,58913.16412,73307.92603,53759.64374,61573.54419,60523.18427,56915.16406,23341.14165,,,,
TAG(52:5)_FA 20:0,0.059275321,7.478242205,0.18203567,0.669629623,0.999345107,870.8 -> 541.8,TAG2,26842.34172,31778.48226,34610.40225,24859.40198,34608.38239,42970.00288,27723.40219,31005.72211,35778.24258,31401.9223,8255.20063,,,,
TAG(52:5)_FA 20:4,0.07814036,11.81896542,0.316731444,0.57357858,0.999345107,870.8 -> 549.796,TAG2,544664.6191,676699.3694,678011.1719,564589.5605,738606.2183,645624.0273,631313.3604,767093.8377,715208.4092,722241.8154,108011.7272,,,,
TAG(52:6)_FA 18:0,0.068738376,9.174424142,0.245013232,0.620608512,0.999345107,868.7 -> 567.7,TAG1,89967.8064,100416.3871,92035.58691,89771.82678,98413.92651,109485.5677,85719.48602,114899.3094,103893.2672,104338.3071,42313.92284,,,,
TAG(52:6)_FA 18:2,0.024925817,8.566195419,0.032214164,0.857558429,0.999345107,868.7 -> 571.7,TAG2,57021.92396,62189.32436,76707.08557,58370.22412,74333.5257,84783.80634,69925.06519,69829.32488,74212.90503,72614.56494,11992.58087,,,,
TAG(52:6)_FA 20:4,0.065070338,10.35633664,0.219620788,0.639329011,0.999345107,868.7 -> 547.7,TAG2,195414.2337,234647.2949,255069.9771,194890.7333,274615.3987,246053.6387,221594.9348,280962.4185,262593.179,255980.0366,41215.7027,,,,
TAG(54:0)_FA 16:0,-0.014192276,9.840059337,0.010447286,0.918588432,0.999345107,908.9 -> 635.9,TAG1,140269.1305,148831.4905,147356.1497,139410.1501,145375.8906,177786.6722,146185.5692,185764.0519,167898.8716,163610.9309,69656.62497,,,,
TAG(54:0)_FA 16:1,0.020012762,8.784906319,0.020767057,0.885415348,0.999345107,908.9 -> 637.9,TAG1,65882.40479,71977.28479,69245.20526,69243.34521,64696.52441,92160.06604,68282.46429,77215.80548,77111.12549,74372.24567,40109.6231,,,,
TAG(54:0)_FA 18:2,-8.69E-04,8.145698033,3.91E-05,0.995008327,0.999345107,908.9 -> 611.9,TAG2,45266.08313,50162.92346,45002.14301,45450.84338,46237.06323,65240.96423,49980.64331,48498.66357,53701.94385,50760.94397,15969.68105,,,,
TAG(54:0)_FA 20:0,0.059716239,11.40419779,0.184985593,0.667123252,0.999345107,908.9 -> 579.9,TAG2,435391.2317,510951.4138,519569.5508,417648.6899,498434.8726,484920.6338,501884.8174,539594.7388,560454.1672,535107.2075,82887.88548,,,,
TAG(54:0)_FA 20:4,-0.078724343,8.136719145,0.321232556,0.570867864,0.999345107,908.9 -> 587.9,TAG2,43500.78308,47106.12354,48077.38361,42964.30298,50558.36365,62456.08456,47368.74377,53546.74396,65998.64398,53624.80414,10775.72079,,,,
TAG(54:1)_FA 16:0,0.002016057,9.990787084,2.11E-04,0.988415333,0.999345107,906.8 -> 633.8,TAG1,152725.5903,161474.7299,159965.0525,158661.6309,163656.2914,184854.9124,167971.6326,203788.5544,175392.373,185592.693,82943.34571,,,,
TAG(54:1)_FA 16:1,-0.01713124,10.17547285,0.01522307,0.901804765,0.999345107,906.8 -> 635.8,TAG1,170512.853,196455.1743,185916.6328,184265.2117,183313.1321,217483.957,191486.8743,243475.6589,210588.7957,211672.0349,80290.08511,,,,
TAG(54:1)_FA 18:0,0.080879741,14.08525836,0.339342161,0.560209186,0.999345107,906.8 -> 605.8,TAG1,2790239.281,2939322.729,2865904.339,2773330.619,2935221.629,2877771.485,2993508.972,3397373.722,3078708.437,3219075.709,1206751.995,,,,
TAG(54:1)_FA 18:2,0.099220115,9.792694906,0.510527532,0.47491058,0.999345107,906.8 -> 609.8,TAG2,134959.8098,165075.9314,166806.3723,140976.5901,169292.5938,172181.152,158718.4913,163118.0917,167323.2124,171720.3125,35515.32239,,,,
TAG(54:1)_FA 20:0,0.046048517,12.04642843,0.11000445,0.740139069,0.999345107,906.8 -> 577.8,TAG2,688974.9709,787754.6555,772776.7502,656574.5034,780441.4331,739859.7126,765361.3164,920622.2659,840488.8586,835179.7217,137052.9891,,,,
TAG(54:1)_FA 20:4,-0.050545025,7.986641199,0.132418515,0.715937502,0.999345107,906.8 -> 585.8,TAG2,39189.40253,44937.58319,46089.68326,37360.88239,43011.74338,52084.18359,38238.24274,41553.80304,74626.065,45099.70312,10380.38077,,,,
TAG(54:2)_FA 16:0,0.040446932,9.45656865,0.084843764,0.770837542,0.999345107,904.8 -> 631.8,TAG1,107431.5869,113717.0284,115149.9092,110651.1874,110594.8877,132943.1301,113232.7681,131187.6083,122329.5493,126162.9299,57108.80404,,,,
TAG(54:2)_FA 16:1,0.017313093,10.05529472,0.015547598,0.900768968,0.999345107,904.8 -> 633.8,TAG1,164732.9531,177876.9512,168545.9124,159715.4513,166201.912,191974.7327,177960.9939,210010.3154,183340.532,189915.1742,87236.24653,,,,
TAG(54:2)_FA 18:0,0.080927783,14.42936658,0.339746411,0.559975635,0.999345107,904.8 -> 603.8,TAG1,3471721.095,3823809.654,3672829.838,3507763.386,3718510.773,3671366.763,3736017.092,4481237.066,3903326.477,4008302.122,1513936.23,,,,
TAG(54:2)_FA 18:1,0.078258242,14.34913566,0.317704344,0.572990527,0.999345107,904.8 -> 605.8,TAG1,3308470.215,3639465.397,3460635.384,3277918.841,3438374.208,3436881.181,3604884.019,4054657.337,3704055.065,3857336.154,1477419.086,,,,
TAG(54:2)_FA 18:2,0.103225104,13.29369654,0.552699999,0.45721657,0.999345107,904.8 -> 607.8,TAG2,1607127.57,1929678.104,1946101.686,1566385.879,1961245.264,1891448.256,1821441.496,2019676.827,1882258.938,2011731.992,275217.7805,,,,
TAG(54:2)_FA 20:0,-0.021605835,9.960946,0.024213434,0.876343072,0.999345107,904.8 -> 575.8,TAG2,157440.5118,172647.2329,174570.9731,157468.5912,178718.5729,194559.5326,177629.0138,212298.8562,197001.8536,201471.9141,36830.58298,,,,
TAG(54:2)_FA 20:4,-0.109520433,7.818541697,0.621505619,0.430488338,0.999345107,904.8 -> 583.8,TAG2,33588.74243,38943.88268,38268.94281,32450.72241,38786.36288,57138.44391,38794.1828,36718.48245,53928.02411,39989.32269,10296.96084,,,,
TAG(54:3)_FA 16:0,-0.018997636,8.976052725,0.018715324,0.891185752,0.999345107,902.8 -> 629.8,TAG1,76928.36536,81162.32654,79031.20605,77827.28516,78255.38544,112281.947,77549.50543,94267.46729,89897.06616,87388.40619,39736.20266,,,,
TAG(54:3)_FA 16:1,0.030545287,9.5387147,0.048389633,0.825889505,0.999345107,902.8 -> 631.8,TAG1,114460.9884,122840.5295,119847.2883,115814.0081,116474.0485,147411.6509,122880.4286,142012.6901,124243.0693,129641.2689,59708.68415,,,,
TAG(54:3)_FA 18:0,0.135105537,12.22457068,0.946644732,0.330574825,0.999345107,902.8 -> 601.8,TAG1,808885.5366,846378.9619,850968.8027,761455.1816,858975.6934,781819.9321,766476.0537,1127068.031,795393.6128,859857.7207,260160.9184,,,,
TAG(54:3)_FA 18:1,0.099804559,14.65287943,0.516691597,0.472256375,0.999345107,902.8 -> 603.8,TAG1,4053935.081,4492433.173,4294326.066,4120603.307,4372945.436,4240106.695,4367733.035,5163897.496,4482705.182,4653894.226,1796999.307,,,,
TAG(54:3)_FA 18:2,0.006006091,14.27526713,0.001871545,0.965493191,0.999345107,902.8 -> 605.8,TAG2,3153684.612,3693622.599,3582874.935,3031610.939,3592239.762,3505642.242,3735307.433,4275867.066,3904782.467,4068136.796,639112.5445,,,,
TAG(54:3)_FA 20:0,0.053919032,8.366615386,0.150719253,0.69784896,0.999345107,902.8 -> 573.8,TAG2,54423.38422,56739.98407,57393.24402,52157.34399,64226.80505,69423.50476,57744.26428,65853.88495,65534.3645,57770.36407,12788.08088,,,,
TAG(54:3)_FA 20:4,0.016440145,9.57989446,0.014018318,0.905751536,0.999345107,902.8 -> 581.8,TAG2,117622.8683,144411.1692,136877.3094,112465.5481,142153.4501,154526.1299,135449.049,142043.8696,154199.2109,155927.672,29870.44209,,,,
TAG(54:4)_FA 16:1,-0.035935692,9.001443959,0.066964701,0.79580855,0.999345107,900.8 -> 629.8,TAG1,78820.90564,83726.52649,76431.56531,80861.62573,78014.50549,116325.5081,81102.86578,95941.08722,90053.92621,89134.62616,40228.50316,,,,
TAG(54:4)_FA 18:0,0.088654155,10.99390262,0.407662269,0.523158436,0.999345107,900.8 -> 599.8,TAG1,368015.6833,339664.582,363219.7673,305043.4619,392589.9683,305875.2629,337867.5222,528722.5376,387446.925,355012.1057,86901.10603,,,,
TAG(54:4)_FA 18:1,0.128436582,12.43642438,0.855532378,0.354991951,0.999345107,900.8 -> 601.8,TAG1,925829.748,960738.8018,972430.1641,901467.1445,997826.2695,917100.96,895915.3208,1286558.249,934221.3379,984483.9854,306730.0219,,,,
TAG(54:4)_FA 18:2,-0.001585607,14.5787307,1.30E-04,0.990887716,0.999345107,900.8 -> 603.8,TAG2,3838237.535,4509086.998,4448748.857,3713489.308,4477228.586,4404991.808,4535698.945,5411684.775,4784389.516,4983301.138,795104.0987,,,,
TAG(54:4)_FA 20:0,0.012204253,7.859887653,0.007719682,0.92998658,0.999345107,900.8 -> 571.8,TAG2,35085.12254,44041.323,41277.52277,34455.90234,42946.80295,57553.80368,41573.88309,38023.48248,43305.203,45256.80353,9246.180691,,,,
TAG(54:4)_FA 20:4,0.037861251,13.26960991,0.074368433,0.785079404,0.999345107,900.8 -> 579.8,TAG2,1551273.671,1852692.867,1827911.257,1550997.451,1833334.151,1789676.962,1839182.017,2074311.381,1926857.769,2003442.313,299978.8988,,,,
TAG(54:5)_FA 16:0,-0.061134214,8.540061621,0.193753315,0.659810954,0.999345107,898.8 -> 625.8,TAG1,54792.60437,56522.24396,57157.98437,53698.78387,54027.38379,102020.1473,51417.94354,59391.28412,59791.62408,62528.86487,36386.00288,,,,
TAG(54:5)_FA 18:1,0.134444782,11.11105213,0.937357724,0.332958295,0.999345107,898.8 -> 599.8,TAG1,391056.4094,374666.7463,414240.8879,338810.2024,425337.2524,365133.6868,371324.8481,557331.6978,357346.9277,388072.989,96941.78606,,,,
TAG(54:5)_FA 18:2,0.015386371,12.35573546,0.012282099,0.911755413,0.999345107,898.8 -> 601.8,TAG2,837006.8799,923117.9312,999867.9307,779267.7556,1029130.137,932299.9482,911288.0405,1238615.923,1031395.108,1080468.332,140757.6091,,,,
TAG(54:5)_FA 20:4,0.017445914,14.01021927,0.015790653,0.900000383,0.999345107,898.8 -> 577.8,TAG2,2526828.097,3058425.71,2971293.502,2569306.122,3123626.021,2931775.469,3071291.815,3490356.03,3277380.481,3382007.097,534656.8009,,,,
TAG(54:6)_FA 16:0,0.032652989,8.994208707,0.055289086,0.814102935,0.999345107,896.8 -> 623.8,TAG1,79749.38525,88435.44592,75903.64557,80582.10547,77956.60547,105035.4878,78908.64569,91236.40649,99848.88757,80303.1059,42000.68258,,,,
TAG(54:6)_FA 16:1,-0.111970106,8.558491185,0.649850528,0.420166125,0.999345107,896.8 -> 625.8,TAG1,52244.22351,57091.30408,55475.56403,54395.1438,57400.24408,101530.8478,52245.1236,61490.30377,65678.58453,66388.40454,35667.2825,,,,
TAG(54:6)_FA 18:2,0.016618058,11.03877545,0.014326233,0.904726947,0.999345107,896.8 -> 599.8,TAG2,331465.7262,359935.5472,423697.0308,293005.841,440455.6702,376341.0061,393261.3076,527597.1401,380008.0881,417046.0303,49018.9637,,,,
TAG(54:6)_FA 20:0,-0.004524003,8.044622029,0.001060904,0.974016279,0.999345107,896.8 -> 567.8,TAG2,38345.60276,48470.32334,47223.64325,38983.32265,49991.06323,57278.96411,44033.76331,45917.40334,55911.96399,54193.9234,10909.0008,,,,
TAG(54:6)_FA 20:4,-0.005371826,11.74999482,0.001497047,0.9691362,0.999345107,896.8 -> 575.8,TAG2,512085.796,625146.4442,634782.6016,508785.9191,673869.8496,614166.7822,622333.9236,767206.7318,693677.6436,704327.3149,111554.6273,,,,
TAG(54:7)_FA 16:0,-0.03536567,10.52235664,0.064878174,0.798945592,0.999345107,894.8 -> 621.8,TAG1,218445.2758,240829.4583,228401.0354,215107.056,236097.3984,295365.8423,239202.3768,285683.0222,266203.7585,260209.1201,119203.7488,,,,
TAG(54:7)_FA 16:1,1.14E-04,9.033384341,6.74E-07,0.999345107,0.999345107,894.8 -> 623.8,TAG1,76021.60529,90925.5658,79388.70593,81330.60608,80434.10596,101554.2473,79512.64612,95950.50708,98851.3866,95514.14685,44140.14318,,,,
TAG(54:7)_FA 18:0,0.096272296,10.88134225,0.480712785,0.488099631,0.999345107,894.8 -> 593.8,TAG1,300197.7388,331944.3821,307946.8416,296746.4805,318811.5024,328203.8848,304092.9006,362732.3257,344504.2463,337307.5437,134701.9291,,,,
TAG(54:7)_FA 18:1,-0.113530249,9.180867067,0.668258189,0.413659542,0.999345107,894.8 -> 595.8,TAG1,84618.34576,91781.18701,95832.66681,83197.14551,91803.62671,113981.8888,111299.7283,132539.548,103854.2075,94832.367,40071.18271,,,,
TAG(54:7)_FA 20:0,-0.022314666,9.738280991,0.025827196,0.872323058,0.999345107,894.8 -> 565.8,TAG2,132054.0686,152724.8513,155055.3503,124257.4881,155126.8711,170779.9919,152867.1304,177491.7522,165605.8315,172814.9326,33337.40235,,,,
TAG(54:7)_FA 20:4,0.065260676,9.048401395,0.220847846,0.63839466,0.999345107,894.8 -> 573.8,TAG2,78590.22546,90699.38622,103638.9063,81027.34578,105430.3679,98676.1676,94563.2674,103639.1664,104120.3669,102872.3276,20865.00135,,,,
TAG(54:8)_FA 16:0,0.074973251,12.80383747,0.291588,0.589204695,0.999345107,892.7 -> 619.7,TAG1,1119766.866,1222318.26,1157286.021,1077001.771,1150031.782,1209454.411,1188971.945,1289670.593,1263695.786,1304354.565,594875.3204,,,,
TAG(54:8)_FA 16:1,0.007106808,10.74071388,0.002620025,0.959177167,0.999345107,892.7 -> 621.7,TAG1,258498.5386,285086.2209,268244.9583,264690.7983,272853.1792,341188.1035,270481.4978,329996.5024,304791.1824,304684.043,134845.1095,,,,
TAG(54:8)_FA 18:0,0.072686323,12.33498562,0.274068779,0.600615368,0.999345107,892.7 -> 591.696,TAG1,826019.999,889404.6411,834467.0015,797992.5125,838371.7202,888105.2617,875799.9541,970728.8052,900019.3994,948123.5093,394651.0885,,,,
TAG(54:8)_FA 18:1,0.082417169,11.73370206,0.352343015,0.552789793,0.999345107,892.7 -> 593.7,TAG1,528884.2168,602105.9819,566225.7627,528878.4773,566081.9133,566840.2417,565301.7378,664825.3867,611673.4634,625748.3459,246256.2177,,,,
TAG(54:8)_FA 20:0,-0.085106671,9.492394313,0.375614616,0.539959615,0.999345107,892.7 -> 563.7,TAG2,108378.6878,125007.9285,126012.3496,102984.9076,131032.1688,144781.6302,125794.2892,150396.8705,157980.7325,145067.5706,27981.02174,,,,
TAG(54:8)_FA 20:4,-0.010334768,8.006734186,0.005536339,0.940686873,0.999345107,892.7 -> 571.7,TAG2,39254.76286,42060.06327,51726.1843,38573.96274,46271.74304,60469.68414,46835.6434,49052.44337,51118.14355,45241.52304,9666.540596,,,,
TAG(56:0)_FA 16:1,0.105175678,9.493345372,0.573604279,0.448830216,0.999345107,936.9 -> 665.9,TAG1,94001.04675,232319.9375,95925.80743,109470.468,95902.7666,182998.6919,80631.40601,178751.4519,108600.1675,123932.2694,34314.86252,,,,
TAG(56:0)_FA 18:0,0.037568798,9.965846105,0.073207339,0.786722889,0.999345107,936.9 -> 635.9,TAG1,161081.2916,172151.7734,158011.6519,154014.1525,163519.1711,181974.0327,160988.9717,198270.7947,179716.5321,188162.2147,70969.24504,,,,
TAG(56:0)_FA 18:1,-7.56E-04,8.947473374,2.97E-05,0.995654247,0.999345107,936.9 -> 637.896,TAG2,72840.30536,78531.16547,99323.26758,75337.30511,88840.00629,94657.88684,92594.0462,96525.12701,95382.68701,97480.50641,21714.38153,,,,
TAG(56:0)_FA 20:4,-0.079359914,8.380144965,0.326478651,0.56773998,0.999345107,936.9 -> 615.9,TAG2,47584.0036,57043.18454,55671.58386,48738.36365,61763.96445,74422.50525,59026.54425,64749.88422,67450.68506,63640.96472,15863.22114,,,,
TAG(56:1)_FA 18:0,0.087383423,10.06164892,0.39601378,0.529155121,0.999345107,934.9 -> 633.9,TAG1,176831.8334,183464.1129,172768.1519,165326.2112,174055.6923,193082.4932,177127.6715,201116.5747,184882.0327,190487.7523,79983.14544,,,,
TAG(56:1)_FA 18:1,-0.045581042,9.994301362,0.107763235,0.742705173,0.999345107,934.9 -> 635.9,TAG2,151401.4115,184875.8736,185367.0719,147505.4513,181220.3538,208463.7751,180861.8715,208412.9543,207590.2744,203420.7534,41116.92332,,,,
TAG(56:1)_FA 18:2,0.013195134,8.949108638,0.009028994,0.924298131,0.999345107,934.9 -> 637.896,TAG2,71724.08502,80754.9458,102018.1482,74909.32513,92182.68652,101129.9879,89008.16693,91467.56641,97286.12701,101029.186,19176.76145,,,,
TAG(56:1)_FA 20:0,0.010958624,12.31605834,0.006230351,0.937086256,0.999345107,934.9 -> 605.896,TAG2,812191.9864,948449.3679,914479.6694,791079.2581,914766.175,941059.7251,936924.6848,1061118.047,1003211.139,1052893.22,171530.7128,,,,
TAG(56:1)_FA 20:4,-0.066659576,7.945201921,0.23029511,0.631305095,0.999345107,934.9 -> 613.9,TAG2,38470.58264,39336.80286,43409.08325,35922.90247,44433.42319,62212.56454,42317.40289,49084.30341,45897.82324,44350.96298,11291.72088,,,,
TAG(56:2)_FA 16:0,-0.010227704,8.626276869,0.005423605,0.941292761,0.999345107,932.9 -> 659.9,TAG1,60989.72424,60241.46429,60458.70428,59834.56384,59072.90393,81833.26526,61522.44489,70508.60486,72790.1449,63737.90448,37016.22243,,,,
TAG(56:2)_FA 18:0,0.035152748,9.596787561,0.064089628,0.800145121,0.999345107,932.9 -> 631.9,TAG1,122775.3888,127748.1478,130726.8091,116098.3081,126464.5701,140904.8511,128822.1896,149791.1301,137012.1702,144968.8489,56407.78334,,,,
TAG(56:2)_FA 18:1,-0.030485264,10.12774973,0.048205995,0.826214909,0.999345107,932.9 -> 633.9,TAG2,170514.7925,198002.7944,198712.0323,168660.1721,201925.7366,223411.7952,201787.1342,230657.5958,222151.2766,223432.8773,44363.42322,,,,
TAG(56:2)_FA 18:2,-0.110217745,9.99391845,0.629967176,0.427367354,0.999345107,932.9 -> 635.9,TAG2,150941.0513,185487.7717,179368.1738,146650.0901,172755.4502,204905.7152,186904.6136,213709.0966,212970.1357,217460.3569,37810.36261,,,,
TAG(56:2)_FA 20:0,0.024447361,12.06660285,0.031006766,0.860225295,0.999345107,932.9 -> 603.9,TAG2,658431.9436,834098.3022,773279.7495,652326.1505,789799.6936,790320.3418,779625.752,905015.1384,847822.3184,861043.0498,143980.91,,,,
TAG(56:2)_FA 20:4,0.00233563,7.841632599,2.83E-04,0.986584547,0.999345107,932.9 -> 611.9,TAG2,35512.62192,39216.82288,43801.56305,34296.92258,37761.12286,53511.50381,39442.40289,39431.7226,42800.64294,44218.62286,11611.70081,,,,
TAG(56:3)_FA 16:1,0.040677221,8.787148563,0.085793493,0.769594565,0.999345107,930.8 -> 659.8,TAG1,68895.52502,72300.58508,70773.90515,66936.42407,66961.26508,87862.38611,68200.92456,83457.58594,76432.16528,72766.9054,39052.60252,,,,
TAG(56:3)_FA 18:0,0.040103458,9.127790662,0.083401387,0.772739802,0.999345107,930.8 -> 629.8,TAG1,89355.98596,92631.76599,88637.04639,87824.30664,87830.50623,105043.2063,87289.12573,107548.6879,100588.2865,101144.0873,43763.963,,,,
TAG(56:3)_FA 18:1,-0.019422164,10.07629327,0.019566737,0.888753892,0.999345107,930.8 -> 631.796,TAG2,162874.5531,198948.2946,189585.2729,164432.9325,198097.9141,213345.2344,194719.2356,233844.4364,209817.6357,213088.5752,39383.76318,,,,
TAG(56:3)_FA 18:2,-0.047307572,10.52474786,0.116089543,0.733315016,0.999345107,930.8 -> 633.8,TAG2,231926.8154,260479.3785,259105.3384,219954.7134,253609.2598,281785.0994,260037.0192,324664.9636,287891.5398,302594.6423,59618.10468,,,,
TAG(56:3)_FA 20:0,-0.056118245,10.34190722,0.163351605,0.686089336,0.999345107,930.8 -> 601.8,TAG2,194990.0128,237559.7979,225057.9163,197278.4135,233733.8149,246580.0168,232935.8574,297603.1218,268339.1563,255860.5566,44455.5633,,,,
TAG(56:3)_FA 20:4,0.068606608,9.278603163,0.244088543,0.621268624,0.999345107,930.8 -> 609.8,TAG2,94002.52679,115246.228,114366.3086,95321.06641,122723.5687,123864.0691,112479.9891,118066.4889,115683.1881,122765.8289,23092.70166,,,,
TAG(56:4)_FA 16:0,0.061494178,8.655813341,0.196053886,0.657925069,0.999345107,928.8 -> 655.8,TAG1,62809.66486,60163.28418,66444.4646,64135.26422,62135.74432,87557.48645,58322.284,64778.96436,71288.20477,68859.58459,36911.28289,,,,
TAG(56:4)_FA 18:0,0.059864126,8.48868518,0.185784367,0.666448661,0.999345107,928.8 -> 627.8,TAG1,56024.36377,62263.56439,56061.64392,53630.7038,54691.56384,68714.64594,54302.18359,60210.92438,63251.30423,66631.32495,32154.7421,,,,
TAG(56:4)_FA 18:1,-0.064176853,9.184950608,0.213581521,0.643974611,0.999345107,928.8 -> 629.8,TAG2,88371.66504,98039.66687,105158.3275,87421.20581,99586.3064,117518.9874,108977.5685,118574.8277,112593.2278,117726.5881,25256.40165,,,,
TAG(56:4)_FA 18:2,-0.004166049,10.1013278,9.00E-04,0.976063383,0.999345107,928.8 -> 631.8,TAG2,169998.9714,202793.4728,190093.0935,160206.4519,200386.6941,209037.6742,191642.1947,230972.7552,213659.4941,219100.5559,47876.10356,,,,
TAG(56:4)_FA 20:4,0.132364821,12.7384393,0.908656311,0.340471191,0.999345107,928.8 -> 607.8,TAG2,1052497.137,1430993.288,1312979.793,1066279.4,1350152.617,1280285.412,1198184.227,1391088.922,1286997.51,1344145.604,178854.7123,,,,
TAG(56:5)_FA 16:0,0.114353204,8.556065131,0.677795292,0.410346943,0.999345107,926.8 -> 653.8,TAG1,58205.24377,59313.68469,59141.88342,58967.90436,59430.84375,81318.26556,51803.14374,58703.72412,62421.02417,61820.42426,37712.30294,,,,
TAG(56:5)_FA 16:1,-0.013161483,8.702016757,0.008981575,0.924496586,0.999345107,926.8 -> 655.8,TAG1,60178.84479,64100.46448,63710.86401,63206.16418,61847.3645,87545.06641,64948.46423,72411.08508,68058.70435,72436.58514,41472.78284,,,,
TAG(56:5)_FA 18:0,-0.054093204,8.246779285,0.151671994,0.696942634,0.999345107,926.8 -> 625.8,TAG1,41269.88287,48642.02319,45167.20313,48033.96326,44458.12323,70052.52414,47559.96344,51235.84363,53752.6842,50966.18402,28556.14173,,,,
TAG(56:5)_FA 18:1,-0.081719654,8.701161584,0.346228508,0.556255884,0.999345107,926.8 -> 627.796,TAG2,61397.70422,71083.46472,70135.36487,61339.22382,71438.34467,87812.88635,75449.74524,79647.78558,84742.50635,80772.52594,21379.52154,,,,
TAG(56:5)_FA 18:2,0.005281541,9.16942812,0.00144665,0.969659899,0.999345107,926.8 -> 629.8,TAG2,88131.74652,108351.7476,101399.2874,88497.68585,101711.8474,121161.8092,97503.08667,111214.5077,114628.0873,115516.7684,23262.42172,,,,
TAG(56:5)_FA 20:0,-0.045446094,8.067623578,0.107055189,0.743521996,0.999345107,926.8 -> 597.8,TAG2,42090.00281,48152.76349,44921.48315,37204.08267,48794.94336,61962.72406,46494.30353,51292.82312,54174.96417,48926.48334,12469.10078,,,,
TAG(56:5)_FA 20:4,0.021253751,13.61322216,0.023435843,0.878329117,0.999345107,926.8 -> 605.8,TAG2,1986813.968,2351170.922,2282408.72,1917658.708,2289501.561,2303248.903,2310523.25,2652776.132,2427223.405,2556416.801,410108.4902,,,,
TAG(56:6)_FA 16:0,-0.003671073,9.351736634,6.99E-04,0.978908495,0.999345107,924.8 -> 651.8,TAG1,97453.10693,101175.0665,103563.8674,101982.5074,103197.3074,160196.0103,98260.00659,111813.308,120146.6083,99571.68726,55226.02361,,,,
TAG(56:6)_FA 18:0,0.052132232,8.836579354,0.140916698,0.707371386,0.999345107,924.8 -> 623.8,TAG1,68818.70422,75040.82532,70752.02502,71118.3446,71633.56506,89018.34637,69060.40479,77007.94519,90029.34686,73231.26508,41721.5231,,,,
TAG(56:6)_FA 18:1,-0.081043834,8.210836382,0.340443771,0.559573181,0.999345107,924.8 -> 625.8,TAG2,43311.18311,49704.02344,50416.40387,43374.68286,49881.94336,75161.52496,51168.80316,52230.24341,56679.40405,53747.5238,16667.60117,,,,
TAG(56:6)_FA 18:2,-0.073880389,8.763059424,0.28300328,0.594739483,0.999345107,924.8 -> 627.8,TAG2,65340.20483,74541.7655,75610.3656,64482.18445,74129.42542,92427.96655,81868.06537,85929.08618,85688.44531,82758.46558,20206.64147,,,,
TAG(56:6)_FA 20:0,-0.088049489,8.170411061,0.40183215,0.526144572,0.999345107,924.8 -> 595.8,TAG2,43212.36304,46612.38312,51515.42395,42148.18311,50396.90405,57930.24402,54432.74402,59163.54388,60093.04443,54165.46381,13222.02103,,,,
TAG(56:6)_FA 20:4,-0.014948431,14.00142069,0.011593229,0.914255992,0.999345107,924.8 -> 603.8,TAG2,2524293.364,3059698.657,2974705.407,2467659.606,3001952.106,3002190.149,3001880.008,3683924.029,3285926.576,3300672.151,518109.1377,,,,
TAG(56:7)_FA 16:1,-0.041660192,9.366143936,0.090007769,0.76416728,0.999345107,922.8 -> 651.8,TAG1,101894.6671,99508.32678,103609.5472,103019.2476,99822.14697,163074.0119,94934.18689,115322.6488,127527.9878,106671.2068,53959.58401,,,,
TAG(56:7)_FA 18:0,0.027473315,10.33663965,0.039151771,0.843148291,0.999345107,922.8 -> 621.8,TAG1,194033.1536,225442.6572,206745.6743,201125.594,201133.494,242092.4976,213620.8539,244420.2551,231819.3353,231298.6965,101143.1266,,,,
TAG(56:7)_FA 18:1,-0.047687798,8.780627668,0.11791744,0.731304262,0.999345107,922.8 -> 623.8,TAG2,67495.72467,77622.14508,73901.10504,68807.46484,73018.50513,91617.78613,78866.24542,89062.74634,89115.34631,81131.40527,20825.62167,,,,
TAG(56:7)_FA 18:2,-0.087718926,8.220744104,0.398831303,0.527693438,0.999345107,922.8 -> 625.8,TAG2,45815.763,52174.04327,50152.38342,41889.74298,50917.56329,70730.14545,50357.22382,53139.80426,62265.12427,58787.74365,14661.38105,,,,
TAG(56:7)_FA 20:0,0.012970794,9.710672485,0.008726316,0.925574072,0.999345107,922.8 -> 593.8,TAG2,132177.849,154343.4506,147853.6503,131545.3682,151905.3718,158248.0925,147848.6705,167444.3527,167077.7927,177590.2124,29800.3222,,,,
TAG(56:7)_FA 20:4,-0.078658611,11.56774071,0.320942046,0.571042059,0.999345107,922.8 -> 601.8,TAG2,451888.0305,543107.9785,543692.2222,448821.0535,548841.1855,546625.8604,552168.2822,761341.1333,612213.8667,604768.6768,97610.28643,,,,
TAG(56:8)_FA 16:0,0.070400326,13.00373689,0.257107286,0.612114489,0.999345107,920.8 -> 647.8,TAG1,1292527.868,1438122.357,1363789.375,1260570.729,1354166.889,1435822.252,1434232.036,1527979.873,1433850.652,1515948.482,591576.3632,,,,
TAG(56:8)_FA 18:0,0.068252858,12.15586424,0.241656374,0.623012346,0.999345107,920.8 -> 619.8,TAG1,728111.1318,773380.3978,733210.2117,693555.3716,733267.1348,763288.8979,779228.1765,831954.3794,831672.2954,812287.2117,368462.0865,,,,
TAG(56:8)_FA 18:1,-0.028249825,10.4361604,0.041397288,0.838772979,0.999345107,920.8 -> 621.8,TAG2,217828.1541,253470.8976,239278.8582,208563.8339,248392.5186,276359.6199,243738.9156,286034.0811,280641.9805,283270.1023,51237.38357,,,,
TAG(56:8)_FA 18:2,-0.022907154,8.827035999,0.027210028,0.868979697,0.999345107,920.8 -> 623.8,TAG2,67683.02448,81043.68542,81726.5061,69069.12439,77097.40588,91363.80664,79608.68567,90077.7265,93692.94653,85570.08606,21368.80157,,,,
TAG(56:8)_FA 20:0,0.011295954,10.01188408,0.006618614,0.935159742,0.999345107,920.8 -> 591.8,TAG2,170493.4712,192601.5728,178544.3527,158116.9108,184228.7131,204741.1357,181909.7128,208712.2737,200852.7742,213376.8748,36589.72269,,,,
TAG(58:0)_FA 16:0,0.020127827,9.424346136,0.021011276,0.884748244,0.999345107,964.9 -> 691.9,TAG1,117105.3483,126615.9091,100877.5466,96871.94641,109833.8281,140033.1703,114154.4479,131910.6287,117682.9086,123297.629,49757.12356,,,,
TAG(58:0)_FA 18:1,-0.04097925,9.351274714,0.087092938,0.767905934,0.999345107,964.9 -> 665.9,TAG2,71247.70477,223341.235,92686.20642,87032.72681,92353.26706,195663.553,76626.50513,172206.453,115991.2086,111675.3875,15558.74109,,,,
TAG(58:0)_FA 20:0,-0.091433579,9.193628441,0.433495488,0.510278731,0.999345107,964.9 -> 635.9,TAG2,85940.10626,104354.3678,105154.3878,84882.62555,102693.3273,122897.6687,106019.0478,112550.588,119502.8682,130539.7496,21628.24158,,,,
TAG(58:1)_FA 16:0,-0.038920587,9.213275747,0.078555498,0.779264583,0.999345107,962.9 -> 689.9,TAG1,91050.58679,94939.16724,88295.14563,91218.52594,86269.54614,117488.2278,95482.8866,120165.5696,99768.78723,103943.7676,52343.56371,,,,
TAG(58:1)_FA 16:1,0.053429532,9.493322774,0.148050037,0.700405821,0.999345107,962.9 -> 691.9,TAG1,121890.4885,132740.4491,110374.308,104551.4867,119050.4088,140363.7482,121538.8082,144357.9698,119501.4685,127887.3885,49838.14352,,,,
TAG(58:1)_FA 18:0,-0.082622935,10.21321741,0.35405639,0.551825839,0.999345107,962.9 -> 661.9,TAG1,165899.3918,242435.0376,176974.6326,173476.7322,176367.3129,239193.7969,197436.7328,277816.8589,209678.7151,216408.0543,76168.98492,,,,
TAG(58:1)_FA 18:1,0.028961079,13.0815138,0.043514366,0.83475975,0.999345107,962.9 -> 663.9,TAG2,635385.9062,4109018.887,1075495.463,1117743.357,1083849.903,2857533.297,596459.7439,2839679.085,1219381.824,1553057.717,38868.04263,,,,
TAG(58:1)_FA 18:2,-0.07329774,9.307207609,0.278610952,0.597613097,0.999345107,962.9 -> 665.9,TAG2,67568.4845,211756.2137,90575.04633,78731.34564,91722.22681,186544.5123,73833.48508,164906.7503,108189.5673,121210.8892,17481.80118,,,,
TAG(58:1)_FA 20:0,-0.041790576,9.213130048,0.090570867,0.763452667,0.999345107,962.9 -> 633.9,TAG2,92066.74524,102536.1071,102669.1075,90332.22665,106391.2078,114811.5881,107783.067,120863.3884,119143.168,122289.668,24312.74175,,,,
TAG(58:10)_FA 16:1,0.004742446,9.131416854,0.00116634,0.972756164,0.999345107,944.8 -> 673.8,TAG1,83461.08643,88068.10681,85814.14594,87553.28662,89758.44629,120605.908,91964.30621,93638.24658,95004.26727,99431.1073,48855.06355,,,,
TAG(58:10)_FA 18:0,-0.104205473,8.449157961,0.562843198,0.453116938,0.999345107,944.8 -> 643.8,TAG1,54295.56409,53249.9834,50730.94354,50515.32379,53688.12372,83527.38605,54798.40399,57565.48395,68701.58496,62325.36438,29132.96215,,,,
TAG(58:10)_FA 18:1,-0.021121688,9.764688611,0.023139536,0.879094775,0.999345107,944.8 -> 645.8,TAG2,136285.5504,149995.2703,150316.7715,134412.59,150549.8699,171919.512,150350.6107,171657.772,170684.8725,178944.9529,40561.40276,,,,
TAG(58:10)_FA 18:2,0.036270845,12.64596162,0.068251061,0.793900462,0.999345107,944.8 -> 647.8,TAG2,1022953.279,1197495.733,1146853.917,994744.2554,1188247.913,1169622.729,1184847.878,1288224.169,1259401.825,1311903.78,219505.9364,,,,
TAG(58:10)_FA 20:0,-0.036515788,8.442328568,0.069131002,0.792606267,0.999345107,944.8 -> 615.8,TAG2,52651.80402,58966.06436,61132.84424,54151.68372,62188.24402,73108.2652,61378.32452,69483.86542,70285.64465,67328.50476,14864.72104,,,,
TAG(58:10)_FA 20:4,-0.07752165,8.322652422,0.31151967,0.576749149,0.999345107,944.8 -> 623.8,TAG2,47894.98346,52611.84381,54917.50372,46986.00342,55784.88379,67287.86469,56630.38434,60256.46436,69671.6051,59860.7843,16529.62128,,,,
TAG(58:2)_FA 16:0,0.047183006,8.514743233,0.115417708,0.734058498,0.999345107,960.9 -> 687.9,TAG1,58723.70459,60912.4043,57395.02429,56924.02414,59614.76447,89114.56647,52993.92377,60170.2243,66879.50452,60450.08423,27974.78205,,,,
TAG(58:2)_FA 16:1,-0.06480742,9.250567149,0.21779575,0.640724603,0.999345107,960.9 -> 689.9,TAG1,90806.34583,93467.50659,95538.88647,88906.6864,93012.50635,114449.8069,100006.7077,120077.9684,114671.4088,108105.3883,52520.50337,,,,
TAG(58:2)_FA 18:0,-0.041099804,8.794341389,0.087585746,0.767269113,0.999345107,960.9 -> 659.9,TAG1,67020.88477,67824.36469,68673.98486,69143.20502,67442.88446,90766.20642,72695.10504,82661.00592,80621.68561,77898.42542,37498.54298,,,,
TAG(58:2)_FA 18:2,0.017051245,13.00775736,0.015084104,0.902251727,0.999345107,960.9 -> 663.9,TAG2,680329.4968,3813538.158,1080674.885,972747.2377,1041783.815,2569821.623,601160.1157,2744571.98,1233666.582,1486704.677,38653.64305,,,,
TAG(58:3)_FA 16:1,0.041533435,8.539696615,0.089434693,0.76489706,0.999345107,958.9 -> 687.9,TAG1,60552.12476,60606.16443,56459.00391,60342.60406,59658.1441,92024.56683,56120.54376,62137.54382,68022.52429,57444.26416,28534.68209,,,,
TAG(58:3)_FA 18:1,-0.033135848,8.726487097,0.05693283,0.811411101,0.999345107,958.9 -> 659.896,TAG2,68885.76532,68964.08484,71980.44482,67641.3645,74120.58484,95002.56689,74434.32489,82764.04578,86189.66681,77164.3252,18238.76111,,,,
TAG(58:3)_FA 20:0,-0.081142534,8.242693616,0.341286039,0.559087835,0.999345107,958.9 -> 629.9,TAG2,45576.38312,52574.62363,50054.66339,46212.50354,53385.40393,71180.74493,51970.90375,59156.88434,60520.38458,59700.06409,12952.60104,,,,
TAG(58:3)_FA 20:4,-0.053705596,8.737825487,0.149552565,0.69896331,0.999345107,958.9 -> 637.9,TAG2,59474.34406,64041.80475,84095.20575,66397.88455,81347.14557,83777.94604,75662.98468,80997.86569,91654.90674,92040.14606,16621.24123,,,,
TAG(58:4)_FA 16:0,-0.057386293,8.155800114,0.17069385,0.679495896,0.999345107,956.9 -> 683.9,TAG1,40120.46252,45930.26282,42523.86285,46318.22311,43263.64319,71857.20502,42006.60297,49890.12357,53552.50366,46310.72363,23499.18179,,,,
TAG(58:4)_FA 18:0,-0.054425435,8.369150366,0.153551511,0.695164251,0.999345107,956.9 -> 655.9,TAG1,50873.32336,50120.72321,49664.08344,46674.60297,50356.16357,78799.98547,51835.60358,55164.24414,55065.48364,56984.54407,31129.36205,,,,
TAG(58:4)_FA 18:2,-0.07169221,8.708408011,0.266484063,0.605700104,0.999345107,956.9 -> 659.9,TAG2,64067.22449,73567.80533,68796.04474,64419.7644,71065.12524,92166.36682,76831.34552,77162.3255,85198.0058,82570.22656,18775.86124,,,,
TAG(58:4)_FA 20:4,-0.103418308,9.264561933,0.554569759,0.456456481,0.999345107,956.9 -> 635.9,TAG2,92667.82654,105831.3273,107384.7877,89962.98657,109428.9274,127702.1697,108997.7679,123271.0286,129609.8286,135126.4681,22387.48166,,,,
TAG(58:5)_FA 16:0,-0.018997888,8.080119491,0.018707139,0.891209401,0.999345107,954.8 -> 681.8,TAG1,40663.68262,41730.50281,42332.12323,42021.44275,38518.383,56201.74393,41711.08301,46178.22345,49588.52338,47126.02319,25298.86189,,,,
TAG(58:5)_FA 18:0,-0.057836623,8.416378676,0.173402564,0.677105377,0.999345107,954.8 -> 653.8,TAG1,49660.26355,50792.30341,49495.08353,48621.76318,50853.98346,75888.84528,51679.82361,53463.28369,62467.62424,57034.06458,36397.54238,,,,
TAG(58:5)_FA 18:1,-0.056229539,8.579492177,0.163926213,0.685567174,0.999345107,954.8 -> 655.8,TAG2,62525.08417,61755.62454,66692.28503,55506.54431,65336.52417,88228.58636,65355.78485,69438.24542,78262.66583,73009.30536,18877.36123,,,,
TAG(58:5)_FA 20:4,-0.058345288,9.718048238,0.176555666,0.67435011,0.999345107,954.8 -> 633.8,TAG2,130344.649,147815.0507,151314.0117,125833.729,148700.6915,171577.6719,153151.4508,166982.1927,177154.7336,174299.8719,29914.84224,,,,
TAG(58:6)_FA 16:1,-0.011664692,8.119529454,0.007052809,0.933071535,0.999345107,952.8 -> 681.8,TAG1,41057.64307,41878.60309,44764.44299,44059.16275,42621.48303,61050.4444,44061.44354,45798.10333,49132.58398,50101.62354,24100.86172,,,,
TAG(58:6)_FA 18:0,-0.12273418,9.028636754,0.780923453,0.376858864,0.999345107,952.8 -> 651.8,TAG1,80431.08557,83155.88562,80156.70557,75698.42554,73829.92566,110009.228,89288.48633,90652.54675,104951.5872,99631.78699,41012.1832,,,,
TAG(58:6)_FA 18:1,-4.03E-04,8.328693964,8.42E-06,0.997684777,0.999345107,952.8 -> 653.8,TAG2,52379.64389,52004.34344,58527.24402,48994.04324,57568.32404,72625.06549,50777.58374,56025.88388,65682.54498,66393.98462,14362.44094,,,,
TAG(58:6)_FA 18:2,0.029644426,8.58382878,0.045564438,0.830969526,0.999345107,952.8 -> 655.8,TAG2,59147.8443,68829.36517,66592.70422,59486.0838,67538.3045,83960.90564,64055.24506,67958.9245,73729.04517,73522.52551,19571.22146,,,,
TAG(58:6)_FA 20:0,-0.083753848,8.300772442,0.363611729,0.546507184,0.999345107,952.8 -> 623.8,TAG2,47716.60327,55307.46396,53248.74353,46253.1037,53361.88409,64334.76459,55953.90387,60639.20441,71244.16486,59924.04462,14839.52103,,,,
TAG(58:6)_FA 20:4,-0.130655187,9.441287054,0.885070757,0.346816591,0.999345107,952.8 -> 631.8,TAG2,100826.2866,123371.9274,120903.2288,104394.0068,114843.6688,143017.4301,129425.0503,142680.4291,141140.97,154285.6321,26032.34183,,,,
TAG(58:7)_FA 16:0,0.029449954,10.99884164,0.044991543,0.83201958,0.999345107,950.8 -> 677.8,TAG1,331005.8831,359873.7432,343225.0659,313216.7002,338817.7844,377039.8064,343591.0653,429209.7124,368229.1638,385879.4695,122252.208,,,,
TAG(58:7)_FA 18:2,-0.01541588,8.312029102,0.012320542,0.911617984,0.999345107,950.8 -> 653.8,TAG2,53274.20355,54063.36407,56113.8241,46949.04358,55700.28394,67380.72455,54420.04395,55001.5238,62062.84424,71163.52472,13495.68092,,,,
TAG(58:7)_FA 20:0,-0.061550136,9.099528329,0.196452773,0.65759943,0.999345107,950.8 -> 621.8,TAG2,80677.78534,99993.367,99969.24731,77976.42535,96298.58752,112046.528,100392.5072,110807.8673,114623.5681,107257.1671,22113.02151,,,,
TAG(58:7)_FA 20:4,-0.032092669,8.606254347,0.053402187,0.817245557,0.999345107,950.8 -> 629.8,TAG2,58464.68451,67604.44482,69870.14539,57974.64404,71962.58459,84922.48657,67206.50446,77419.14557,76359.42462,77776.12592,15936.20113,,,,
TAG(58:8)_FA 16:0,0.077392061,13.46896002,0.310708332,0.57724585,0.999345107,948.8 -> 675.8,TAG1,1844834.242,2066493.544,1940881.883,1837357.556,1929936.287,2040442.105,2010159.81,2184718.03,2088678.265,2166741.653,595916.5204,,,,
TAG(58:8)_FA 16:1,0.020560558,11.00055285,0.02192984,0.882273896,0.999345107,948.8 -> 677.8,TAG1,321492.583,369613.4265,332464.3418,320999.5021,342669.6018,365583.6443,359162.4641,411938.9092,379211.9866,398234.5881,119719.3281,,,,
TAG(58:8)_FA 18:0,0.062472009,12.61827397,0.202460867,0.652741794,0.999345107,948.8 -> 647.8,TAG1,1009609.868,1095645.076,1023459.565,984879.3501,1015765.725,1122728.044,1102360.449,1161975.505,1112868.722,1154193.924,445472.2717,,,,
TAG(58:8)_FA 20:0,-0.042494371,9.850081029,0.093660454,0.759574225,0.999345107,948.8 -> 619.796,TAG2,131542.9485,159832.8915,167705.1726,138887.3903,170037.2332,176984.0515,169764.3737,183399.1941,199002.0747,178854.4319,38594.20297,,,,
TAG(58:9)_FA 16:0,0.006644506,9.140222665,0.002289532,0.961836542,0.999345107,946.8 -> 673.8,TAG1,84898.10571,92045.72577,89287.14661,82021.12585,89354.76599,119301.8484,92093.32678,100721.608,95142.22662,95444.26605,49575.58336,,,,
TAG(58:9)_FA 16:1,0.092657653,13.44608043,0.445348492,0.504552199,0.999345107,946.8 -> 675.8,TAG1,1846208.193,2009541.609,1949851.06,1828014.915,1914844.773,2001055.142,1987405.383,2140939.718,2034662.923,2140617.73,564366.3627,,,,
TAG(58:9)_FA 18:0,0.037373089,9.822701898,0.072444144,0.787810793,0.999345107,946.8 -> 645.8,TAG1,132695.2489,152402.6108,140399.2096,142801.9305,143870.4703,165953.9119,146669.3304,160988.8324,156215.9502,170318.1923,77640.34547,,,,
TAG(58:9)_FA 18:1,0.03620568,12.62518391,0.068006011,0.79426246,0.999345107,946.8 -> 647.8,TAG2,1027822.571,1160604.461,1129549.392,983241.691,1166250.491,1156984.683,1137705.501,1283148.49,1255847.724,1294403.652,216974.494,,,,
TAG(58:9)_FA 20:0,-0.068542285,9.149253558,0.24362047,0.621603363,0.999345107,946.8 -> 617.8,TAG2,87278.18665,93689.5459,102976.7283,78538.30554,101672.2676,118096.0886,96585.46667,117754.3079,110445.0684,117483.6897,26396.84201,,,,
TAG(60:0)_FA 16:1,-0.024625946,7.904218227,0.031429302,0.859286015,0.999345107,992.9 -> 721.9,TAG1,37580.70303,38842.34259,34928.30222,37954.86258,35323.42239,57037.58374,36189.20265,39146.32257,46490.46326,39114.42255,20122.38153,,,,
TAG(60:0)_FA 18:0,0.090430009,9.344996084,0.424040716,0.514927661,0.999345107,992.9 -> 691.9,TAG1,118331.3482,118915.4493,97700.64726,96437.386,103467.7876,117230.1083,107953.1681,117769.7872,115504.2478,120797.9879,46323.12348,,,,
TAG(60:0)_FA 18:2,-0.005733281,7.413987049,0.001703006,0.967082652,0.999345107,992.9 -> 695.9,TAG2,27481.2821,28343.96191,30083.7222,26491.6218,29726.66208,43424.42303,28331.72205,27583.48214,35265.40245,30422.30203,7954.440575,,,,
TAG(60:0)_FA 20:0,0.077471797,14.4102941,0.311352422,0.576851468,0.999345107,992.9 -> 663.9,TAG2,777702.9136,13978507.39,1471269.115,2838864.134,1670688.905,9449173.024,674220.5095,8210769.694,1785794.043,2629767.925,22974.00155,,,,
TAG(60:1)_FA 16:0,0.02050974,8.280607974,0.021805891,0.882604647,0.999345107,990.9 -> 717.9,TAG1,48867.64349,49924.04382,47620.84329,45358.08315,48939.96359,65468.84499,47120.58308,55250.56378,54526.10391,52129.864,28255.78188,,,,
TAG(60:1)_FA 18:0,-0.02851165,9.444300029,0.042159744,0.837315571,0.999345107,990.9 -> 689.9,TAG1,106384.6276,112807.3876,107328.428,100046.0878,110235.7476,127820.0289,117158.8083,135284.2499,124887.689,125662.8293,59031.64449,,,,
TAG(60:1)_FA 18:1,-0.037366052,9.190748306,0.072408213,0.787862163,0.999345107,990.9 -> 691.9,TAG2,99304.3662,112915.3884,96587.22665,80230.08579,101588.1276,114186.8284,101654.5074,113564.5076,126933.4288,122626.5292,21947.76176,,,,
TAG(60:1)_FA 18:2,-0.100753964,8.124236685,0.526122668,0.468241547,0.999345107,990.9 -> 693.9,TAG2,43859.22305,45618.18359,47943.32335,39343.94304,51266.70341,69209.16483,52036.20392,52293.1438,57026.22412,51164.10324,11086.82079,,,,
TAG(60:10)_FA 16:0,-0.095910046,7.667165269,0.476544701,0.489991608,0.999345107,972.9 -> 699.9,TAG1,30581.82217,28715.862,32281.40213,27637.66174,29793.60208,50230.00366,30248.04236,33720.1424,34500.22244,35975.64276,19861.12148,,,,
TAG(60:10)_FA 16:1,-0.119519257,9.010346347,0.740558706,0.389481963,0.999345107,972.9 -> 701.9,TAG1,79681.32538,80355.88519,74246.8454,77013.74561,81250.78467,119864.7683,86346.3457,82913.34595,113775.5693,90451.36633,37788.56229,,,,
TAG(60:10)_FA 18:1,-0.053307995,8.850116821,0.147351917,0.701078915,0.999345107,972.9 -> 673.9,TAG2,71706.82477,81681.76562,80238.28577,67897.6254,78725.52509,105455.8071,82465.14606,82147.10538,97260.0271,87160.36639,20556.8415,,,,
TAG(60:10)_FA 18:2,-0.002929199,12.85257835,4.45E-04,0.983167033,0.999345107,972.9 -> 675.9,TAG2,1192380.546,1381373.861,1317808.965,1144944.023,1326667.456,1377796.474,1347878.117,1513580.583,1531437.314,1557566.49,222166.577,,,,
TAG(60:11)_FA 16:0,-0.015530759,7.670148941,0.01249785,0.910986918,0.999345107,970.9 -> 697.9,TAG1,32555.86249,30554.72214,28867.24203,29018.36218,30860.66193,51791.0235,28680.3822,28806.08221,36557.52261,32540.56207,20981.86125,,,,
TAG(60:11)_FA 16:1,-0.070487498,7.691465042,0.25742772,0.611892879,0.999345107,970.9 -> 699.9,TAG1,28630.98203,34211.78262,28551.38193,32355.56219,31766.32233,50840.00378,32629.26239,34957.72247,35751.26245,34993.10242,18402.34107,,,,
TAG(60:11)_FA 18:0,0.020853147,7.754427834,0.022533745,0.880675905,0.999345107,970.9 -> 669.9,TAG1,34727.40265,34380.82233,31933.5621,31401.00198,33630.76224,49521.72354,31969.6825,34239.28247,38533.40268,35410.34259,20291.32145,,,,
TAG(60:11)_FA 18:2,-0.04077437,8.843034438,0.086209739,0.76905215,0.999345107,970.9 -> 673.9,TAG2,71330.18542,79822.36591,78368.60596,70751.00494,82158.20557,104364.0072,80828.70557,83887.46558,96059.22589,88399.00598,18700.8415,,,,
TAG(60:12)_FA 16:0,-0.109577753,7.796539329,0.62210089,0.430267652,0.999345107,968.9 -> 695.9,TAG1,33691.02243,35165.98242,33867.40265,34114.06244,30534.56198,66020.84433,34067.84229,33916.30209,37275.02234,38860.98242,17930.08133,,,,
TAG(60:12)_FA 16:1,-0.050127023,7.721211662,0.130193695,0.718231294,0.999345107,968.9 -> 697.9,TAG1,32893.60233,29750.98224,31696.0824,28675.12195,31644.82239,53347.70343,32462.30209,32763.28226,35418.90247,31706.8623,22325.48154,,,,
TAG(60:12)_FA 20:4,-0.078329534,9.995546166,0.318213356,0.572683336,0.999345107,968.9 -> 647.9,TAG2,159640.1323,179717.1133,175865.2524,154298.2503,175083.8718,223452.8367,188367.6151,199444.555,206421.4351,209196.0562,37702.3224,,,,
TAG(60:2)_FA 16:1,-0.003472798,8.272827173,6.25E-04,0.980051846,0.999345107,988.9 -> 717.9,TAG1,51196.48346,47346.30359,46322.04306,46549.72351,46961.08344,63820.12451,44499.16327,56475.10437,57642.36456,54716.30389,27166.12191,,,,
TAG(60:2)_FA 18:0,0.071797401,8.533621397,0.267235501,0.605192279,0.999345107,988.9 -> 687.9,TAG1,61153.50421,63488.86432,54323.98364,59739.32416,57992.06427,86995.86627,53159.66391,60074.78406,70003.62537,57519.98438,30229.84195,,,,
TAG(60:2)_FA 18:1,-0.124000653,9.272929985,0.797201569,0.371931374,0.999345107,988.9 -> 689.896,TAG2,90889.94742,110676.3873,109198.4274,87209.78662,103017.7279,129182.8494,115584.9883,123343.6888,131167.609,127960.2489,25192.3619,,,,
TAG(60:2)_FA 18:2,-0.024200638,9.218271811,0.030373666,0.861645083,0.999345107,988.9 -> 691.9,TAG2,99183.42694,115807.3878,94713.58667,84677.98608,107231.2875,119915.4682,104113.4074,118376.5875,119766.268,124585.1892,22862.74163,,,,
TAG(60:2)_FA 20:0,-0.048148673,8.138808721,0.120171643,0.728848403,0.999345107,988.9 -> 659.896,TAG2,45719.02362,49652.34393,46244.30334,42468.16301,49364.52325,59430.4447,47992.64343,48538.26348,66952.18463,55356.52368,11867.72068,,,,
TAG(60:3)_FA 16:0,-0.104510556,7.643138672,0.565809518,0.451928924,0.999345107,986.9 -> 713.9,TAG1,29229.76205,30439.2421,26625.84174,29063.58203,30414.22211,49886.86359,28355.16196,33649.6825,37471.22287,32691.30231,19695.08141,,,,
TAG(60:3)_FA 18:1,-0.062452439,8.39260623,0.202198458,0.652952136,0.999345107,986.9 -> 687.9,TAG2,54072.12421,56364.92395,52659.66388,53370.96443,60257.72443,88652.18665,57700.66431,52135.94347,76662.46588,59212.04407,14071.281,,,,
TAG(60:3)_FA 18:2,-0.083916983,9.299762816,0.365170569,0.545648563,0.999345107,986.9 -> 689.9,TAG2,97352.50708,108166.1881,111699.6669,91554.98697,108975.5679,134375.7885,115698.6682,122740.7893,131324.2695,127241.4287,25332.82178,,,,
TAG(60:4)_FA 16:1,-0.080012707,7.643531979,0.331673618,0.564675259,0.999345107,984.9 -> 713.9,TAG1,29782.86206,31055.84219,27999.8219,27611.48184,31554.62222,55335.76428,30824.70218,31248.66228,33634.64252,30412.30246,19209.1813,,,,
TAG(60:4)_FA 18:0,-0.042914428,8.064127392,0.095453427,0.757355468,0.999345107,984.9 -> 683.9,TAG1,40458.82245,43333.22253,38311.20282,40985.58298,41253.76279,58214.22443,44118.1431,42798.36273,53814.94366,44390.64337,23053.88171,,,,
TAG(60:4)_FA 20:4,0.018879958,11.91804164,0.018492497,0.891831461,0.999345107,984.9 -> 663.9,TAG2,416234.5461,1144968.984,660778.3698,635324.2603,671297.3885,1103328.212,403222.8062,915188.6623,819399.3877,788363.7339,18283.8613,,,,
TAG(60:5)_FA 16:0,-0.095342247,7.744507774,0.470967886,0.492542232,0.999345107,982.9 -> 709.9,TAG1,33630.88226,32055.54205,32986.22238,31304.92236,31695.1225,54410.78394,34623.22237,34913.78247,39870.86249,36440.00269,17760.2813,,,,
TAG(60:5)_FA 18:0,-0.094328467,7.961915945,0.461080425,0.497119468,0.999345107,982.9 -> 681.9,TAG1,36126.10236,36555.00281,36986.2225,37274.46265,39412.30304,57555.92456,36481.82245,38440.94244,52008.68378,46123.02301,21896.14149,,,,
TAG(60:5)_FA 18:1,-0.121825644,7.952717663,0.769046874,0.380512071,0.999345107,982.9 -> 683.9,TAG2,37850.68253,44291.62299,41803.2226,36355.66245,40687.36295,63822.64417,43111.40302,42301.46268,56475.18411,46767.54343,9757.000736,,,,
TAG(60:5)_FA 18:2,0.104913466,10.23183726,0.570830173,0.449929216,0.999345107,982.9 -> 685.9,TAG2,218289.8382,214579.3365,204366.5532,213194.1158,252427.7385,399453.488,144904.4493,139069.891,335855.4072,178235.6118,15160.10101,,,,
TAG(60:5)_FA 20:0,-0.033325193,7.82749507,0.057557347,0.810399158,0.999345107,982.9 -> 653.9,TAG2,33425.48227,39525.78271,41969.76294,34331.20239,39795.06268,51940.20352,36317.8028,35599.58234,49162.08344,50093.64417,9801.740807,,,,
TAG(60:6)_FA 16:0,-0.015377263,8.451106619,0.012259314,0.91183697,0.999345107,980.9 -> 707.9,TAG1,53281.16382,55211.78406,58567.14368,56099.00403,54530.50391,100695.4275,50360.14334,56688.604,61544.74371,57301.54382,24803.6418,,,,
TAG(60:6)_FA 16:1,-0.026291516,7.785708619,0.035821662,0.849884252,0.999345107,980.9 -> 709.9,TAG1,33612.00223,34413.30252,34783.76266,35071.32236,34163.34235,56783.16397,32333.26236,36766.20276,38899.18243,38777.68246,17206.74129,,,,
TAG(60:6)_FA 18:1,-0.080268888,7.828233562,0.33388952,0.563377724,0.999345107,980.9 -> 681.9,TAG2,35264.36275,36310.42264,38864.90256,34556.4024,40736.58276,57476.98407,38494.06293,38205.00293,49154.60345,43621.42319,9793.980682,,,,
TAG(60:6)_FA 18:2,-0.136942643,7.910038039,0.971624923,0.324275262,0.999345107,980.9 -> 683.9,TAG2,36209.2428,40068.46289,37643.14264,36339.20233,40319.46283,62994.44473,39469.42285,39762.76277,51915.24338,48377.60327,11757.62088,,,,
TAG(60:6)_FA 20:4,-0.074381168,8.081314782,0.286759062,0.592304924,0.999345107,980.9 -> 659.9,TAG2,44084.62294,47444.28305,44957.58319,39400.80275,46957.52356,60039.44412,46971.44312,48998.88324,57327.44394,57173.1044,11053.6608,,,,
TAG(60:7)_FA 16:0,0.033629968,9.5529778,0.058657044,0.808631267,0.999345107,978.9 -> 705.9,TAG1,123035.9103,138124.2493,120457.1884,106624.9879,123304.3481,142182.4901,125108.4685,137592.0897,134498.5498,148332.4114,50799.52366,,,,
TAG(60:7)_FA 16:1,8.12E-04,8.476284685,3.42E-05,0.995334744,0.999345107,978.9 -> 707.9,TAG1,54002.38367,57807.88373,57889.92413,54553.64386,58840.28418,99075.24695,52821.26355,58887.70392,59388.22369,58299.10406,26213.64169,,,,
TAG(60:7)_FA 18:0,0.039447965,10.47366455,0.080720037,0.776324001,0.999345107,978.9 -> 677.9,TAG1,236456.0564,244365.1785,237467.0164,221716.915,226535.7167,252172.6753,242524.4587,275251.8625,272365.4988,265887.6594,90128.06714,,,,
TAG(60:7)_FA 18:2,-0.080846047,7.867601486,0.338717412,0.560570493,0.999345107,978.9 -> 681.9,TAG2,35378.88245,40452.42316,40059.0627,35501.00223,39799.04272,56163.0639,43031.44281,36347.7425,50580.92392,46847.3035,9902.140759,,,,
TAG(60:8)_FA 16:0,0.028999938,11.65166433,0.04362908,0.834545234,0.999345107,976.9 -> 703.9,TAG1,506804.1768,586720.3646,559453.3976,523334.615,562058.2963,578701.9214,598593.6255,644175.2048,604802.219,658269.891,134647.6493,,,,
TAG(60:8)_FA 16:1,0.07777552,9.539932232,0.313696036,0.575420957,0.999345107,976.9 -> 705.9,TAG1,117760.2096,133489.4103,117081.2075,115609.6077,130190.1891,145392.6514,119707.1878,135518.7499,135859.8695,134490.0898,50737.18356,,,,
TAG(60:8)_FA 18:0,0.051137784,12.88995288,0.135665232,0.712628964,0.999345107,976.9 -> 675.9,TAG1,1265512.36,1333629.759,1279795.322,1196252.924,1280527.307,1348786.813,1352346.359,1484509.349,1434306.198,1440524.653,414921.8472,,,,
TAG(60:8)_FA 18:1,-0.080739466,10.37829459,0.33811128,0.560921461,0.999345107,976.9 -> 677.9,TAG2,206802.3557,236378.0165,231569.2164,198902.4728,233801.2744,269807.1995,249943.2157,268102.7998,280954.6392,277701.1589,44636.84328,,,,
TAG(60:8)_FA 20:0,-0.05357689,9.839748284,0.148881009,0.699607008,0.999345107,976.9 -> 647.9,TAG2,144832.7296,162283.7713,158800.7511,135832.6097,163470.912,203175.7341,171013.6733,176150.8328,178811.1919,184688.9534,33874.96239,,,,
TAG(60:8)_FA 20:4,-0.068404515,7.778211654,0.242476817,0.622422922,0.999345107,976.9 -> 655.9,TAG2,33257.78223,36011.16241,41446.38312,30608.42209,36485.78247,47933.04352,37631.74246,40429.36275,46452.00351,42276.74301,11285.32074,,,,
TAG(60:9)_FA 16:0,-0.097737912,9.031352237,0.495282873,0.481580152,0.999345107,974.9 -> 701.9,TAG1,78581.40588,83538.02618,79001.04572,80141.04578,78361.80566,124673.2092,87045.62598,87185.44592,113701.8877,82359.92596,39614.60263,,,,
TAG(60:9)_FA 16:1,0.049282683,11.63466438,0.125995902,0.722620296,0.999345107,974.9 -> 703.9,TAG1,498146.3807,566584.0638,561859.717,535623.6785,561157.957,563994.4189,578706.5837,621393.2612,610397.9364,652524.2117,133271.589,,,,
TAG(60:9)_FA 18:0,-0.010126872,8.974447981,0.005318002,0.941866092,0.999345107,974.9 -> 673.9,TAG1,77171.52515,80761.4458,77900.62598,78869.76526,75522.52539,99385.54712,83496.20563,91082.80652,93902.76654,86096.48633,42055.24312,,,,
TAG(60:9)_FA 18:1,-0.007524405,12.83692136,0.002937322,0.956778157,0.999345107,974.9 -> 675.896,TAG2,1150849.878,1358014.635,1321271.43,1128292.646,1329138.117,1341900.66,1364249.588,1515989.102,1509334.428,1525658.417,219413.2556,,,,
TAG(60:9)_FA 18:2,-0.024884826,10.37358402,0.032122404,0.857759275,0.999345107,974.9 -> 677.9,TAG2,206690.1748,238957.8976,232056.234,204557.6944,239733.6998,251992.958,242044.5382,268771.161,259851.4368,289496.2229,47027.40363,,,,
TAG(60:9)_FA 20:4,-0.089657072,7.837024897,0.416545549,0.5186658,0.999345107,974.9 -> 653.9,TAG2,36958.76251,37189.44272,37385.84259,34435.80252,38876.28284,53458.78387,40078.68262,37101.44258,46654.60355,49818.88364,10718.64074,,,,
